bootstrap_iter,effectiveness/results__ingredients,effectiveness/results__packaging,effectiveness/results__price/value,effectiveness/results__service/shipping,effectiveness/results__smell/fragrance,effectiveness/results__texture/consistency,ingredients__packaging,ingredients__price/value,ingredients__service/shipping,ingredients__smell/fragrance,ingredients__texture/consistency,packaging__price/value,packaging__service/shipping,packaging__smell/fragrance,packaging__texture/consistency,price/value__service/shipping,price/value__smell/fragrance,price/value__texture/consistency,service/shipping__smell/fragrance,service/shipping__texture/consistency,smell/fragrance__texture/consistency
0,0.05042723238532556,0.01903875205052984,0.00949663187137054,0.0036671482605915994,0.005878660446377411,0.016678588997527832,0.07901453664878302,0.014670850347563243,0.032526686663483934,0.056032943521803893,0.03099337904442713,0.06773113029888761,0.05436050695548222,0.022736324316890516,0.020583762059921712,0.03661267044541859,-0.017637270517381006,0.003742792210861722,-0.0,0.0,0.0285687049955004
1,0.05049071716994178,0.019657222632570977,0.011637638386343959,0.004318589904358968,0.007854933391833206,0.017777724977890156,0.07939202571215868,0.014860814641649619,0.030848834461423252,0.05383569718008805,0.028650989138873473,0.06190694534282642,0.055222487753279745,0.022928241458858845,0.020741297025745734,0.03774542446568355,-0.016311234033902625,0.0035893180639429423,-0.0,0.0,0.026082574070947974
2,0.05130139898227392,0.018491974564530854,0.008745531791922731,0.004683686718934627,0.004899700130187501,0.01644835817564726,0.07944797729598203,0.01723029914987125,0.03081042265249608,0.05425188683948347,0.030113624529309664,0.06717113593099167,0.05231417108809237,0.023669398465703432,0.022876108539546296,0.035608995671662313,-0.016436441191212306,0.0034611612600037606,-0.0,-0.0,0.02740031393434823
3,0.05345047442749926,0.018488669640358776,0.008659024896487845,0.0032828855205557827,0.003717644489972788,0.01809954033373423,0.07595844365935744,0.014348204325900608,0.03184367463734105,0.05188259824679394,0.03175204589831795,0.06144196283651172,0.05377276347110764,0.02483697324215623,0.02065660200748923,0.03932417764400441,-0.0168385201901345,0.0032189706979908364,-0.00117298936377094,0.0,0.029697351159772064
4,0.04975804733043165,0.014828132187101647,0.005643018223023557,0.0009108174158070309,0.004155589282231018,0.018843200348125127,0.07807172476821492,0.013248637797357604,0.03090431705201994,0.052399094547286675,0.02902499894519957,0.06126648971260643,0.05414399420596877,0.022235318708108444,0.02033540522831427,0.03823790650198582,-0.01597525621834828,0.0,-0.0,0.0,0.02363435269672514
5,0.05168787511115233,0.019930904834386302,0.008373596346912702,0.003555809992601619,0.005354485654174804,0.019513978233186915,0.07804599547007843,0.01608287221365415,0.030422260218399888,0.05123959460084974,0.03178733228584221,0.06789035562129776,0.05302933580876141,0.023452625298146422,0.02125559109546057,0.036734587261538575,-0.01652894034311978,0.0016003168599949289,-0.0015172769239198138,0.0,0.02707063683832349
6,0.051415137511915066,0.01657435279828121,0.010865056924290581,0.003660030743913921,0.0029603030230267655,0.013849343203127033,0.07888459940991016,0.014676489344431347,0.03273728379290938,0.0536617644462231,0.028528813080706296,0.06675288879661431,0.0558397906059164,0.02048845544717298,0.021591077601417888,0.03762981618364852,-0.015582628904135433,0.005408677070149462,-0.0,0.0,0.027756934568433207
7,0.05074410484581156,0.019865216362357625,0.006579575410948269,0.0054878440792436155,0.00539722979332949,0.01473755482802645,0.07683608292779394,0.014089022222728327,0.030214605228528223,0.052268988764239264,0.0300116961613917,0.06411382670869793,0.05320137193702635,0.02281436212143461,0.021741556705045958,0.034758108972230174,-0.0184806157311654,0.004104013280378131,-0.0018291915580495165,0.0,0.02576275068260908
8,0.05236180675816398,0.018621983089166235,0.01172913489372727,0.005567380469635047,0.00409140579220576,0.016968358363286702,0.07558017819337799,0.014143543989113192,0.031044620877842054,0.05436491753433673,0.03229119404192762,0.06320017511278024,0.05338569192496574,0.022328885160261932,0.02031852227876683,0.03771915510984598,-0.016164153629487428,0.006089841498396181,-0.0011030082442878872,0.0,0.02447794028272421
9,0.05359509820550659,0.016613530375464643,0.00880202551647348,0.0025624164043038106,0.0034657868953606448,0.015206054900945558,0.07928298387836738,0.01740904740012225,0.032534152804858385,0.05668656712806331,0.02981786026413733,0.06264588497886617,0.05380353143944494,0.024038046115197866,0.02286366865220828,0.03665746128003472,-0.016609224279884583,0.003323114731225315,-0.0028517772013331904,0.0034890802793286916,0.027721135789256716
10,0.05509920208560781,0.019849195334200126,0.007900774648317524,0.004354907668770197,0.0045477327400759784,0.016663012539684195,0.07389283883788779,0.013835439097116957,0.03302649536244167,0.053458906599578464,0.03072835383242765,0.06306323967296057,0.05387506783745081,0.022356199481771036,0.022337836089949863,0.03600664317978066,-0.017193128880413775,0.005361161456858245,-0.004100441171608912,0.0,0.02602709166689849
11,0.05326785469516451,0.01893398109405303,0.013222854711346663,0.0037898958185682446,0.00577758828283409,0.015046215196659527,0.07879928859513234,0.01690770668908266,0.03215615698711118,0.053778530851000005,0.028754133604856652,0.06649198861125197,0.054032129491409765,0.024144246159542013,0.020903740247828376,0.037758977736919615,-0.014963963568618097,0.003101728078866866,-0.001665992840004142,0.0012245826568265262,0.022271793166860843
12,0.051752413708993784,0.017642897852706587,0.010538634640877485,0.005284299814682031,0.004645441811005648,0.016586559168466446,0.0761828445211526,0.014803509134165387,0.031264127537090916,0.054456150734341784,0.030948782318486266,0.06549307486521724,0.05527864174274159,0.022412665020696273,0.022823218719596416,0.038704114716621,-0.016619715422406218,0.0029043824706642533,-0.0018660347036422763,0.0,0.028887488501898612
13,0.05153399893017588,0.0198756478808648,0.010873882901081239,0.005757982618837129,0.006784541709039305,0.01799047160266403,0.07832985374456874,0.01658390281721116,0.030439178387785776,0.05472639054020595,0.02940063355007392,0.06160151346399415,0.05469155211054033,0.02105366777566762,0.02144397669337741,0.03678009128238222,-0.015552462271416932,0.003841071727579626,-0.0008527297140507889,-0.0,0.026162613994788406
14,0.049479101737267946,0.019226024557145744,0.008947136574752563,0.004046778561339367,0.004938376505902908,0.017923032048275358,0.07959727078134725,0.015029230588624872,0.028594253081102083,0.05308417294121867,0.02933839566693839,0.0656681772928483,0.056809519724812456,0.023700302900577126,0.020624479158020893,0.034857340839829914,-0.019361050631254904,0.0009026129873133583,-0.0028920778317377705,0.0,0.03142053598020925
15,0.04974570129806707,0.02005760591363929,0.009699284688590071,0.0021309789379449183,0.0046389442980042175,0.018391191115324935,0.07630474804193771,0.01356271717119544,0.0334374642129568,0.05394350104014056,0.02796601345776109,0.06561311318360961,0.05630048148872753,0.024510286387710856,0.020096917496533147,0.035078259745251,-0.014676435571737353,0.001201220878091861,-0.0,0.0,0.028597589973905713
16,0.054730825907662414,0.018015405883309937,0.01426382970707595,0.0029062990100607194,0.0067576374917787275,0.017525739681022116,0.07794301140776097,0.012518900066777347,0.03163716455965395,0.05504637396811776,0.031547653879799686,0.06597966065078203,0.05418455245216139,0.02445561793848423,0.024082306114834532,0.03723225471628996,-0.01682646782524008,0.0049761966463624996,-0.0010547270114493667,-0.0,0.025458029437572475
17,0.051842909614482346,0.02037277362374942,0.007423720126473092,0.0025141216974109,0.006732375425762708,0.01744737923262666,0.07834294763351249,0.010309943956592363,0.031666245499780185,0.051131530413538684,0.02849546625896395,0.06350905808336058,0.050422235164599816,0.02272668572307154,0.019006080494624895,0.03966666777933083,-0.017358882980326847,0.0,-0.0012105176657526036,0.0,0.029061409132860334
18,0.05117461227084889,0.019092466383665494,0.010251242016148427,0.0047280712946122915,0.006833716185315266,0.019242797247239412,0.07555667160030924,0.0142736247358141,0.028961995090185093,0.05450108800928416,0.02880263237829804,0.06810414927723907,0.05420353075405079,0.024119071928054268,0.021536745468035242,0.035574585436459555,-0.01686832749494757,0.003136849184380179,-0.0024453958240356396,0.0,0.02582692290407666
19,0.05053766060944009,0.018356410881750305,0.011067002101265402,0.0029175417204758587,0.00928208668235261,0.015563994058798818,0.07865593424967124,0.01453790160838812,0.03297008334049991,0.0536435251402696,0.03179262414772235,0.0647539757973107,0.05462692755339344,0.023406965462136116,0.02144465985473431,0.03752306827603171,-0.017935269045507227,0.0036200515277889263,-0.003776798537449795,0.0,0.027066074605852582
20,0.05422792803145968,0.02061703076241824,0.011560737277176934,0.0026454385046918725,0.009540082569266915,0.015056502507607,0.07777877713226818,0.014628837250695366,0.031035769559074732,0.055550472502660014,0.029954245690331463,0.06680083774710113,0.05377430500988471,0.02339236122254167,0.01938005132797969,0.035018808519240725,-0.016913632991527875,0.0037183345357725893,-0.0013176630826036149,0.0,0.02924805658690653
21,0.052372448235698615,0.019416908630664885,0.008734004422486183,0.0066186027310608095,0.003775566141946573,0.017461788060525008,0.07965302950650183,0.01563158721563067,0.03146322726947164,0.05447935758132132,0.026906337895784768,0.06685250738339181,0.051338665929497575,0.021662320825022178,0.018919370274747098,0.037515125333558254,-0.013506519522321028,0.003918327857812652,-0.0011427838547752715,-0.0,0.02930043924170895
22,0.049193568903173134,0.02101208609714863,0.010837062350721547,0.0,0.005370540892643823,0.01660256780098198,0.07685446052609253,0.012251908837815854,0.028445676960257626,0.05282828725846532,0.02817609243108403,0.06303231086772564,0.05647594937636785,0.020976667476191157,0.02058058652647732,0.03662783127851379,-0.015793810580446144,0.0,-0.0,0.0,0.02891969919889658
23,0.05124777110047196,0.01810668189220911,0.007387290042791185,0.0026013470500384915,0.0022727524017505316,0.018995850769261437,0.07187769759343693,0.012140618789647829,0.03071847812402013,0.052799547841129585,0.030956539558775427,0.06370551958039163,0.055223602310920834,0.02373205342917727,0.022057046637498478,0.035944062455069474,-0.01429010984741275,0.004244557815227172,-0.0,0.0,0.02478716851362371
24,0.05183460365512609,0.01565432599240942,0.010832928080929694,0.007350722121837828,0.005459367570850093,0.01547810378444911,0.074777843718961,0.01619648420395423,0.03306532776922349,0.05599723924530241,0.030702877967599643,0.06725523568644957,0.05403872044775011,0.024208156647145106,0.02201287671830406,0.03738409384656733,-0.015725214963954067,0.00175062246357538,-0.002359247367488415,0.0,0.027979304558745373
25,0.05264717512561993,0.018448487588698752,0.008247799731790694,0.0047417304241589835,0.004364250564856862,0.015986156083447407,0.07736920460231914,0.015555510298389925,0.03481919647794398,0.05616743237513327,0.030973287854341027,0.064299605706139,0.05401916697074491,0.023843141124535658,0.021738936229577635,0.03889419009053996,-0.017286210507398942,0.0033435863138666327,-0.002488135286284017,-0.0,0.02554006752365734
26,0.05100111047599946,0.019089652908382458,0.007010081358560346,0.004628170982361358,0.002402295074651705,0.01651810445834647,0.07933395404408407,0.014862508603317537,0.03253469463334803,0.057124582566680696,0.03002160538401961,0.06278965681634226,0.05419182689989669,0.023802091658509883,0.022585398917343694,0.03648389024928416,-0.016422317917256776,0.0020090343316791054,-0.001752209624467349,0.0,0.026848502417561034
27,0.05031139496278963,0.020146533534079226,0.013555049284626166,0.0023712659991735443,0.007028897758448634,0.018119028804669632,0.0757624532074317,0.013806315742128684,0.03188949443574244,0.055539695112769814,0.02843304360072813,0.0646974281491512,0.05679401067386413,0.02296294384877645,0.021765573890021206,0.03542033553525981,-0.01752024628606775,0.0012869472795155566,-0.0,0.0,0.02838386198905134
28,0.05003557004650274,0.017432568575536697,0.01082842612105948,0.004426215980883872,0.00761176326114978,0.016009839499765095,0.0798579028690547,0.01272865939948459,0.030992595049920368,0.05517136373339584,0.03198070900678216,0.06758465582780589,0.05381364791558999,0.02361920774863111,0.02117750897037408,0.038972020587324734,-0.0149446794149656,0.005605205057567154,-0.0015587518512439778,-0.0,0.029030007914262884
29,0.05195876506362532,0.01855217064398706,0.009457801208696671,0.005022556264607779,0.003798376777716574,0.015934523582941004,0.07797141914052175,0.013666751367188649,0.03351471877650103,0.052593473927108045,0.03017210035163579,0.06492812177970099,0.05578585267253053,0.023147653841537046,0.021249080920114863,0.035151242270967525,-0.015992724061126385,0.004256800670115714,-0.0023930041072570216,-0.0,0.026055531311499864
30,0.04951170428832582,0.01906400556474596,0.009698984565481019,0.0028937741663670876,0.0029258380568929266,0.016501121670560687,0.07948001161201229,0.01379914947253064,0.030259844603995934,0.05503740122656883,0.029037166324046744,0.06425388162420285,0.055943349725006884,0.02172504187402219,0.020449656538538363,0.0376560630448364,-0.015386853909084373,0.00469572062025076,-0.0016228388160313845,0.0,0.028323979651707056
31,0.05470794984986064,0.017765679682449825,0.009417509251327626,0.004533543302545617,0.006451665856721855,0.013159334370742133,0.07632596018061433,0.015905480090891218,0.033159000589435175,0.05620245007300372,0.028275236144370462,0.06710494184204863,0.05546414694038306,0.022121148246453143,0.021269478071447318,0.03554339085463242,-0.01623940128833202,0.00184901546551566,-0.0017226301305953988,0.0,0.02729790541846521
32,0.054750454506253585,0.01729638472245455,0.008475716005859897,0.0,0.005439255352222443,0.014430635601879186,0.07588414682906375,0.011369075733621682,0.029148734440404698,0.05503577582943801,0.02833584684996875,0.06490641927690971,0.05315445449314607,0.021427707050718777,0.021798483942246368,0.03726087617887471,-0.015807027316650228,0.004420332582124088,-0.0,-0.0,0.027431803529041596
33,0.05110987416804198,0.018190441019169126,0.01028106902256119,0.0028675071436199155,0.0050224980667535135,0.016957641443727845,0.07918134743106393,0.015655013659508252,0.030081900459100613,0.05469366457340637,0.030319291376644575,0.06474204826644664,0.056316938099053686,0.02384545376396891,0.020965196293833928,0.04036196477377845,-0.01475907644777049,0.0007997807774637909,-0.0,0.0,0.026916526547920292
34,0.0516629523132656,0.019799324415889476,0.009103258841839814,0.0020240766251425854,0.005223290979189092,0.014748946764635042,0.07744596272838908,0.014294240675901142,0.034127404707012185,0.053480770356809475,0.02922772381883606,0.06490659261205306,0.05657907631386567,0.0220028766842514,0.01639430956189074,0.03390390424301617,-0.01587002281597417,0.001542656275778916,-0.0,0.0,0.0285660994194355
35,0.052373979717606475,0.018025583713625695,0.013462808137988454,0.00581314029433863,0.004689170464698362,0.014571050740244607,0.07789156884639097,0.012189192299663615,0.03235716000770264,0.0519287442705414,0.03167762367082657,0.0644575711624446,0.05405767110266281,0.02510637100544777,0.019500386078368532,0.03753425370126937,-0.013869786698275613,0.0024900526421598817,-0.0,-0.001508222894179672,0.026052053323553506
36,0.05415350708049504,0.01758844809790393,0.010571180771943613,0.0026871324479014183,0.005229201767199785,0.01621205355206816,0.078420072950241,0.01665612689865574,0.03065799688453378,0.057125760652055345,0.03082764737144912,0.06732718894807405,0.05532269250765463,0.02562681733416195,0.02080139619871767,0.03572018523171966,-0.017191627227132248,0.002229776990686824,-0.0018307682325312822,-0.001734681655650987,0.028512191245116513
37,0.054290714091172636,0.018168694686508582,0.009349618009090566,0.005932609723224893,0.004707606809348268,0.01852444256654171,0.07773979726209872,0.015311268469442118,0.03176803600365858,0.05348884012711183,0.03138429415553072,0.06113005718447337,0.05228738641959032,0.023400380185637372,0.023214250708596937,0.03675278853425873,-0.016931211010916967,0.0030777717024640465,-0.0025843440341742885,-0.0,0.02692698130157218
38,0.05203083916214444,0.023102663692789824,0.009609423767787674,0.0027683424407316105,0.006054107738233826,0.015454025436889575,0.07550870733306961,0.012994995308600911,0.0305673860485018,0.05500310344588816,0.029285072759712663,0.06377798097990116,0.05637468819321953,0.025518631451081544,0.023644170932285827,0.036718722890195114,-0.014877476357810239,0.0031316484418921577,-0.001545228704305111,-0.0,0.028549284288887738
39,0.05423308910991065,0.01638938071941602,0.010285060955401317,0.003053363936752998,0.00561865097275232,0.016970955835323414,0.07710766189228174,0.012221493593514043,0.0300358567500374,0.0535462351848608,0.031090041499021923,0.06466885639376929,0.054565958263601395,0.02137556596185987,0.02098394756640268,0.03899816285067633,-0.01472657027475649,0.0022025749588929413,-0.0,0.0,0.026933978819205708
40,0.050645806363768454,0.01914280464675377,0.010762738351335878,0.0034802696752338474,0.006025782328764444,0.01807757273566972,0.07842054833487008,0.014711445071448958,0.0308870145209186,0.05474013377375345,0.026651874966185922,0.06448780475938354,0.05542119020021823,0.022052787868556134,0.021149839652037202,0.03356051424285319,-0.017793842833207046,0.003476362685156325,-0.0,0.0,0.026159966928673676
41,0.04893430894904344,0.01693448758913592,0.009733253367954007,0.0032965069451930955,0.007208435283762205,0.01939976363929448,0.07949808316237768,0.014104616112206187,0.03024010912697765,0.05362453952421289,0.029741904992154757,0.06572389441138647,0.058607582398470255,0.022325223933522893,0.021211208816624045,0.0381166457892714,-0.016166930699335294,0.0012801002778163502,-0.0009242564359228033,0.003947652744143369,0.027981607678274685
42,0.048775362327313825,0.020011905932227125,0.010518271868999606,0.002230942891613628,0.005932667941509797,0.019676672100313094,0.07861324330178689,0.014005373003223544,0.030146399443247946,0.05498591775949327,0.029456329637603765,0.06569192356641589,0.054121074810942235,0.022797405977844246,0.02072046292003627,0.03486338075315603,-0.018385493766828076,0.0041201075491098076,-0.0,0.0,0.02213099824774907
43,0.04877284418285718,0.01787644856600571,0.009115907691979317,0.0012168251923698001,0.004632031012418644,0.018671016904708418,0.0755930726937046,0.011276555853533182,0.032103884614300346,0.05417668512131272,0.03049648407111218,0.06594175141029426,0.052203523782124076,0.021495517293795775,0.02289616306132309,0.0372388813134574,-0.014275397374329165,0.002542159927006067,-0.0,0.0,0.02672888348514537
44,0.05214250790180014,0.016710800526807536,0.009894765060909635,0.006233951539445597,0.006950050325086072,0.01922059699316256,0.07890838540762787,0.012898358895712628,0.031077463316330718,0.05562063453768422,0.027042248355106394,0.06369743616210664,0.05622564954147697,0.022599261451929184,0.020713451885286945,0.03672477845488082,-0.015601473302990238,0.005538544676017496,-0.0027030710036433153,0.0,0.027512026217725506
45,0.05187822712030662,0.018730001205242337,0.011595757521279242,0.0026551751533436013,0.004468860853927403,0.016182749556235495,0.07917214816477526,0.014645315279195485,0.032813055992880556,0.05501032549909119,0.031078924568562184,0.0662609729145934,0.05093425744066481,0.023465276989605172,0.02305328589664051,0.03674206611138022,-0.016353924821958153,0.0024799124624082297,-0.0015324145953898591,-0.0,0.0253886407796141
46,0.05234424198916392,0.016788364176924274,0.01044114691724678,0.006863982492453604,0.007179598423940364,0.01845409708257258,0.07906271867675613,0.015014722975937214,0.03099266934893872,0.05479295825039616,0.02890994432097258,0.0647687303230634,0.054668825166857817,0.024373149661040153,0.024258316516970815,0.036653011181609074,-0.01764230323529614,0.0027223729621017666,-0.0,-0.0,0.02570849304654901
47,0.05221023172079087,0.019176874775374556,0.010812940765184277,0.006421873007530885,0.005093742099399097,0.01889456631739587,0.0786470864197692,0.013494817651107677,0.030065974647544798,0.0553584330198178,0.029178620755340282,0.06724383402151765,0.05470122550203033,0.023108004577641488,0.021245388962246498,0.0391165985840384,-0.01644287618930938,0.003962083194756816,-0.002264322664405017,0.0006692727739611805,0.03203957631659164
48,0.051453225953738975,0.016759751249162357,0.008904102776597445,0.003224325247618494,0.006979635716504434,0.01726763681936682,0.07727491916231125,0.014472253380010406,0.030028024744271194,0.05659794095987117,0.029635915037685687,0.06384299014625491,0.05398504524056345,0.02113799234545337,0.02203827222977965,0.039473270558225367,-0.01502875678233967,0.0045959543772309645,0.0,-0.0,0.029071227213668387
49,0.05223298512623537,0.020786833690837732,0.0076342639695918665,0.0024703236838364683,0.003074800305797852,0.018646495046387393,0.0764861480237357,0.01503240703506801,0.032053380830437,0.051340901540206284,0.030735629465443778,0.06255990544907274,0.055039710722613114,0.02112512800912076,0.022889540305112994,0.03612740864865015,-0.01552058071945838,0.006089926662175978,-0.0012978887054049737,-0.0,0.02779459966753417
50,0.051818823274667844,0.018057454226675356,0.008580683053546206,0.0021872641811188785,0.0064886651376663725,0.016434869578017975,0.07679850941635158,0.015200511894984638,0.032010403377541845,0.05425461121597696,0.03066592565477625,0.06427579410541247,0.05427586924581732,0.023534977259098123,0.020685162315544712,0.03757310377717388,-0.016561764318142567,0.002930221713745929,-0.003175004787934108,-0.0,0.025573395105217993
51,0.05137527850100527,0.02095980868555719,0.010348663266292616,0.004984244170398216,0.006451101419685671,0.016920106252439487,0.07907237416879705,0.016629444068739358,0.02719514808454715,0.05406407353502387,0.03132493029340322,0.06619162591120063,0.05649201514428502,0.02269728225771507,0.022440109479887456,0.0353933745264207,-0.01704294773355151,0.005644466818341878,-0.0035048171872709274,0.0,0.025637021775965562
52,0.04848205471717834,0.018590620137275565,0.009516734491982154,0.0031866016928180983,0.006458590571374499,0.01490545254551432,0.07701627326847951,0.012682084164781744,0.03171485254549649,0.05455914567923292,0.031458445904184576,0.06511378791662112,0.05587059386995384,0.020115520932228223,0.022838925110280125,0.04046423127088498,-0.016233727068942924,0.003825366663372498,-0.0,0.0,0.027472801066082124
53,0.04960210563223875,0.019823494951101566,0.009424182031187642,0.004623169304291333,0.008850282781714703,0.020610358053383012,0.07765445618469269,0.01432730576287407,0.03283466048192807,0.05260645576277113,0.03175440710755716,0.06438909718980469,0.055153260010254675,0.026098512555807307,0.019984256549475266,0.03811175409583037,-0.015938719094179935,0.003163459613648054,-0.0027673845847137964,0.0,0.027969766797702966
54,0.05252293087807991,0.01786173438509909,0.007444489241265199,0.0,0.005990472644699785,0.018748290877233047,0.07796999806352922,0.01644600870298721,0.029864252670410672,0.05434931771496459,0.03135665628789338,0.06593128552930566,0.05656757107963031,0.025035017886562594,0.02082797998831846,0.03755802064798175,-0.017967840828840356,0.004405759226302757,-0.0028094943890881845,0.0010411624217952188,0.026927806353213676
55,0.054262377460609655,0.017234867903005,0.009885814530345179,0.005408335428339023,0.004301190328705308,0.017378342667799338,0.07940815263654742,0.016220008639518432,0.03044723165781778,0.054092527763254315,0.029862854837006413,0.06447838983536401,0.0522143594299002,0.022684119278490983,0.020760135126819422,0.03645338986467446,-0.016317971512469567,0.004391892136391728,-0.0012465310787389023,-0.0,0.02426961682741164
56,0.0489818299225986,0.019312068514061885,0.009815280336310241,0.0007621993403354232,0.0056788357006467335,0.018269793999615192,0.07842921360243207,0.010043915533793935,0.028053181066296878,0.05406600658339408,0.028636767147601244,0.06645312875390302,0.053771086324619036,0.02477246241924279,0.01719694167926475,0.036092479803837174,-0.014592958659171644,0.0018737220791388907,-0.0,0.0,0.026835610184887962
57,0.05396391162143224,0.02004909121928827,0.007715756324253138,0.0024410056585011425,0.005541524501914985,0.017611802548343252,0.07933230224136674,0.01330708972893706,0.032980056275284456,0.0555769061046757,0.029459550100415677,0.06497704252742523,0.05422482634473834,0.024893586322950547,0.02094290633021437,0.03607289723093363,-0.017783587936322332,0.004548915043464169,-0.0,-0.0,0.02865571272744443
58,0.05255288671282604,0.018727213242242434,0.011244054326029458,0.0028321742077174906,0.004475487817318574,0.015790005186985565,0.07756580062847747,0.01289258083380164,0.03241539669233886,0.05587782416955163,0.028465705928921125,0.06426630023796366,0.05397951139308034,0.02430842615597946,0.021620470229303718,0.034808472927883735,-0.01434316511054587,0.0008580710309335932,-0.0,0.0,0.025475031506018892
59,0.04957325921265973,0.019315649718172997,0.008403403626222869,0.00423046873783569,0.006018564847218173,0.016773749882965518,0.07815258222600588,0.012464486000784475,0.030895020235636672,0.05586584620733552,0.028910985220910946,0.06514193954945206,0.054850729568615766,0.02175206898572495,0.023382529698151595,0.036137100857127374,-0.014216400302956367,0.004090472610540166,-0.002770558787756737,0.0,0.02653388638324552
60,0.050793116129696364,0.01826370133777902,0.008937943413096424,0.0046720535020695715,0.004462175355096389,0.01834462010613147,0.07829848808491832,0.014088009875722965,0.030470272060950338,0.05307337421079682,0.030091253268884368,0.0674622710136458,0.056308636774389166,0.02478244203540155,0.02111992459301949,0.03706238736378486,-0.01901538534329147,0.004428671249426325,-0.0,-0.0,0.027956582068958586
61,0.0492877233482952,0.019015403326903414,0.009213426586541442,0.0034301379416884687,0.007088480676013279,0.015568574470100233,0.07861498506532419,0.016044672963363527,0.02973952048555838,0.05094704881909194,0.030184480929170115,0.0661962326753024,0.05293615139565742,0.02404010931204711,0.02109562928623028,0.03881302018763926,-0.018151419763960088,0.0010369860102365227,-0.001703306921503665,-0.0,0.024793614071230173
62,0.052861449565708145,0.016686944972093283,0.010545809317490813,0.0028387778990283602,0.0052008051240665844,0.018785174035038068,0.07528106870408348,0.015774687542037914,0.03249544735794711,0.055969945275737405,0.02984602123430049,0.06662586372233346,0.05542520111126436,0.02353004333628285,0.02271652112838072,0.03612515608055755,-0.01705908524854225,0.002220563838388955,-0.0,0.0,0.025925558778328896
63,0.05215550423438545,0.02145743852780144,0.010354846831435907,0.0030798082291461646,0.005615945072815122,0.017155386489959384,0.07570756628179039,0.013535530625434892,0.03184077550003886,0.05463026103854099,0.030881215702813963,0.06623551697212844,0.05731755459856322,0.02504113903993221,0.01993878443046358,0.0382680843679678,-0.01602591685993466,0.003147390562672492,-0.0022300701888848546,0.0,0.02693430882786743
64,0.05192237955953658,0.016962239576451543,0.011141920107784135,0.0009229324696717155,0.006352888288694067,0.014329138503091437,0.07645136405458132,0.015097130881013002,0.02920084445357883,0.056661887930855734,0.03193892542437018,0.06412220065311733,0.0552858571071935,0.02265811927213839,0.022887818869837897,0.03995441116689568,-0.017218564798976668,0.002220280647384751,-0.0,0.0,0.025180240647440986
65,0.050749530228031865,0.02066048258974451,0.012834156667278482,0.003824854792520884,0.0058894113282293515,0.018777809711179566,0.07877850608012953,0.01521223764245459,0.032074660421709984,0.054073875655095284,0.03009134569403356,0.06607609426322325,0.05293005128694808,0.025105462077388264,0.021865147649375787,0.03811411176269725,-0.017033950987222327,0.004413639288989,-0.0011748713071341222,0.0,0.02844707776851988
66,0.05334402300559265,0.018166510653901076,0.008500529292187744,0.0016578188136415163,0.005285067970701575,0.017140870649289233,0.0779460508359264,0.015622391465215494,0.03235702055141701,0.05369290103015552,0.026853850688031863,0.06527378316360617,0.054425631769762214,0.02431257187068846,0.0229174552484413,0.035247268379613464,-0.014968719653772115,0.003964493479570674,-0.002957521552472054,0.0,0.026912061639778547
67,0.0500598777790977,0.021177488267614435,0.009599900434379855,0.0036240031895153446,0.005364435629097632,0.014833186028200065,0.07773555319259579,0.014233864215449235,0.03273215942499752,0.057664176333085015,0.027953472570648022,0.06606579803677354,0.05537322213552734,0.024899781156203574,0.022964337922049924,0.03633810702658072,-0.016277554230730875,0.005568354374329878,-0.0,-0.0,0.028276652996167388
68,0.05002670340916295,0.018102327018453688,0.01207065579291474,0.0036000505005074775,0.003110609164814363,0.0173560753914285,0.07748402222385198,0.015250598055951914,0.029688897860856708,0.054793820492613235,0.03102741460245612,0.06533248923020349,0.053177963233563656,0.02195178776819451,0.021598328265143713,0.04086827666800309,-0.014788203084749952,0.003906178800928249,-0.000799314758172081,-0.0,0.02835932372120798
69,0.053170514785856354,0.018440609141460368,0.010030699429633017,0.001351024259385232,0.005880515671847975,0.0156620609702773,0.07722732128803851,0.015986742546731082,0.032747216499732446,0.054136732235357796,0.03201825296537127,0.06526127401066119,0.05587315461605118,0.024624470319984722,0.020217824930325663,0.03714226553392047,-0.01568934805708688,0.0038177250700092004,-0.0017905325313553443,0.0,0.02373848558122846
70,0.05169982954451907,0.01823835385857593,0.007273406581740028,0.0035222948780689084,0.005822370232733603,0.018014474104700636,0.07886454648230368,0.01542319782713097,0.03370885535417573,0.05264637496538631,0.02865147938801641,0.06613003215592717,0.054831659865016015,0.02316963216617842,0.019418774805652933,0.03654020060382255,-0.014036126719804067,0.002980384155056134,-0.0,0.0,0.024999103500036573
71,0.05130661353563494,0.018968818764542556,0.00927751700408724,0.0034419571454050884,0.006230477589118666,0.014213814391707422,0.07996633963855443,0.014378283978222451,0.0320756967435821,0.05575270414656928,0.0301315880712942,0.0671617882864698,0.05594851515702464,0.023871496601545004,0.022741795099809017,0.03753496633000446,-0.016805640638914984,0.0022419166917224433,-0.001460648011123686,-0.0,0.027230971068990417
72,0.05082601558493862,0.01986422434279609,0.011074162980032854,0.005521461203926112,0.004743890392356618,0.018095127104099957,0.0769158949013091,0.014061399572136275,0.03234164167701735,0.05289746476943192,0.03131728835403684,0.06318593012387495,0.052769560368435976,0.022358921462085624,0.020637437617076714,0.04049478790988649,-0.017323621578643242,0.0013094670945464396,-0.0,0.0,0.03017839638196251
73,0.05203098633056992,0.01575963771356853,0.009449811685812779,0.002731839536049439,0.007382596187357966,0.014170707134765577,0.07542493312646842,0.014056935363946609,0.0332894822931256,0.0566145573201386,0.0295470277156685,0.06341498028323818,0.0560297361120962,0.022696566420710895,0.021549010765388357,0.036624625640019164,-0.017100430595548246,0.003499709172900936,-0.0,-0.0,0.0295608260257334
74,0.04990888070724355,0.01876962598419146,0.008474425662864216,0.0020959116829850273,0.005112385398024796,0.01654462583679254,0.07744050346806734,0.014058583623481974,0.029054433854638514,0.05344758959563768,0.030813331705467486,0.06480457653303734,0.05354763290115155,0.022410645394077396,0.02125717046305998,0.03512567724080822,-0.015592632032949643,0.0060320361167023745,-0.0017030321703886814,-0.0,0.026658794632590025
75,0.05129548915957743,0.02022341982554182,0.009148875686860833,0.003715696934323722,0.006521209578908672,0.02096527177374064,0.07781261598588364,0.013185337637053885,0.0320318513772004,0.05455527810782337,0.02862881497146424,0.06789839449029,0.05701580198480358,0.024079991747684864,0.02255343540861584,0.04035393279587746,-0.018030629643729347,0.006117817320096032,-0.00386851794929412,0.0,0.028187002292496714
76,0.05101638392650612,0.018700772692777982,0.011857253772118761,0.004916585244006257,0.0044721531025710744,0.018244751695439185,0.07793096616021418,0.015419921546832123,0.03097374255819514,0.055694877353869424,0.030950493734356672,0.06315279446294032,0.054266924780657734,0.023561187916159125,0.022378382929109666,0.03420404881894788,-0.012667949483002686,0.005636388966794436,-0.0029040967776388757,-0.0009964313360937658,0.02940821369560369
77,0.054522795663024926,0.020810927053856332,0.009146976235098294,0.002623808574813127,0.005444169183959942,0.017337084818035715,0.07989998836434509,0.01628535149518037,0.033584053364493056,0.05362027489538527,0.028386401194179966,0.06453288723330082,0.05312769594787966,0.02409194203894755,0.021966475903677847,0.040273580557979256,-0.017184639583458818,0.0016099287916387936,-0.0014032838553530332,0.0,0.026090819187347132
78,0.04922971894791188,0.017997664133675463,0.008912933857074794,0.0,0.005113660470300118,0.013811090572671684,0.07559951721593444,0.01147708445743497,0.029258804894918923,0.05602238720956119,0.03052228107878145,0.06602837560386751,0.054814778722271085,0.02445963948194786,0.01965979333798762,0.03394120917919448,-0.015132617865938997,0.0030692697254362656,-0.0,-0.0,0.02594064439217384
79,0.05180352735981161,0.01691825037790166,0.01071104616027738,0.005838531792515706,0.004312060511069739,0.016480761183268144,0.07786653758254114,0.01454416612233597,0.031008531354872082,0.05477496048036617,0.02769578533063824,0.06444488446631276,0.05491828232159154,0.020936077158201994,0.019843747470494808,0.037514407891640844,-0.017742372010681493,0.002613698292697212,-0.0012377591950706761,-0.0,0.030807148344364727
80,0.04989750243564195,0.020689082840478667,0.010276391473276776,0.00476609675854408,0.004026111909915952,0.01677554660000494,0.07529913714062576,0.011843580988860836,0.028833093375812947,0.054241434106313574,0.027959990730040084,0.06382587574227978,0.05466303327354472,0.02216891044029105,0.023097244370256495,0.03516313529746899,-0.013407138322659266,0.0,-0.0008210276187160448,0.0,0.02864482781876839
81,0.05234184006281184,0.018438149126979633,0.00882277402031499,0.002413896080489219,0.005419221544241958,0.017225242061067098,0.07780339279025557,0.014179318231978594,0.031055572088396616,0.05521912039937716,0.029510621201992073,0.0642846189173463,0.05344221301595361,0.023514528983776827,0.020614269755192597,0.04038485563613339,-0.015270077160603406,0.0029205429651767505,-0.002588421926566453,0.0,0.025045343984928862
82,0.05010767948955402,0.017530661685437057,0.009940604873876921,0.0035727464269837785,0.002207852589215735,0.014567575533740069,0.07947299753306293,0.015817654988565296,0.029467427713003563,0.055336613949892643,0.032613438574528086,0.06822227147097677,0.05252381332444859,0.024282935905780862,0.021572815878785543,0.037147801534806936,-0.014587607332536912,0.003581507140098708,-0.0013858578127936734,0.0,0.02740631379781722
83,0.0496173865141877,0.019923330536142335,0.00926002269909897,0.003270698793695837,0.007838250358493169,0.01468545200020317,0.07516258562822632,0.014292459517563421,0.029528480169605843,0.0545596487774695,0.027207136096549792,0.06465561689781142,0.05438967988086108,0.024186712791663168,0.02004692982021476,0.035369709016854954,-0.01743155222346503,0.0035227219858685005,-0.0010167407523414827,0.0,0.027498256300917946
84,0.05292204644976501,0.020510397437696056,0.00956593433961178,0.0024709034110618052,0.00523702135935736,0.019253107713802432,0.07746875570827272,0.01655435586051266,0.033602252706480554,0.05503030670281557,0.02909715477221089,0.06469600424300109,0.05312466342606599,0.022412548342112582,0.02297090806464528,0.03669668096501491,-0.015942369010506663,0.003949273635086224,-0.001543976033722672,0.0,0.02829523571432119
85,0.049724267834205554,0.019377461530755802,0.010994995379273183,0.005954471690274761,0.008750336774297983,0.01672007963951579,0.07893496782804403,0.014648653382503303,0.030710243450442792,0.05356882213886271,0.032536586466867655,0.06328545803363274,0.05558257228791939,0.021572381557298393,0.020377397772720886,0.04087263530555284,-0.017314801228757778,0.0025822416740763155,-0.0024807890593725877,-0.0,0.03162942818735898
86,0.05208554295148943,0.018705412791278485,0.009525056880636575,0.003086248395711454,0.003840213560434292,0.01772697165275327,0.07776884312854375,0.0115954804260939,0.03345454119373852,0.05426433548511934,0.029138517689660005,0.06611000584703325,0.05814378804291336,0.02450917967182655,0.022748833580738845,0.0380693680647057,-0.01728590480257288,0.004426625979041149,-0.001499745113300217,0.0,0.02980978021713074
87,0.05000317284492596,0.018426418617061964,0.010337161046340419,0.0028980751281797086,0.004663227368345663,0.0157846714905917,0.07966681096306175,0.01525953157331768,0.03292107181640838,0.05800147995661718,0.030932797759014714,0.06228039464001119,0.050970915097841546,0.025374919323615654,0.0217791725024495,0.04022707085808529,-0.017224064636213156,0.002062139244943324,-0.002885927515494317,0.0,0.027046996212300924
88,0.053836676441053916,0.017763550645831634,0.009688969768810162,0.004455740546907481,0.004863952335923729,0.017371323998774377,0.07790481355874726,0.015792640014911437,0.033651009815847406,0.055204654636948625,0.03023560353172809,0.0676458820625624,0.05575565644047103,0.023582506101787675,0.022269071780881645,0.03971352623856654,-0.015178291856003898,0.0048890418490109755,-0.0030762677616214384,0.0009043273741828964,0.029066531226786905
89,0.052819366957215876,0.020313712797075154,0.010719331461260395,0.002621452840489712,0.007378169759339118,0.016468775829683806,0.07736172846261082,0.015345136999297957,0.03314747144127337,0.054910217400120365,0.028132233478849255,0.06780161642329585,0.05496375736800163,0.024248634199318424,0.023047073887267358,0.035279935620714346,-0.01764063977959939,0.005773823000379971,-0.0,0.0,0.028373998981008897
90,0.05120990455095083,0.017117300062885372,0.011534270875884501,0.004369319447969666,0.006130995801167456,0.015731500333054784,0.07881710801964084,0.014795877735157089,0.02847344998938495,0.05335026905218965,0.029872178625444987,0.06804596216079499,0.05317059723164277,0.022186779886569995,0.023124483764489022,0.03597238005309727,-0.014882668970462812,0.003584547838535355,-0.0,0.0010118551138500141,0.02677485835321736
91,0.048341901327751284,0.01926741339680706,0.011969062180735486,0.004249908318829864,0.0054107468075862974,0.01521787315202361,0.07828717606293312,0.014236837514966785,0.029724852489422728,0.053209273404528974,0.028144748318697215,0.06329110238116391,0.05531266832509261,0.02446113117521612,0.021162228674089293,0.03740706563593128,-0.01596063510326839,0.0007934849261059551,-0.001158680057488289,-0.0,0.025635749098249186
92,0.05022943227699843,0.018437632406792904,0.008542608727951494,0.0060203866684656465,0.004526422454071604,0.016791252008881506,0.07703578182986745,0.014240460688678246,0.030615456904484414,0.05243381559474215,0.028591144211210884,0.06373010075718614,0.05170073084328506,0.021534767297431447,0.020299255382109447,0.03959135022427478,-0.014885593727192187,0.0018709415680941443,-0.0,0.0,0.02698325037720147
93,0.05081887185228787,0.019438575982469897,0.009504251117056658,0.0012340629110100805,0.006111194092779876,0.018926093164523768,0.07901073461924346,0.01524022235935586,0.031452616364768815,0.05729086426140122,0.03078558999149576,0.06675278752057386,0.053893955010615266,0.02305955711834851,0.02068372771009243,0.03625534753032002,-0.018683322974783857,0.004490043154658081,-0.0024702423358480864,0.0012580522468983559,0.027354828638943226
94,0.05275155525136379,0.018496491098635107,0.013174752271418875,0.005694696893885526,0.007321662427575358,0.023026684889680696,0.07628930394923823,0.013392158178860617,0.031059671949343632,0.056233400317811155,0.029402663716827586,0.06372701010714077,0.05440439448305091,0.022678451409139426,0.023820304022594673,0.03676701933913061,-0.015710903967032144,0.0018748264122765853,-0.0,0.0,0.023348087002312445
95,0.050546221089525195,0.017524524063624133,0.01002024088213908,0.0035132644195263805,0.007305418914517729,0.019998237644244996,0.0790720416123875,0.014672969156607605,0.034016405544310596,0.05874603620225055,0.0309810785431857,0.06371083393135717,0.055840227991618537,0.023701521012663124,0.019752711370381894,0.03989512193174791,-0.0160400939913841,0.006028253760284195,-0.0,-0.0,0.024673979588470396
96,0.050228766588681265,0.019650563420941836,0.009076313594754982,0.0007212215321111323,0.0065289198796837315,0.019696167089083283,0.07826892186494269,0.014612650106563263,0.028212167182410996,0.05529711631570463,0.029360606111767003,0.06507019248746265,0.05513893751695744,0.022541179744988905,0.02101252816120824,0.03828932572339721,-0.018171009749613946,0.007410778601416264,-0.00234702747643906,0.0,0.02871335231055215
97,0.0502866885877724,0.020916738261112313,0.010258570999669639,0.004583453566792908,0.0047368040683946405,0.015713389210607165,0.07939850076030229,0.015288701829023464,0.030393772702585236,0.054010492695158396,0.02791771368087926,0.06461377299211242,0.05325182251896809,0.02181340115315215,0.02287090693998994,0.036170675567231664,-0.016527214380094253,0.00391326089829382,-0.0,0.0019200418977350809,0.02849592572881543
98,0.050548305166495194,0.0178594059926134,0.01001136150660955,0.0071201064146119855,0.0076159624553983375,0.019538986863451895,0.07776191704983067,0.013072647543133286,0.030649838528265437,0.05424294952654661,0.029218436587909204,0.06531235711608357,0.054898479560573726,0.024013970519554673,0.02240271587222815,0.0360692030804906,-0.016898899723268142,0.0021911373983045527,-0.0,0.0,0.027335734142522244
99,0.05229471054912917,0.019195519652410797,0.008938257901248105,0.002921037474754413,0.003820143821943206,0.019280431232176126,0.07784242615503281,0.0125266915883491,0.031475246793561104,0.05390699909490431,0.029563061748566207,0.06206136640593448,0.054214258495011464,0.021625235164121816,0.02340691808654983,0.03729392539803358,-0.016322194477144922,0.0039428744854509415,-0.0,0.0,0.026785768336990895
100,0.05206063482755202,0.018311579115293082,0.010229165104722606,0.00412438441221109,0.0053988964824395755,0.018015171089615704,0.07858777389930305,0.012328235608916818,0.029986432804694513,0.05568540965340781,0.028378733170393668,0.06346097682484274,0.054274155479923515,0.024595771848759496,0.02337805561595251,0.039282005508101,-0.018786280012735145,0.003862276964906398,-0.0012673536792113338,-0.0,0.027646644980977523
101,0.05088667649032311,0.021115417173619387,0.008433489452698093,0.002705229218166131,0.004322739778728557,0.01763685595214685,0.07789926719396109,0.014352796939880726,0.03137455939427693,0.05248974428688797,0.028722914983977353,0.0674201492904556,0.05392806894565733,0.02424609629149087,0.02369819753214873,0.0358053807262566,-0.015345715817595947,0.0019560626759084886,-0.0018508088832244276,0.0,0.027819525987545293
102,0.05394817642057355,0.01940140256286971,0.012456427941754682,0.005634456407890752,0.007349397128669605,0.015659668816995063,0.0771916911446216,0.01544941321804122,0.026759958534846764,0.05692655352828852,0.02913667561239338,0.06210664254453056,0.05594342097126506,0.024514249886168512,0.023031735945333337,0.034097757307732734,-0.014485345732181049,0.006677199074900477,-0.0027959339878928908,0.0016104922769259607,0.024281856430747113
103,0.05087000472904575,0.01875475008362677,0.012182934928585349,0.0024763612774993107,0.004275733355119104,0.01825614842247568,0.07926380907516789,0.013091222642512723,0.03120305490196456,0.056243019148619455,0.028068636630224426,0.06544016362679955,0.053320007689938755,0.02349107035752427,0.02169056541558879,0.036067711819062445,-0.015018396758312177,0.0037839274423160344,0.0,-0.0,0.029395913720273018
104,0.05171405080976835,0.020162018955366345,0.00812279970610659,0.002263897456670498,0.005238912976392274,0.017567611243678394,0.07644400960328428,0.014440810276773923,0.031369404901386656,0.05537708099138047,0.02877716993316859,0.0619618650862304,0.05451377116300522,0.022542188512168743,0.021085894972054983,0.036964139636564974,-0.01790215433572154,0.003412661323011101,-0.0,-0.0,0.025244128400703635
105,0.05229062309870387,0.017640240652527027,0.007683211220043359,0.003518816328949006,0.0052041082507088025,0.01980334209331121,0.07887722938587688,0.01268318565271932,0.030567340135117374,0.053445999206649226,0.030169979373554662,0.06567429799554497,0.05374019357857204,0.022048767494923696,0.023930229850950214,0.03556566140554362,-0.017165822688912057,0.0021901891520305916,-0.002009696444087679,-0.0,0.0268913437599528
106,0.0485132169905602,0.018512543978824795,0.008603635735079078,0.0035698397518360765,0.0030163687818210295,0.014616397971660386,0.07735268172923314,0.014343313511044287,0.030256646355472133,0.05076817058623634,0.02933658281095702,0.06348917920134117,0.053306649579763034,0.02429710900366428,0.022390446265310306,0.03722532963288541,-0.0156580552752024,0.004900209153858778,-0.0,0.0,0.025917111565356185
107,0.053926129242084835,0.0184981162582161,0.007484075357546909,0.002629554111326075,0.0043632943486414675,0.01634980202594069,0.07627450534273217,0.015382702896729182,0.029749183870395338,0.0535260991905624,0.028752344363894983,0.06425929615198589,0.05558056863580714,0.023084088536013552,0.021390941142374283,0.03940448478729948,-0.017438206078921235,0.0049967435657385754,-0.0025626529216518255,0.001640076750500429,0.02855893541963508
108,0.051621371029066436,0.018607476144571897,0.010339482376999517,0.0012683425756837782,0.004747176638420665,0.01637088765093813,0.07842154487835451,0.015423608854345634,0.032171159935487706,0.05446491589954518,0.028229823083007942,0.06193907144607796,0.051967845022482986,0.020306088710973922,0.021509014585524188,0.039243808127637,-0.014947306417251411,0.00276589436862333,-0.0,0.0,0.02539309690354434
109,0.05198102986932557,0.018490526368061748,0.011052446992079929,0.0019158906108144367,0.007170901868763237,0.017933848159926984,0.07707773760996237,0.012896259666025438,0.031064030445156265,0.055310081047484194,0.030860481492615725,0.06582310690485685,0.05819365709512356,0.02348895690445868,0.022396735725213668,0.039123499907050545,-0.01770354224522912,0.003755089160672611,-0.0017293549024498635,0.0,0.026140691315400772
110,0.04927231830476143,0.020950252458241867,0.005655462883026287,0.004004353459070494,0.006813945091680577,0.01625029272752063,0.07507614134866099,0.015477602504473666,0.031110892587141115,0.05422968364133975,0.030763974223932157,0.06266601479847153,0.054443849754857485,0.02340124467261526,0.020163993620690036,0.03725242244082527,-0.016636244650938093,0.005053666736502042,-0.0018927599503979562,-0.0010338822596985347,0.027648825810628577
111,0.05385933198967621,0.0197014746385798,0.011647051541495321,0.006453235417798594,0.005209849578342351,0.018756999424362823,0.0793202259930853,0.013790200887500088,0.0318537280413511,0.054758927463440916,0.032028517260355716,0.06285009246069534,0.05701284498615444,0.0247786252029431,0.01976943837199549,0.035766270713428465,-0.016417892952380938,0.004796501591984127,-0.0011726824964586786,0.0011509413359193398,0.02595043067736056
112,0.05143065964072694,0.017748869577563896,0.00736340543346625,0.003585490889990165,0.006140216019104015,0.018402645604116707,0.08010389608987799,0.015426751272157093,0.030801658010129056,0.05642302757137133,0.03210474088057387,0.06332768391359064,0.05534233032726557,0.02358172228697063,0.022841523526243787,0.037206254483656026,-0.014432294080427307,0.002275702770609165,-0.0,0.0,0.027172378665005055
113,0.05219595035244723,0.01858663129096776,0.008410105064073583,0.004821795271642688,0.0031472839272400858,0.017528934425541168,0.0794915477096012,0.014556001211527005,0.029998943675680373,0.05643896880933697,0.030188612181562997,0.06531218935106321,0.05644522909439177,0.023944738176948803,0.020034480502981185,0.03923141681019254,-0.017603185495075786,0.003786192905665827,-0.0,0.0011918544875691842,0.03056821239039465
114,0.05420896895866038,0.019002711025634906,0.00857135602957776,0.0027449500420974092,0.004542932672436388,0.019935082620663333,0.07862014825258888,0.014775794193655203,0.031058308403370455,0.05555056186262027,0.030605408420363207,0.0657478906635963,0.05770542696514468,0.023532131192721656,0.020465148170298254,0.03524266143363639,-0.019536976078951575,0.004865909755255287,-0.0013799498377714847,-0.0,0.029068252850046817
115,0.05327250317394494,0.018671397544517777,0.009109853134239319,0.0010087414991714451,0.005179893215140547,0.01656498099101687,0.07541876870835362,0.014680896388123806,0.031400091716155,0.054021283237633284,0.028814015162078474,0.06264275600301443,0.05683560852688827,0.022444913483680416,0.0225147824439501,0.037550172624662426,-0.012611357962284183,0.0015264549243860252,-0.0,0.0,0.026965021353545063
116,0.05173861851349267,0.01887975114230179,0.01088373133837067,0.0037066264509207085,0.006003498123348969,0.017298095900004636,0.07837261312564023,0.013789203963923108,0.028469739303992384,0.05324675953205305,0.03020680576876934,0.06576843780438674,0.05607141548305699,0.021065141844696017,0.023417645242385113,0.03679068567538886,-0.01723085432686877,0.004450828674873891,-0.002170451300303336,-0.0,0.027239539292265788
117,0.052579962963478784,0.0215972162122713,0.010665592098900849,0.005628975207705115,0.004528929341887482,0.015021462124065897,0.0789635204365158,0.014502565672805345,0.03129982856183774,0.054929839893808265,0.028777752466226172,0.06410645685416146,0.05701017085043988,0.022725577131065575,0.022450662457382753,0.03703987967995189,-0.017263830820621818,0.004825659216809678,-0.0014196112718913188,-0.0,0.029335867572653742
118,0.05170508620263332,0.020090184564939988,0.007392000262368218,0.004301892781618995,0.0050762844020380594,0.014248326560715363,0.07907119188918223,0.013562010033442824,0.029660404735656717,0.0531241913227877,0.030079990036030985,0.06318405822516436,0.054141471174829044,0.022768001031468515,0.023320826923806298,0.040660163381580475,-0.01411168923949089,0.0025729574927456254,-0.0,0.0,0.02529391466928569
119,0.05025904366061449,0.01892979426285557,0.00906700431675049,0.004101745556780846,0.003081269262794265,0.01931730640901471,0.07622166275734658,0.0162006640094894,0.030229027348217967,0.05344178276632378,0.0313668367125242,0.0653167303924612,0.054013934341684444,0.026220626897702607,0.02104281088825682,0.03932096724632257,-0.01825546819778587,0.007658429557955507,-0.0017244299963051454,0.002449094108383718,0.025709712359870088
120,0.052567597800107835,0.019393156525085206,0.009133676663243375,0.00406961662140363,0.006965101048924517,0.01342174597989106,0.07905324909085334,0.014267451977920335,0.030253448955669015,0.05312667827384357,0.030514337438266384,0.06579601858489273,0.05325817130272125,0.025068838432108543,0.021569064019918583,0.03918304638789562,-0.018962094281422655,0.0022007231473608418,-0.0,-0.0,0.025570738681886584
121,0.051839058451416085,0.016996493374380254,0.007844771334503625,0.0026089085053449964,0.006750896302715669,0.0199385357062619,0.07837391155166042,0.013252786388830075,0.029360737511004344,0.051631675672214966,0.02993223565865436,0.06596364557215578,0.05621880884654582,0.021428625245085875,0.023788571788399385,0.03582353757776143,-0.014928417241228186,0.002121671544016108,-0.0020020999076083338,-0.0,0.02482546768770966
122,0.053359025757881866,0.020850024876317545,0.00736340252436231,0.005829568490611108,0.004400038235754386,0.017659056185037287,0.07551137988402237,0.012960160511928769,0.031284854583878606,0.054017743276108254,0.029832896554971577,0.06390618348309364,0.05479321521198159,0.021702378075344617,0.02222852180467854,0.03859921651303829,-0.016397329547770328,0.005723661068600659,-0.003081987134716011,0.0015125861744611638,0.026181840904336617
123,0.05375015297884709,0.017192002660706095,0.01209969827112571,0.006419569088468216,0.004524179527631041,0.018257965044270692,0.07691264868532227,0.014539138248548899,0.03162968833766131,0.055727437288806116,0.02886730278606174,0.06357336368532111,0.05760533377512387,0.02383054031980753,0.02256477790822705,0.03769315075369521,-0.01840429334083428,0.003546719883440672,-0.0,0.0,0.025852195246411257
124,0.05097768532596212,0.0200895002005498,0.009638330031053112,0.0040971845529873775,0.004273319860555974,0.014983370238094524,0.0746800893949356,0.013207077467256294,0.03374550577656869,0.05366421660738888,0.03125637830562414,0.06590740563811995,0.05215791352912898,0.02293751772400739,0.02198678715512068,0.03686994880153362,-0.015673440150463673,0.0019354655046736758,-0.0017717250944704601,0.0,0.022745048506478856
125,0.052845125414683475,0.01879053145050406,0.00869582790475622,0.005950281259827156,0.005009463359085134,0.014035922287734745,0.07665674964648679,0.012697456625619058,0.029803057909911525,0.05339452181202439,0.029624494335314947,0.06485508996025913,0.05168603683619691,0.023453257510380056,0.021886311064737377,0.03708869169719644,-0.015003050098940212,0.001656700761564666,0.0,0.0,0.02602684207842741
126,0.05201625626544913,0.018606552378644458,0.007398205099169658,0.004320939718978008,0.004593312169801386,0.018575364591007205,0.07678817606655106,0.016117726248151887,0.030822822237371785,0.05405921372048486,0.029895306433705405,0.06374132717231584,0.058625794355058165,0.023316615430287915,0.02322604213414717,0.03590308187354622,-0.01664369165965506,0.003806198255132938,-0.0,0.0020863472394626686,0.026118061899260553
127,0.05052063962906521,0.018431336329105145,0.0069435507760720215,0.0023400677847742668,0.008067389576647674,0.016006243715394563,0.07743649151877793,0.010924112069298268,0.029735810048121907,0.050798315573058556,0.03075021909213329,0.06383318119189181,0.05466631868606765,0.022525636330028343,0.02142542781337225,0.03350731503964025,-0.015839501002103566,0.0059584870935771245,-0.0,-0.0,0.023021357562790713
128,0.050904434956515664,0.020095518113062358,0.009379123847886528,0.003770017435872317,0.0051709465240086655,0.018485850125727857,0.07668219945388627,0.01538309134573175,0.031484843005716856,0.0525189620289916,0.032023830441087905,0.0635582570835854,0.05707655032717424,0.022652706248154502,0.022669164390871483,0.039937833463185794,-0.017094527587961077,0.003065021007927139,-0.000892896662393918,0.0,0.025399820564860447
129,0.05088293808336732,0.01850570681959302,0.011237058986032413,0.0011119878417140867,0.004014678419588303,0.017216449244094698,0.07728006199603502,0.015455597821617732,0.03337828920900892,0.05505567289990168,0.026555310252953768,0.06476109571865424,0.05561922517322268,0.022677050426505415,0.02244153546098,0.03568946410178516,-0.017000222180451777,0.004908760841193204,-0.0014285923742571914,0.0,0.02640995846711756
130,0.05187127238614233,0.01972844325037022,0.009599817427034493,0.006007608238788949,0.004772837985676936,0.015825708937835654,0.07784663421197757,0.014809994384875368,0.030680666460333635,0.05277049011185617,0.03209838984810139,0.06523589707746545,0.05228221537755929,0.02284029730563235,0.018924295308771995,0.03327478740787214,-0.016504724032079646,0.005056016962723242,-0.0018705286315066722,0.0011993547233650292,0.03088998254488413
131,0.05362059237219025,0.016808639525646023,0.0072386125572087325,0.003684018244685571,0.0041073198267549335,0.019554622436787978,0.07734833091569766,0.013598741251860873,0.03098248486963313,0.05170474457446137,0.027376187959600545,0.06449372169925055,0.0547248185438968,0.02224972610638006,0.02033632179245244,0.0369084653953117,-0.014658929614331576,0.000796176335144821,-0.0014974862210732998,-0.0,0.027429748015174615
132,0.051650579601510205,0.01924215551452956,0.009699636863251098,0.0035951316091650263,0.004856584458651312,0.015802631833019276,0.07931514662624897,0.013951890686586742,0.032203129330179804,0.05407256961660978,0.030137129962942086,0.06713119546326318,0.05349766912151103,0.023442295822208834,0.022925667903680474,0.04013245983999974,-0.016066005731189128,0.0023589701636137503,-0.0008544601100665279,0.0,0.028952462041470294
133,0.05106275056503397,0.01827257898285111,0.010069572410122877,0.004626594596654003,0.007048101518981406,0.01511518184716029,0.07773239614242951,0.0140001931425267,0.03179877516513532,0.05407795588757716,0.030345400482008747,0.06365751105188103,0.05620505645665987,0.02154511520417722,0.023631329288627156,0.036186435242585434,-0.0159054764866366,0.0033498927102880945,-0.0015901501943080237,-0.0,0.022811285405711573
134,0.048527678379284,0.01723215131642586,0.010867404787048677,0.0038519641842494293,0.005121620685203227,0.014088836990955079,0.077378068045905,0.01754078938120357,0.034614850910474323,0.05272329767498552,0.03238900226273801,0.06577864032020664,0.055335474660988024,0.023734812764091694,0.021680424835959663,0.03265589587374281,-0.016491974360552983,0.002888719427558605,-0.0,-0.0,0.026278268214368225
135,0.04990581039789208,0.01723952515165357,0.015550518996340437,0.0033999464185994186,0.008100728149730996,0.01765430789443303,0.07673980705775504,0.013424678465227304,0.029598385584502174,0.05552050959855842,0.030463303066170726,0.06836412650644294,0.05572318725116298,0.024529700317937195,0.023807256564099794,0.03753137386772473,-0.015578963825217508,0.004548145071180503,-0.0,0.0,0.020681329178099343
136,0.05353416783689872,0.018262032878292304,0.006292974528673832,0.005736026695314648,0.004191657667376267,0.013488949134612557,0.07621256240122397,0.014463261695845811,0.030599699315193706,0.055214422779117346,0.028385276417381155,0.060908136944693936,0.053600469408306414,0.022218789755816582,0.019598786893065493,0.036171180904337345,-0.015069322960746569,0.0024831931724382038,-0.0,-0.0,0.026901846399335645
137,0.05143704718150517,0.017409541061901092,0.012326927763056512,0.002549763412921592,0.0062775315513944096,0.023058536238102622,0.07700644186310995,0.01508390919368985,0.033285878001003376,0.05445832214660559,0.028959427877902892,0.06376850866416951,0.05520006265580123,0.024127955314707974,0.02196882055008275,0.037323629182302955,-0.01511623028165438,0.0037013229543244233,-0.0,0.0,0.02806235591130404
138,0.053474604504375675,0.01939435464015497,0.011114113495641996,0.004768260059666069,0.006394060252871704,0.018919491089963117,0.07986226759316845,0.015590430820838105,0.029568156240283684,0.05528696775782141,0.02999960724005593,0.06582162283545484,0.053890418760365474,0.025182431188331786,0.021258586281143268,0.0366580967469912,-0.014981033456467712,0.003148091715977407,-0.003148146833488007,-0.0,0.02999720985289475
139,0.05376994846306523,0.019719422471696724,0.011549860176427182,0.005903448506628366,0.007621952607184849,0.018888560993785237,0.0769846269801822,0.011752481726657368,0.031774994580456725,0.05552717707097194,0.030583909826269042,0.06440376509628008,0.05513808601395144,0.024501332380550953,0.022922540724318312,0.03647702543046534,-0.016915605384454677,0.004206116228366543,-0.002633579008382457,0.0024345310268726627,0.025199309749892724
140,0.0519771250421407,0.018535176291205227,0.0067744438841817745,0.0,0.003636754805656883,0.01878838410190185,0.07764604543279244,0.01413934417050536,0.029229692170749687,0.054219129019194616,0.02698428319210994,0.06516091011638019,0.053974245749161306,0.021405299184934966,0.020529210265210478,0.035810012613906685,-0.015066540708545597,0.0027304854426999903,-0.0,0.0,0.02337283443995562
141,0.04905305551554678,0.01769664268301073,0.008616272777558666,0.0,0.004745543292045734,0.016888536815980314,0.07664636610414133,0.014053599792264759,0.030368958446760793,0.05531312137191276,0.030243089636517093,0.0625540859182107,0.05406943930717852,0.02239385067262893,0.020178621484574406,0.03714902341489489,-0.015374976195867198,0.0045283261799736645,-0.0,-0.0,0.024186817232474886
142,0.05354446254595367,0.018528578581970462,0.01006341061844643,0.00452465341108905,0.006666335781802985,0.018032469749918952,0.0761643808827636,0.014764543646254905,0.02982950958179374,0.05493467127623086,0.029722779334806035,0.0679808709646143,0.05608396788324386,0.023639594743017415,0.02211867098810771,0.03755776411927134,-0.015549792827372202,0.004180083006394548,-0.0035543841076612977,0.0,0.026772970169856608
143,0.051844308185977135,0.020588385252810214,0.013321185157724163,0.004332786999271239,0.005330448419089216,0.019869163177388575,0.07670284801034452,0.01486717350566195,0.03140156819028123,0.056840435343995487,0.03032763658424221,0.0651650551512473,0.05600984516459056,0.023366487091777965,0.020039196340823455,0.0399460101263042,-0.01610807526266552,0.002346265554408697,-0.0,0.0,0.028114711216278208
144,0.051311856438070326,0.018900542090614453,0.00976811599735492,0.0033258465992225617,0.003389942655132254,0.01759885238623523,0.07765330218360593,0.014642336631503116,0.029329095731526502,0.055437656761329376,0.03146461213713645,0.06425400845868744,0.05618403580016295,0.024441256043253264,0.019046017692721254,0.03991963037914612,-0.015582074983307177,0.004136665708790969,-0.0013033595881336583,-0.0,0.026216612334782088
145,0.052059907046349725,0.015997360122110813,0.011945980553647477,0.0027730346338814597,0.0029187412239296507,0.017343084862690934,0.07797909324913949,0.014663978446433414,0.029192044632342037,0.05403936351979232,0.02627545645657439,0.06077552917186045,0.052298854633974795,0.022496748204270993,0.01863695949712205,0.031582231867041455,-0.016801163636932424,0.003222755696070327,-0.0,0.0,0.02722923037849731
146,0.05314307243226221,0.01920446957888675,0.010134362808072077,0.0,0.005202799333077183,0.014886855054314948,0.07642635750949245,0.016253252009866284,0.028961840662683654,0.05525411423497131,0.026559658188277244,0.06375610167870407,0.05828806429662917,0.022604237759067957,0.02066563738135105,0.036582711179834,-0.014698632089890409,0.0016542400238090723,-0.0020549429148692764,0.0,0.027217987066223893
147,0.05497443869424235,0.018552859124738724,0.012699425350738015,0.004645066852848319,0.006987993005447374,0.01910481772852792,0.07619692176629986,0.015709958932991496,0.032478967937820936,0.05514352562852838,0.03134897005438587,0.0671074747115576,0.05624787327588127,0.022800757599636724,0.020325414769714417,0.03701503628495182,-0.015627829408575492,0.006885758735479376,-0.0,-0.0,0.02501717753677054
148,0.05383987949211847,0.016544520282569284,0.012330288558357088,0.0033161703535489855,0.005593973193681647,0.01751418516455509,0.07753861343968643,0.014645985171267573,0.03348596109441834,0.051950963367860675,0.029154745517801377,0.06324680561431056,0.05657266815313142,0.025492211991540895,0.019342548497440232,0.03994072084179449,-0.016922906926784338,0.0021211106309934526,-0.0008560092890244559,-0.0,0.031248060577556632
149,0.05385352752346086,0.020490886053754206,0.010142927507107127,0.0016477388130590775,0.005488057683080549,0.01709590792428385,0.07710889524663306,0.01521159551645578,0.030726697510504556,0.053733140181113845,0.030919909487019618,0.06659178594847104,0.05464054249126445,0.02131542842019391,0.02509059740705153,0.038865426942204476,-0.015908909674748277,0.0027756251977922642,-0.0015328044048080803,-0.0,0.0258181848038704
150,0.050369896296612975,0.019230507763331156,0.010160393501249698,0.0055596915926327305,0.006085570117666607,0.018305722883467542,0.0785279458222554,0.016468916289502058,0.031059937898210845,0.05481647344035071,0.027126721343877735,0.06564096438182188,0.054559162739510975,0.025242542447371757,0.020593394113429184,0.037665462284430996,-0.017533761570464167,0.003878672364910403,-0.0027860257563946454,0.0,0.029072981988674123
151,0.05279363674959812,0.01893215181272703,0.010272024756841188,0.0014800611920873093,0.006615522855880671,0.021045019125450325,0.07772705128775653,0.016132304871771117,0.032237378796926064,0.0537776368582736,0.027528200200966968,0.06615684288946896,0.057866005532402086,0.023336267324038824,0.021847742543331657,0.03629299110825505,-0.015543653472871968,0.00273904562928352,-0.0,0.0,0.029429319112932555
152,0.05291169860777483,0.019899370000915143,0.009214307640114066,0.004423562388950548,0.008171784469568023,0.01813963497637479,0.07710259199066286,0.015636679999075295,0.03107477591889949,0.05641231936634835,0.02968599799541856,0.06449191741376938,0.054184931421660004,0.022289005571455456,0.023327967849212386,0.042334882705911916,-0.016500039497627045,0.003045927428484424,-0.0,0.0,0.03132252225521442
153,0.05288338652098254,0.01652815335438968,0.009310771144152801,0.004108707079761173,0.007152618741012866,0.01888605068316496,0.0822055208332262,0.013409115299964912,0.03182085091856219,0.05543228560546169,0.028836929620467976,0.06342174672533567,0.05604441694694937,0.023014436503264908,0.021094488132527553,0.034750099783439264,-0.01628850875137095,0.0026155129591078803,-0.0022217459503921905,0.0011799846204128123,0.028876671842506956
154,0.05077163599505311,0.019646318640558987,0.011034537792253045,0.004335457892090482,0.006168267245339257,0.015411198566030737,0.07723349328995813,0.013872649435024071,0.0315846263985031,0.05311904295751696,0.029845986868473093,0.06671314768917644,0.05528374749940535,0.024084330268932433,0.02033529600932794,0.03636681880897146,-0.019284356433256725,0.004153284320238612,-0.0036451232037586034,-0.0,0.025930785162931406
155,0.04929633369503646,0.017259158833401986,0.009175848708846851,0.0032353982008490553,0.003481196064294874,0.016029648685806235,0.07823330386777773,0.01451264562662541,0.028938281907541514,0.055296684470074416,0.03175246994528394,0.0640492505663994,0.05632158607882114,0.02124973878259472,0.020780824308595187,0.03710791638559805,-0.016775637518470943,0.004977129098198545,-0.0017752315246701547,0.0,0.02763029259995808
156,0.04972700454826679,0.0189672458071733,0.009866832015529405,0.0010626804658161791,0.006799842593790961,0.019284521821121118,0.07715918423324558,0.0131556126327444,0.031069375801382103,0.05396597968401871,0.030292481304193826,0.06527138591885467,0.055508498817999415,0.021953012936309656,0.021139733301369437,0.039516581090315105,-0.01727025665200888,0.00425222184993299,-0.0,-0.0,0.02865159247393429
157,0.05105595673198231,0.018366918035332514,0.012937973632994173,0.0035274560432453747,0.002411644094862191,0.01638496904795696,0.0781782729706905,0.014693054400562762,0.02823079876305021,0.054723352623757104,0.030233490424593633,0.06710467376979302,0.054374374142075715,0.02230729760696793,0.01763188633686943,0.037325294349972955,-0.01892253743465569,0.0036261722343163957,-0.0014697917211496767,0.0,0.02676810276368284
158,0.05206987946440961,0.016970200261102523,0.011451767469432952,0.006356680040705869,0.005318728544914097,0.016374133962046414,0.07844224287999312,0.012027472411803481,0.028634759137654942,0.0553804723373474,0.02933676228999327,0.0646897815359268,0.05474068154576526,0.023559341357363678,0.022577826322640753,0.035897382968248175,-0.015138628167726384,0.005926492308467657,0.0,-0.0,0.028911230853108497
159,0.052707490250138544,0.020519486203092435,0.008800233496175898,0.004635509632170387,0.006192945036665651,0.016720379547945363,0.07951570737004113,0.01336507998998084,0.03351659135802145,0.05497621192279404,0.029104695794184617,0.06774768180560906,0.05396275962046641,0.02527929100600064,0.021742354812063526,0.03604219342323267,-0.015386397059283635,0.004091843616337397,-0.0,0.0020624841378901228,0.025742747112195163
160,0.05207427659305534,0.019346877581168955,0.015326854854797718,0.005197886270661688,0.006163981013565747,0.01622908395467674,0.07710443887918655,0.01575281871911994,0.030706673927547227,0.053962030779228586,0.030434887630037124,0.06621570964056833,0.05526373579882823,0.02310545000732723,0.01898948080054564,0.03416461416998649,-0.017418190202352052,0.004531327445658875,-0.0018224224064806998,-0.001828589100338242,0.029736710214547366
161,0.052794034222516266,0.01894924687507469,0.007343667356394718,0.0031881311230217593,0.006491091031912418,0.0202050434041616,0.0768927648999475,0.016049942744291907,0.02970469057043899,0.0541892451868209,0.03091275719284911,0.06383999808832817,0.05747266443249281,0.02375180203945657,0.022081984278033286,0.03807830846043251,-0.015706545916578017,0.0038708068412063945,-0.00230912237925261,-0.0,0.026097109174383043
162,0.05158246125077108,0.018072456448559666,0.008777243446342098,0.0022170574703753985,0.004610790245335181,0.014786462283816545,0.07614905336902776,0.01383287772856482,0.02990704312439455,0.05758252434115504,0.029652444917961394,0.06658433015208472,0.05707601839933288,0.020468435978707393,0.0214942337746995,0.036097664643223636,-0.016401490225288036,0.004588522301247325,-0.0028306820874135505,0.0012312823223956425,0.02828875553084554
163,0.05228233745543204,0.02046133557595981,0.0076862560270398355,0.0039303300265493574,0.00239443323766072,0.01729328608708901,0.07506457465454125,0.013993208915116058,0.030924904637680217,0.053987359768392744,0.03178869336914017,0.06631390598380646,0.0581108834547628,0.02149361946433795,0.02255106707299062,0.03828571670131955,-0.01515680953040151,0.0029797715596956435,-0.001133017434672586,-0.002123988735948409,0.028243638473681523
164,0.053573520314414126,0.018370614672887545,0.011137835545401334,0.0065048734479191475,0.00417227398432162,0.02184640397081908,0.0769019611950379,0.015023702156973314,0.02936702034290499,0.05415198299693488,0.028212992498938716,0.06599311871174397,0.05354382019928991,0.020749879714002505,0.02146683311092293,0.03551224629279956,-0.015348168511638715,0.0025292482492096,-0.0,-0.0,0.027378017211192672
165,0.05057615947156765,0.020123002816324544,0.008781080346794886,0.005609716317870988,0.004547375544720248,0.01725214303926841,0.07650203198915677,0.016295514529541807,0.03167671923152774,0.053131318178378274,0.030619454002468172,0.06384695755355156,0.054829550992660854,0.024451409052610708,0.022547941066211427,0.037413569453839314,-0.016347453383437138,0.005359717753961118,-0.0,0.0,0.02688390331030166
166,0.05344298176001181,0.015825008646656057,0.008991738563488193,0.0037547685615518397,0.005596627665511526,0.01755615836895338,0.0773493781479057,0.013381793746004855,0.030372639685112928,0.0521532437847244,0.02752268530703826,0.06104639769140306,0.05619683460011104,0.02177021909429526,0.01809488705870155,0.037202777555233,-0.01631763743743836,0.0007423733535030531,-0.0,0.0,0.025899418247711893
167,0.05204440476947765,0.019879060915396186,0.008401538302475009,0.004621277737034955,0.00824546425080564,0.01971741370484806,0.0757003499903551,0.014209232020384311,0.030448772426592722,0.05578346402279991,0.029072561249820782,0.0669169516614039,0.0563097647542989,0.02424022650016694,0.02206210386472951,0.038689019093756,-0.017609304248198326,0.003262723257900675,-0.0021602548490830963,0.0,0.025839976344632965
168,0.050377220728372814,0.01765493921128287,0.008672450655081355,0.0022641220571841428,0.0058904052953244026,0.014301770283220997,0.0795282977984907,0.014351047562782953,0.03045360052569194,0.057326027400249814,0.030010537811933333,0.06432359850587488,0.05269081408889697,0.02271578523508329,0.02002259583335371,0.036553804507256135,-0.01642190335958985,0.0063489782887217044,-0.0,0.0,0.026469182429767125
169,0.052978059682944015,0.016935422799271658,0.009612392081926316,0.003005716310451376,0.004598337214299971,0.015686299739655456,0.0789369334967968,0.015347665813721201,0.027804957406199524,0.053615644438595844,0.030632308459603966,0.06658335900695277,0.05339582587118294,0.022390466723321005,0.021040232721376572,0.03606644008078809,-0.021019040044781234,0.003862192980112427,-0.0014320352030738638,0.0,0.028787524131641814
170,0.05243734315874066,0.0199058081044072,0.012453235699128292,0.0038601038337873006,0.006487599502182967,0.017320203764065928,0.0778910265877332,0.014668066436800648,0.03043798619686457,0.053598549153767105,0.027100628421149617,0.06574242314007052,0.052615621325365,0.022063488657543658,0.023496780225589344,0.03824173103465227,-0.01860868913516992,0.004387753557949714,-0.0024108854906407544,-0.0,0.02526786381311988
171,0.050429629213374086,0.018653102338389745,0.008575644768221126,0.0037931093851247114,0.005860815778661357,0.023207829969988224,0.07603054709647103,0.015695822710395716,0.031484251590512186,0.053262461806792734,0.031059431892973076,0.06638941266637563,0.055636966318041874,0.024442141490429444,0.02301740346654846,0.03702704801769093,-0.014510030099037181,0.003304608829745329,-0.0,0.0,0.030375117674233787
172,0.0505462505825159,0.018430007762985468,0.009622535719551824,0.003703801255722556,0.007028638246717492,0.01810151088231065,0.07624298225504603,0.013067272659556463,0.03306587049240321,0.05213186651337711,0.030684896165551683,0.06405042568197244,0.055426558979747714,0.02269110216060429,0.020823651736208905,0.04046789060809791,-0.016530800705319964,0.003709827677017832,-0.0037652330296093855,0.0,0.02913497661389421
173,0.05044733763673588,0.01880582538520333,0.009022689113271748,0.002138977953184249,0.007459062665806151,0.016262077680332474,0.07692630479352645,0.012601943694182608,0.02970786528348632,0.05217559674616264,0.029226433229919767,0.0653052891860188,0.05496224460927688,0.022717499782754873,0.02220984242432111,0.03871220940723889,-0.012399121880036761,0.004556366231188064,-0.0033471043388697917,-0.0,0.0280552771246822
174,0.05212123732186634,0.01955368900754939,0.008595366370615209,0.0058496231777990446,0.008760092566997115,0.01800443974955688,0.07942945753461025,0.014212729621698674,0.029312844133857714,0.05275065781534711,0.030547428391399276,0.06499218042438644,0.05745533514704645,0.02328453749598326,0.01949375252261099,0.0336438443889279,-0.01792850666496169,0.006117393276700249,-0.003341764504177513,0.0,0.030813786402386373
175,0.05245774795085422,0.01934929357490005,0.008246264624537623,0.0065167225333117,0.004421076180064301,0.01797498615275125,0.07700344405811185,0.010875838059653033,0.03136484849716924,0.056108199878274236,0.029676269684129872,0.0640766565759612,0.05661567705987498,0.023843644315276722,0.021713670349884404,0.03736662174333622,-0.015818829885183676,0.0034283453808843724,-0.0,0.0,0.029420227280515993
176,0.05427284289093186,0.018711079872645742,0.009722325481285923,0.004955740550921075,0.005631739327138578,0.01704779462883143,0.07891964807717886,0.013214298647828394,0.030717190684281758,0.05375753963338595,0.02954553091480998,0.06533062792115224,0.053278118418533624,0.024505765837233538,0.02172717016756402,0.03630147348688083,-0.015373523792006911,0.004625060944028308,-0.0027892158602343437,-0.0,0.027914079438389285
177,0.054309628976052474,0.019578292603116124,0.010550923667200148,0.0013293122685296866,0.004421999787927202,0.018015625507558745,0.07543811220359181,0.015463688407167232,0.03077379471014306,0.05458487329464666,0.03001726488885067,0.06561539008656513,0.057218466347833376,0.02410227387395381,0.020419941903422105,0.03838973633334369,-0.015715982417468955,0.005259967179843486,-0.0013189527972322015,0.0,0.025927605372497737
178,0.05212440120131457,0.01781128293536688,0.011193813398940452,0.002295526755040403,0.005990450368242459,0.014828046943280344,0.0778839746529277,0.016364628664975338,0.0324228026150855,0.05413579482982613,0.030089159383457832,0.06619059877804512,0.05472303791987108,0.02423286094702624,0.021767345450564198,0.03863567019165231,-0.017426809254280695,0.004271012731555307,0.0,-0.0,0.02714168930857116
179,0.05148327743482432,0.01833678700287211,0.010669079982250022,0.006033404340937255,0.005233789754575619,0.014114321580982896,0.07842021331554837,0.01704244314776547,0.032191096390524636,0.05474577248735939,0.02720009455557498,0.06568345528682827,0.055389472920256914,0.021546142322585338,0.020079131735417134,0.03659669225994161,-0.017689938400160487,0.003550783660236981,-0.001549873834062409,0.0,0.029896804402663086
180,0.05333319025873958,0.019864807333492402,0.011302762410987419,0.004275141268828387,0.0038165175700548355,0.017188389665005775,0.07863509572304288,0.015211897010384098,0.03134995554487227,0.055524780460030024,0.02976032721188677,0.06358717372184158,0.054355383514053786,0.023770050131005697,0.02177493158601094,0.03859686747348666,-0.01899589703124418,0.0043889796308876124,-0.0,0.0,0.026816898424741956
181,0.05147567686027879,0.021221812147078002,0.007684758870643209,0.004960416552742838,0.0029419843181344146,0.0190043918356705,0.0783501293065152,0.012224190910259874,0.030494283952492166,0.05306268509720362,0.02792230839043691,0.06751968675733772,0.05501995991989025,0.023954080166736804,0.02113960699260868,0.03643029717551943,-0.019449946436836375,0.001903764137547431,-0.0015382911066769188,0.0,0.02465739931132496
182,0.05363876857268569,0.020585799838467717,0.010696962591055107,0.005127995639538247,0.00526277902606816,0.017550865526791522,0.07707380733633586,0.014154077054775878,0.03128878574749593,0.05649992189605116,0.02732561142946528,0.06505792167592918,0.05145082404208618,0.023393566264273098,0.022514887892709036,0.03698986854885179,-0.015425375720257302,0.001917786457587878,-0.0020956455052558716,0.0,0.02633467251449766
183,0.05372244983938528,0.016379247636021322,0.010247305833327811,0.006411053505717614,0.005330284039138661,0.020093556734790925,0.07577236600874249,0.014635752800028223,0.031713302866303944,0.05360189967748344,0.032712995271351415,0.06250232123712779,0.053662999167214544,0.023187042912510263,0.017888996746760494,0.035895252796498904,-0.015544165108046754,0.0064310325037018265,-0.0,0.0,0.02687403209329294
184,0.053555973463256315,0.018913032840119175,0.011650225620489292,0.004608023434744637,0.005147902917991375,0.020010210755745,0.07416808503665052,0.012657989021392728,0.030600215370663604,0.05343662335927551,0.027934137640423896,0.06354152682354691,0.054486866102046214,0.023878098059336397,0.02423012469198658,0.036109635991613896,-0.019881157607098344,0.003527792701738493,-0.0,0.0,0.026154030455670454
185,0.04983817828934814,0.019326034402906686,0.0071917437701140546,0.0022817936241283704,0.005155519490632125,0.01934337010739164,0.07994963279015486,0.015112811070423669,0.02975293370639553,0.057129905266828686,0.02887745672348113,0.06776622855941657,0.05200437390285758,0.022429001767083498,0.022730966626393876,0.03459033214658983,-0.01379025462198414,0.004365657526364017,-0.0,0.0,0.029855853322859557
186,0.05068853033835186,0.018281805271968495,0.012653255473556838,0.005178625844184825,0.00634165901737339,0.017380791946192724,0.07621598065809418,0.015062158336137273,0.03289073156121933,0.05424296232536279,0.030650757411946335,0.06795700338987473,0.05320144649188273,0.023612155297436682,0.022201548204991893,0.03946621007013392,-0.01652148019928086,0.0035228774188541226,-0.0019880931391395773,0.0,0.026885159560522853
187,0.050016293184157734,0.01967526165235286,0.008386179958199515,0.004267435708104511,0.006681421050717072,0.014931643566236122,0.076372589863114,0.011329989335457114,0.03159594204846246,0.054709501036723715,0.03161708830600504,0.06504752632649997,0.05254352453121009,0.02432886366075924,0.023246075655264223,0.03549593578396451,-0.016720026925726474,0.0049024449921264675,-0.0,0.0,0.024598497052802256
188,0.052284052874146406,0.0187676849763407,0.011628629874882787,0.0038720060969377607,0.00352940863196108,0.016441076745462312,0.07587782724593388,0.01395138598364849,0.02773953889660279,0.05426041507199801,0.028376029011570925,0.06348954051997527,0.052590868526244755,0.022393846224214923,0.024098874723718973,0.034115518081960214,-0.016026938583984983,0.0016812956258981265,-0.0,-0.0,0.028110721440387537
189,0.05063782389867007,0.020024130600128254,0.008988373881361214,0.005004957286093614,0.00805362715988927,0.01670094205906888,0.07786403411262185,0.01220981014842783,0.03245204222567246,0.05440117616540721,0.0267427423508673,0.06542352130305952,0.05446994298911981,0.023115361220281863,0.021635293902143672,0.03959062687378596,-0.015189246506615465,0.004157345841353564,0.0,0.0,0.027308108047765057
190,0.051392636579643367,0.019808477871877804,0.009432422134928608,0.008206412264898197,0.006446470657759629,0.020034465615865034,0.0785901015311474,0.013268014905975114,0.027938953600360222,0.05618481717426383,0.03156141619048357,0.06625908512826853,0.055954020262043984,0.024631323418097574,0.022807319857410496,0.03680926814653578,-0.01376484635972154,0.0025905224290563686,-0.0018984470298526173,0.0016403360369195367,0.024433379826337354
191,0.05397449832444442,0.021013856181481858,0.011536132126677897,0.0024194755050991083,0.006159056642472816,0.014405669384188784,0.07759488623714862,0.014813342793408816,0.030968417570314783,0.0534994590393727,0.02949551506443467,0.06579263505210774,0.05749477501145198,0.022480830837718485,0.020441644471644153,0.03934569357318577,-0.015137693989810984,0.003362065780331138,-0.004514463870516995,0.0,0.026934125711959453
192,0.052538884295996145,0.019015623963445208,0.008696026332410811,0.0012871655450875006,0.0038788288860201426,0.019176729108033634,0.07706504510945181,0.016379382606528766,0.03079729412629304,0.05496427073875365,0.028228262275563656,0.06891840979329654,0.05469009838792954,0.022614539664761665,0.021738660734123737,0.036246144322044004,-0.01570079923742395,0.003908027398858048,-0.001967119206374608,-0.0,0.025500361833811186
193,0.05064656001095483,0.021283273455692954,0.012188131151136185,0.005133997848781712,0.0064444306553173795,0.020993109213080004,0.07956911570384717,0.013821658245672943,0.030131127235700873,0.05483134135421161,0.02950909707634721,0.06321017325711432,0.05356695956692338,0.02355342726267844,0.02231129679372089,0.03722924128296544,-0.018954082952865048,0.0016986031687983873,-0.001101395265043092,0.0,0.02574793750886699
194,0.05118083961418046,0.018768604551408583,0.010676272274241384,0.003830382636534918,0.006063130554966375,0.01687443902401225,0.07998104938509495,0.013916973801752136,0.0312680577482476,0.0520289189826465,0.030060170212815186,0.066580953878955,0.0586153069748336,0.02402817826761019,0.0212325734792773,0.03392167025894543,-0.017523667740531716,0.002652553951664797,-0.0019185534881016857,-0.0,0.022275915415896342
195,0.05158900225442333,0.017656857284749004,0.00947292301889726,0.003958987303466368,0.004356969660961077,0.02200604664788645,0.07703314300092114,0.014493305934623191,0.03169363628913891,0.05396877877797362,0.030530570339180208,0.06372568785421508,0.05269314164871411,0.022257490152353693,0.02257221927942663,0.03693144978038908,-0.017246949996967343,0.00490137783153638,-0.002117733134447186,-0.0,0.026125460884437547
196,0.048530617809389213,0.01860103490145271,0.01123139389382925,0.003087435576235097,0.004981154853524671,0.016915222602838485,0.07738449945344648,0.013239706717832518,0.030399739938691404,0.05358416949577181,0.02686668570688052,0.06259787035233672,0.05307769712114202,0.021174485982213793,0.022268067247518356,0.03646372755629469,-0.015645181419064874,0.0012069444592989716,-0.0,0.0,0.02538876266423004
197,0.051325121881018586,0.020070731476352147,0.008780461726332301,0.0014615995840499374,0.004863950928658414,0.0185960159607326,0.07654571496456432,0.013077787024619363,0.028735690698136036,0.053642238608235006,0.028056658103652606,0.062406808701427396,0.05071442473046467,0.02308091731466386,0.021537409335227544,0.03909517409662394,-0.014283067032845697,0.0019243501583028884,-0.0,-0.0,0.02554388264899095
198,0.05208176558139601,0.021287513971838343,0.00866086425492464,0.0030264695552418438,0.00641567420623905,0.017865892385505015,0.07708720815705668,0.013576792302958853,0.0314991513221692,0.05368368511321197,0.03149319587753624,0.0649338869468331,0.05806669727871899,0.02447384961506988,0.02213247670058014,0.03766227035944781,-0.016762543657940703,0.0037294788098475914,-0.0011014862171318885,0.0,0.022875875294905087
199,0.05031469888323493,0.01677823575598208,0.011157092369551475,0.004326615098521698,0.0037060031575906734,0.015225406946121053,0.07806221628985847,0.014835208171144745,0.029938771088108496,0.0538218818374222,0.03048030016210407,0.06221643584056937,0.05154788934978195,0.02319235720341453,0.02125563081376822,0.037309344634383235,-0.01550700987541675,0.0041546203024561135,-0.001977028484904025,0.0,0.025540178616260824
200,0.05052977738227759,0.017061330415597962,0.012921589992146295,0.0,0.005103476476571611,0.017135652008043192,0.07708944778524279,0.013007613378222703,0.03276034384745592,0.053251090794947525,0.031142573479566227,0.06373805181816836,0.050462144442339346,0.022751299357784093,0.020966585533821438,0.0381913735501887,-0.014318928662401417,0.0024951480388194867,-0.0,-0.0,0.02919118147275846
201,0.05164677771383276,0.018058491562196136,0.009973289033304607,0.004507553042216426,0.006221198088304189,0.0199522857667351,0.0778864762730744,0.014730911927189312,0.03226337583941655,0.05533336354182694,0.028299659564642553,0.06319332405646585,0.05537791268793736,0.02247152724513767,0.0214809926953722,0.03727781560973901,-0.016518290045409008,0.005882819885886645,-0.0025110096624133527,-0.0,0.025449121157519978
202,0.05324228134925717,0.02002824858582046,0.011401830054453005,0.003673665428408782,0.005326083790894203,0.01938644265069531,0.07888640346246457,0.014690196092039167,0.03319244878434887,0.056523009094624606,0.029469195105869157,0.06736664328553867,0.05471971096799558,0.023789740398170573,0.022997668057787562,0.03826758979315683,-0.017972807167256147,0.0034051918861180874,-0.001736657273077999,0.0,0.030265492297119112
203,0.05373466869141736,0.01916997928884259,0.010582713144999008,0.003183985548747831,0.005881609746422203,0.01539006122014617,0.07724307919930383,0.013812025412441831,0.03217124646934319,0.05460104456962221,0.028925341918197917,0.06642167102706402,0.05189354987568031,0.024209261976524104,0.02163116025939434,0.034674630069494436,-0.015818665521297647,0.0032733188897295863,-0.003722233847864966,-0.0,0.026280947556079407
204,0.05419166682709316,0.017564962553601918,0.009523412051517788,0.00348062215226996,0.004710349172035875,0.014385402363123568,0.07762035480457835,0.015513019527025076,0.029777732301281164,0.05640754081906823,0.0281958161398746,0.06456782323347557,0.05540223693578985,0.024575790073536247,0.019767879378810672,0.041690683445405906,-0.017239274524583546,0.006844251878543954,-0.0,-0.0,0.02852399168872016
205,0.04963251883668047,0.017972383949470244,0.010267197143823152,0.004703868520286973,0.004077556599549125,0.01618487992087841,0.07774058017876491,0.0141534125492725,0.029908801490990573,0.055674275854454745,0.029799231700183542,0.06613456429081314,0.0541426835410915,0.02782297525571183,0.02103190434254518,0.03659020581333531,-0.01602305655563108,0.004662606485347738,-0.0,0.0010966421366694855,0.025879033207451572
206,0.04931412716156924,0.020282467413467946,0.009642644350165134,0.002771456513576051,0.006230537904041673,0.015730069789682707,0.07774704388975226,0.015080039240781084,0.032205208997526776,0.056299641725415066,0.02832063542447345,0.06730321970632622,0.05778236600259625,0.023334683063653088,0.022397665940539643,0.0327669055522892,-0.015289809941912296,0.0037579972498585105,-0.0016039010411206677,-0.0,0.030320887653300342
207,0.05284001779175688,0.020296450747419762,0.011601077719258947,0.0035266406439051195,0.004513973623253821,0.02036249166545119,0.0773729751538862,0.01585053787624903,0.03152859352178001,0.05374280129842719,0.028033046520136135,0.061988215055270905,0.054892408117034525,0.02100040884406531,0.019935110670418203,0.03596654510380038,-0.016960109927332018,0.004470311427036603,-0.0,0.0008438978861113869,0.025962354252429994
208,0.05219865512425368,0.018571191077882056,0.010427933406929473,0.004631707744606871,0.00559351018096814,0.018915435776444882,0.08035553379900744,0.014023385830910532,0.032115374763167365,0.05349748430652532,0.03186516196277412,0.06550026726812769,0.05569385927974985,0.024637219309426566,0.022546137597810104,0.03802805517934316,-0.018343080540303532,0.004071703873294081,-0.0010190763246293198,0.0,0.026410056139470523
209,0.052137044529560646,0.01912064739797597,0.008929825001073836,0.005096057896181472,0.005088554419699268,0.015210644371413935,0.07806632972989427,0.01342432625108954,0.032132059080150814,0.052499775083053195,0.029918344758657615,0.06381846139651745,0.0538474135033494,0.02283779294782762,0.022300313826670318,0.037883807253234564,-0.017940979897814294,0.006233027100990621,-0.0,-0.0,0.02746966267233256
210,0.050073140713553066,0.01972500074856883,0.012319340839361636,0.00320458005931895,0.007625725199159582,0.01601607787988433,0.07736870814604056,0.015306501564934271,0.030585183904400678,0.055275606589276,0.02913425794767551,0.06557811105293461,0.05505982591752381,0.02175772950874343,0.02214036597616929,0.03574307435632761,-0.015156109764393173,0.001521612070766299,-0.0022257013393915644,-0.0,0.028944555975736874
211,0.051605097354912595,0.019790625024389174,0.01070382660546921,0.006743062259097234,0.006140926850751708,0.018561380741268372,0.07856718373613851,0.015143271879935838,0.03193325138520892,0.054310137723469175,0.0299935653751094,0.06541892665229694,0.05469651791840429,0.024539514785703,0.02248136721554502,0.03432920263504908,-0.015680806843963425,0.004986966667627619,-0.0021694926146379407,0.0007920439520929433,0.02650916092096291
212,0.05011658835707475,0.01816211209594788,0.009433849995917327,0.002740445156137477,0.005500811004368038,0.018474618373390327,0.07600143761824855,0.014551413819545911,0.032451914330639084,0.05520743132926198,0.029129750759271458,0.06549314911410732,0.054579805236725704,0.021203363852612102,0.021103648752288914,0.03644894511124997,-0.01713132286201356,0.0028661846017800797,-0.002339489698152942,0.0,0.026836792892842663
213,0.0503468341813756,0.019139552262130297,0.005833708694492233,0.004300212317161555,0.006043106940088402,0.015350538633891153,0.07901534989850707,0.015548215193035087,0.03264113750366826,0.05471840796475317,0.031652127765794555,0.06421790031488159,0.05639262790605801,0.02314521101631272,0.021127683918830204,0.036044842994836256,-0.017184122242609692,0.003416330917940668,-0.0014283882173978658,0.0020687678522332263,0.031111251178600054
214,0.05022711238110124,0.01771473788281907,0.009778987549003876,0.003123207734023773,0.005539960935661296,0.014231393485894325,0.08088212137417118,0.014795001589730768,0.031165095393475162,0.05492976610724134,0.03206141622190077,0.06508073187495204,0.055217418569550085,0.022095776778070005,0.02197774538886962,0.03659628401911039,-0.017815966961795465,0.004055124881006417,-0.0033670521791634538,-0.0,0.02674423824817518
215,0.0522910143423823,0.017525962950482903,0.011297545736842376,0.0035144728457875115,0.0037142204236112826,0.020716861361780838,0.07849051167507504,0.013100553749637322,0.03184654028858511,0.054359592279276024,0.02990835136483722,0.06848834503682176,0.054558598210170776,0.02354196711520411,0.0227225501634999,0.03759269079312157,-0.013914751421611969,0.0038021360581103783,-0.002586429725197258,-0.0,0.026501781350275165
216,0.04938870746361192,0.019028909825914927,0.008001291584828237,0.0029601332552567886,0.0071671903503536735,0.01591875245558735,0.07711913726089314,0.015045046077889956,0.03464290691119586,0.0525887327961838,0.03018660564768737,0.06529846132609385,0.05110873884938303,0.02145622774309362,0.020330633067529594,0.04068941299981303,-0.015717326584478438,0.00339347020388606,-0.0,-0.0,0.02682369955205073
217,0.05404510762852594,0.019429083705127866,0.008896398876701416,0.005851068790329504,0.0037282511729097665,0.018268228664216297,0.07693282966657677,0.017572179980516647,0.030301362207452404,0.054423125936815725,0.03216868185238138,0.06536898602934206,0.053931854880419766,0.021083278905531914,0.02192501959509129,0.03993292155122946,-0.014645226399108402,0.003517882732243254,-0.0,0.00126954682357861,0.024431056247531568
218,0.049529201517215606,0.01926873976526611,0.011483733213702935,0.0,0.0073947150078347255,0.01840117089134765,0.07626524654643269,0.011907865393210175,0.033045386397715766,0.05345522730618612,0.029761165961339337,0.0634310377639072,0.05702401513921641,0.023193571953387025,0.02133555348388972,0.04047542687005215,-0.015644703287295933,0.0,-0.0012836258269927417,0.0014759020847579837,0.02652892977743143
219,0.05177987868876827,0.017651859215935536,0.010412059493334238,0.0038294904525090667,0.004529564103506745,0.0184595022199446,0.07793088886705131,0.012568353101954264,0.03071764669545752,0.05362048177211331,0.026746218936797503,0.06624368087761956,0.05633508376008002,0.023223988284890935,0.021452057876431684,0.03914419168103121,-0.016127159515091517,0.0050085397766332805,-0.0,0.0018966898419930307,0.027653858154022635
220,0.05000259293472083,0.0176177037360014,0.011503019599505466,0.002840898847211326,0.0030519951219619675,0.018594488876539052,0.07607033193519547,0.015389941151004677,0.032427658285228235,0.05157888808199895,0.028955745441579837,0.06768577301178025,0.05566908842628126,0.020784333471810013,0.021989406092091247,0.04088916104213932,-0.016316343965000767,0.0015215783575051767,-0.0,0.0016097791962845903,0.027340640232858385
221,0.05043833047358038,0.01633680242332219,0.010644543335886911,0.0034512386558193118,0.0033540607750038635,0.01341093158332142,0.07820671743131129,0.013722201814939822,0.033467369750600086,0.05538196819902246,0.0238128482677119,0.05896931771807574,0.05328872576751557,0.023704804875901604,0.020995805951665385,0.04019020072643414,-0.014878034683899543,0.0032618335815531624,-0.0014143847061606834,-0.0,0.025178682624275625
222,0.05217794655140494,0.01658416576343248,0.010684384821368244,0.007577674794356662,0.004928863754236466,0.01738750635807259,0.07910829914976956,0.01467683413321548,0.02930034669910932,0.05680617386477953,0.029180476446864972,0.06345797284393286,0.05714388933686307,0.02468508670696022,0.020937025518130474,0.0382357697282465,-0.015373283636848884,0.005913188411595629,-0.0028160870802595678,0.002564779583142964,0.027946132916643673
223,0.05398885570414308,0.018648671106581895,0.01010331116791954,0.004531285205574342,0.004996430392430042,0.015883508717481336,0.07914473811658301,0.016202682918140615,0.03228265522228764,0.055796258710519575,0.030514824014180562,0.06623167514726569,0.05231046441837892,0.02594164815607198,0.021806323498085835,0.039092554159086385,-0.01719521578028286,0.0030038884587302002,-0.002254749771964853,-0.0,0.02550428100474671
224,0.04887667476071314,0.016787222309228078,0.009525287860903993,0.004872585441846492,0.007160515062951592,0.017214871712439073,0.0777333534032327,0.01222773652194526,0.030059081508320446,0.05506627454897866,0.02880911337680623,0.06553981755616173,0.05433326935894006,0.021991608423607395,0.023853211152494388,0.03688042224614697,-0.014832779041396578,0.004512015045487581,-0.0,0.0,0.02546366615763682
225,0.04991144833455155,0.020779488784052027,0.010679872415844782,0.003688852766224297,0.007992135396628759,0.01716636326170891,0.077732437583283,0.011597317013291959,0.028802468927066886,0.05336657652582955,0.028195725523535164,0.06521958183796643,0.05707572598917816,0.022100568434590285,0.023339311140174266,0.03657158702039807,-0.01716450804513757,0.003815318763679385,-0.0022373200996045777,-0.0,0.02450921615222838
226,0.05334328774615411,0.019634543606809315,0.010730376879098764,0.005386501673940064,0.005037714085931063,0.01740811776443849,0.07899432365608766,0.01369622871940177,0.03223048891862002,0.052654330090701924,0.028933916664957423,0.06434080347742413,0.05262857280680619,0.02439315517477308,0.021432081448087434,0.0381098149852682,-0.01770173910474598,0.003971963367810728,-0.0,0.0,0.02843012038616645
227,0.051890681883516185,0.017987439611184357,0.010310491798489379,0.0011910853562649003,0.005979519113453624,0.014478226826343874,0.0765373915157373,0.013654901597287576,0.029802491261719997,0.05652134708387941,0.03016741655252918,0.06462462646809639,0.058283436943417866,0.022844657412096937,0.022809503643714358,0.037338010961739415,-0.014657200949512573,0.004306723270206571,-0.0,-0.0,0.028068119971040126
228,0.048221510136426046,0.018918904902976146,0.009573973562149127,0.0035209518674345327,0.00630770022874016,0.016621992254308073,0.07888234340864426,0.011779967357440189,0.02998043950577101,0.05039900305601805,0.031055436080383483,0.06388129714608967,0.054583462245122165,0.02461323578236142,0.02013820396028318,0.03504318847561978,-0.015533226752616397,0.0023132128937493686,-0.0,0.0,0.02823311015241778
229,0.053244690839390686,0.0198971330943024,0.008822478664527409,0.003985569902606478,0.003141520001489376,0.01869471185439372,0.08044058294545213,0.015547960236092897,0.02930518140097206,0.05647315931082896,0.03136973303031025,0.06623572979003678,0.05721495460023565,0.023328862604082234,0.022386461993169255,0.03766542986587277,-0.018069384192975657,0.0031138731879178606,-0.0023053924055434698,-0.0,0.029715648596272598
230,0.053235908862838834,0.019561504233712283,0.00989884168092772,0.0026063884788725686,0.00572487470296357,0.01497225560126142,0.07680228998957189,0.015565155590838304,0.032659632819384415,0.05306759811812696,0.030455828910036616,0.06535718566989096,0.05265477015516638,0.02450678311228308,0.01958922105561332,0.036265844152760573,-0.015939376811712237,0.0036232820521104403,-0.0013900215561452583,0.0,0.026668893095048555
231,0.04983567756391063,0.021013258496184694,0.009236751903654828,0.0020433039813168978,0.005216907630474669,0.019977662628573176,0.07480842406567807,0.01394714033805394,0.03363794213901639,0.05454334649905245,0.029949998678141704,0.06723420848426008,0.05418289022901455,0.023628792944513477,0.02183687884519153,0.038338388641753623,-0.015693369121662103,0.0018623809874387378,-0.0020496136237548746,0.0,0.02774399183727079
232,0.051133459352778535,0.020988373722755232,0.00889213570751904,0.00546132583918551,0.005249173846056147,0.019716707817883105,0.07679309386095116,0.013580349431258956,0.030418683670907054,0.05570440934101324,0.030620641851091805,0.06680746978458812,0.05630360269719344,0.0250695904584754,0.02322016203573995,0.03456994191627284,-0.018776691308433024,0.00415287836287034,-0.002211702880853081,-0.0,0.026004911971782497
233,0.05154572527936444,0.015516560567323737,0.004945141741702122,0.003486659530104692,0.006809671239641401,0.014511445216121844,0.07990883916854484,0.011664110305077677,0.02876192902731755,0.05430157446990114,0.0294481494182047,0.06496419728379065,0.055758645027189135,0.023493056589200444,0.022157683832472023,0.035642394503491874,-0.01492715092452483,0.0,-0.0020039207496388347,-0.0,0.02388502127461779
234,0.048572536144646655,0.017336602786478656,0.009714242451621408,0.0037855399446507414,0.00505101953009707,0.014322386960360518,0.07764400382706063,0.015840403426510663,0.030403076967474157,0.05686941888985493,0.026702275262036296,0.06776623186893317,0.05403227983203281,0.021590926525682078,0.022978220550496024,0.038270025632350206,-0.01686911071728369,0.002822243062834737,-0.0018235384990932407,-0.0,0.025437115975356122
235,0.05111047925952466,0.0172622539540996,0.010059233618394893,0.0025899026871573816,0.0025468790089120358,0.01795990747347836,0.07705140925343737,0.015534913324806105,0.02893974752337639,0.05352172952591758,0.026621949921239507,0.062280395623493495,0.0542226179118334,0.022418854346085128,0.019665252864743153,0.03720817894810424,-0.01662491518127539,0.0034074415684528362,-0.0,0.0,0.0277083829160577
236,0.05300382756687477,0.018038892146429043,0.010295124228121417,0.00338073870731516,0.00545294551832387,0.015838254912198774,0.07818920498205519,0.013262782075106939,0.031149863859427536,0.05389304116295457,0.02729467074023048,0.06303088026929816,0.05443446366993074,0.023237440205600417,0.02078969619663095,0.03817800672752346,-0.01837165370330152,0.003300312274702549,-0.0010441107747222286,-0.0,0.02998636493590938
237,0.051321817205141014,0.017507323447229783,0.010383237800727009,0.0,0.004330729355754132,0.015463941508019852,0.07697672189067845,0.01267932595487741,0.030819325388246565,0.05560075225004496,0.028133602438564755,0.062402811277884024,0.05394540884785576,0.021900565145471083,0.018660006121253882,0.03788010537096586,-0.015763038609613634,0.0023907697037756363,-0.0,-0.0,0.02853915797714885
238,0.051423430143796,0.01976500685873406,0.008474256799053193,0.003855952663498501,0.005077310126910938,0.017287557729368675,0.07610597366610293,0.014123776420458823,0.03183123740105578,0.05550859811995317,0.030252803224248403,0.0662748843535664,0.05294494676557243,0.02318527731636421,0.02382166972400696,0.03511693561562786,-0.014626496500301551,0.0037415045663289556,-0.0018640718151993984,-0.0,0.028447643981981543
239,0.05408465598196313,0.016958135148882517,0.011172111885808241,0.005439855210675715,0.0049319947045503515,0.014363341173559188,0.07756890084748105,0.015737371726101082,0.02870035317884406,0.05419326832397863,0.029857024218874255,0.06543189477770323,0.057028937107044056,0.023858646724066287,0.02328703010863583,0.03662766654154462,-0.01660841269401637,0.008084384882587347,-0.001530574842762552,-0.0,0.02452636249446218
240,0.04955002506316928,0.02183503828916146,0.009559537134118962,0.004099444281661046,0.00646518900047761,0.015555549801324384,0.07743134135225993,0.016874469493687778,0.030227812685217598,0.05192834332680655,0.029925637545679822,0.06369311683947773,0.05471558188797592,0.022582445977870607,0.021716804717972823,0.03850651226883154,-0.018218911626450455,0.0031875067346661835,-0.0019289119358758351,0.0007590150646870752,0.02831193810195512
241,0.049598951138265644,0.022339285862043565,0.006555048147903976,0.0034145482825482455,0.003660218511996426,0.017522258869430346,0.08044362425874016,0.01349726494314675,0.03176175452965942,0.05497849472932283,0.029585484980308024,0.06668301086883613,0.05459609029675689,0.023292757656821903,0.02214589813107991,0.040166429474768714,-0.015753732988851455,0.003826179777626886,-0.0017721825336943658,-0.0,0.02662970211215406
242,0.051527923810691836,0.01968852130834932,0.01185257860546732,0.004281708041112803,0.0059769865300187165,0.015613378605944014,0.07722239906503306,0.01401069756428285,0.03266558058341059,0.05594897964339532,0.0315572224730274,0.06584850341815067,0.05417681328445183,0.022238045349948922,0.021327122537792953,0.037288346783979326,-0.017851841950691272,0.0015373071258631657,-0.000942819045135151,-0.0,0.029620535917254835
243,0.049534908525924994,0.01927380054101522,0.00920171639615853,0.002556127570507604,0.006475028334571027,0.019044414096967964,0.07944860771397882,0.015393952992545366,0.030976464990528096,0.054097417741825124,0.02787899624481398,0.06788915394270174,0.05190413916539481,0.023340848950025046,0.018345104637675726,0.03654812501381666,-0.017815215583997172,0.006014268241550643,-0.0,0.0,0.026129710508955118
244,0.05381417613252099,0.017971057452260693,0.009127653499433702,0.005615607195865493,0.004159190804974413,0.019928203573919355,0.07920676145467619,0.014033937261866794,0.028190250590605606,0.05240293669852377,0.027281321991125405,0.06490307910961213,0.0546389932865298,0.02443613426054409,0.020191953895804565,0.038214909039395964,-0.01633992619916067,0.003003671189547395,-0.0012264813406461564,0.0,0.027979326674060456
245,0.05207542698901416,0.019481071072949944,0.012723591354426102,0.004303891081131175,0.0068029414664043004,0.01953177933997802,0.07654378971309958,0.01626895664850377,0.030251925537387772,0.05369211400470981,0.03189265503053975,0.06368807328846769,0.053171405328955694,0.025028493819992777,0.022142375629090712,0.03638011344711104,-0.017898305903981775,0.005143302259012718,0.0,0.0,0.02779614204429135
246,0.054627010222322275,0.018088941179124567,0.01069751525028085,0.005238536680360988,0.005474225687519418,0.01786548642661192,0.07620136720415682,0.01343731020172015,0.03168093038824327,0.05381182357962274,0.028182789577972316,0.06586590070725325,0.05265809702606381,0.02331223093318987,0.02018792027664063,0.03685153127246988,-0.017973241105628333,0.0015332444656570912,-0.001592994714366848,0.0,0.025354598822334998
247,0.050905606392801964,0.019384896673282897,0.008451580095721308,0.005932169000204347,0.005364643262056868,0.017804137815575743,0.07587717165816196,0.013442968829153492,0.030535793876544374,0.051438243009819126,0.02870897852613122,0.06434789197456348,0.05487805320350396,0.022870036927089638,0.020930262713728557,0.0348327879795884,-0.017481307606400338,0.004769752054270077,-0.002834669448876589,-0.0,0.02696704884629497
248,0.05101646052716904,0.018272370447551915,0.00807885138658054,0.002010199777238025,0.006612703999935108,0.017899347306423376,0.07852109769368991,0.014275653042225995,0.027753267605449196,0.053591170197094466,0.028882262077803426,0.06591422980921437,0.055839879312689855,0.023400165523152116,0.0196792856652264,0.035051121310459135,-0.015539304841212251,0.0018943590435664891,-0.0,-0.0,0.02769945947891343
249,0.05071331251255877,0.01881907114441557,0.009019643838359976,0.006094128910860303,0.00823406066721603,0.018014743235008172,0.07737215902634972,0.015152428075623729,0.031688647587473875,0.05631302226246545,0.02958673251105289,0.06506014068386441,0.05608153830274707,0.023194653085234673,0.023209651512633458,0.03713910365898029,-0.01659215073834332,0.0032737237595971674,-0.0008723880200173594,0.0,0.028390156868127698
250,0.052374301404666465,0.02074418839887805,0.007535755908366015,0.0022265311187496645,0.005822011333698555,0.019287414239247107,0.07736350972295225,0.015359976783164558,0.03409842713831866,0.055060606163707455,0.028793160067681862,0.06650576173690972,0.056997966638249964,0.0220348359801807,0.021584303473432744,0.03676200263100184,-0.01580851093638144,0.004355518664146645,-0.0020245269092133244,-0.0,0.026749482926142668
251,0.05561272624142694,0.019640910674635133,0.009150913330140472,0.0014074025920886922,0.0056099874085858425,0.018040859124311883,0.0758655868051758,0.01635784466975087,0.02560200639838716,0.05413100487998442,0.031050852507162593,0.06595166682592624,0.057173579282717844,0.022975618358329473,0.022256349168705423,0.03437550259167061,-0.017593351103192927,0.0031881750160373946,-0.0017930169068019878,0.0,0.027252078515659153
252,0.051694662358752,0.016915161453284373,0.01168542731179548,0.0019404060467116447,0.007062621407472459,0.017765354587486373,0.07915640676266951,0.011460573719203301,0.03476540978691493,0.052172690750094015,0.02950867635988249,0.06584250190762599,0.05440222879045714,0.023864929957491805,0.019592237694358,0.037392974019585294,-0.015111875250635074,0.0032174590909046117,-0.0009171269703508084,0.0,0.027478220615401915
253,0.051490869726339004,0.01672366238954114,0.009872653739971966,0.0,0.0026544422432883,0.017007458205667902,0.07535658182879215,0.012760055487208568,0.030375833487003186,0.053448358705349856,0.02920785125120033,0.06430854042389517,0.05625684440008139,0.024353962527108117,0.02045372806547494,0.03572706013789643,-0.013997424217356471,0.0008052202885561058,-0.0,0.0,0.026101966411385204
254,0.05325494487151328,0.02029315221056196,0.014499309165001306,0.005788071047484595,0.004639970367333071,0.019204372327866166,0.08055826103860288,0.014383222437301082,0.031165535338238393,0.056168800731901156,0.027193025578399508,0.06589263295834917,0.05636745789824166,0.02506323309551604,0.023280994675307382,0.038585394322906,-0.017899885267970796,0.0009372086070209121,-0.0,-0.0,0.025769843643866218
255,0.05351018240735351,0.01777578034497561,0.009732065928636579,0.004855732940393464,0.0054111261142897995,0.018697526442856945,0.07695016397598291,0.018588004589832563,0.03199297250990177,0.05445479727700204,0.02976108934684084,0.06401082559269773,0.05843276617884964,0.022251202455129324,0.019091925840593094,0.036231448321354005,-0.016535500551171815,0.004385267659640137,-0.0,0.0,0.026162862689131375
256,0.05084178443807219,0.018589585547810122,0.007316088179903869,0.004572187252846551,0.0068828886216578036,0.018157628726186384,0.08138185956595169,0.01467437938392161,0.030120348469966352,0.051042554867497814,0.028379844169305096,0.06437800983901276,0.0546490321199616,0.023390005428383542,0.01904850282499762,0.03878790133190095,-0.016581905165667845,0.003980544162836661,-0.0,0.0,0.03025766933496442
257,0.05284007211775029,0.018586553801827034,0.008705982287154768,0.0034000576244646733,0.004769899832720792,0.01395782958801661,0.07536990566343091,0.015914571828869115,0.032671498201294835,0.052640012924928745,0.03156126806392898,0.06493540618414691,0.054396047341987344,0.021993933250545057,0.01947650810583923,0.034571382327371135,-0.01538466471280416,0.004477801401802311,-0.0,0.0006959984256675822,0.025557596054773653
258,0.05157713203887455,0.0202413409159616,0.009085012191533121,0.003949028501683631,0.0027252451234888683,0.01699280817962093,0.07999871206444095,0.014224062491725482,0.030433952898719998,0.05610810255801133,0.027784278562532648,0.06433438020457478,0.05566600614094672,0.024350363189704176,0.021956720341315822,0.04100615408994653,-0.017128061670687856,0.0035493473575591667,-0.0015941604148824525,0.0,0.02670738516523277
259,0.052199497811138154,0.016905970783794938,0.009989118809565246,0.004601022657165642,0.0027423079487713157,0.01587705910621673,0.07589649201782264,0.013509870990735081,0.0338216310787387,0.05256668124261814,0.03172817443684368,0.06398832418088002,0.0536116211595249,0.022660558468244878,0.020431359471212898,0.03766404817440899,-0.01580007491197658,0.004905509217865909,-0.0,-0.0,0.025038804255582605
260,0.05057855617024401,0.01672742422124968,0.009137262387896404,0.00221155184449977,0.00440525391751713,0.01606387050414685,0.07732027669722852,0.01323743500616128,0.029689081655575333,0.0573715194789535,0.02857969862647605,0.06357502699844353,0.05249346760039519,0.02110617929279249,0.021322364058630548,0.036402512785695874,-0.014046944880681766,0.0021665835223684494,-0.0,0.0,0.025416880275825608
261,0.05168201062795112,0.018284544267034512,0.010507902500901367,0.003025349567585441,0.006624226893992836,0.015152850937715415,0.07770270023332196,0.01337955636729129,0.02937122011133926,0.053657308953623084,0.03245440541135444,0.06342552937403448,0.05802990123555321,0.02311201936412858,0.020110350669348766,0.035102134017182374,-0.01568079094914941,0.005297034391459047,-0.0006184696991994749,0.0,0.028958311299079335
262,0.05114832951446438,0.020467201263634913,0.010177741072506557,0.0034674871368268693,0.005512108080433225,0.018518840666107865,0.07692750803818973,0.014917832953578515,0.028191892808595704,0.05428194076994424,0.031132354294879833,0.0653609460356426,0.0557616962070369,0.02320709859838055,0.021417789042760968,0.0370885317409647,-0.017339909858297173,0.0029208724176841287,-0.0017863985746439288,0.0,0.027847733947345944
263,0.051633373159688786,0.017821952802571275,0.010481956561300082,0.001908143597731148,0.00222457603955935,0.015207261841330836,0.07700884012050375,0.015310623760522406,0.029073695504440465,0.05654461342439575,0.03139578951064643,0.06434965593861668,0.054035029933840954,0.02385936574644579,0.02253814434011191,0.03767475261281266,-0.016670060527205766,0.0025870394688137506,-0.0028174635939512676,-0.0,0.027394389978960793
264,0.053179011202894096,0.022952726269802378,0.006937513000121484,0.004659723554157303,0.005626500036492761,0.01624940466485959,0.0798696090689762,0.014419908227400956,0.02993546678225592,0.053799733888879854,0.030591879372667722,0.06227024136422062,0.05425686775122706,0.02405915040983608,0.022088231722653506,0.0362277465136474,-0.017421872258991535,0.0044025334524282105,-0.0013800676726389341,-0.0,0.02532940701129651
265,0.05138565105501839,0.01807306174299179,0.010967038709179332,0.0015243699194409726,0.0085327584510567,0.016810474579156347,0.0781532410967631,0.0181147574106628,0.03173098388113529,0.056118110859257865,0.02952699194699378,0.06640624005512896,0.05399059495607233,0.0235542371451952,0.02241168214269319,0.04120649364617869,-0.016226674021813915,0.004285346813038692,-0.0013413719433979852,0.0,0.02617715856631097
266,0.05434343987465973,0.01974450872536983,0.012102364486486775,0.004983269016249467,0.005962217070449489,0.019732030710262506,0.07508427714110469,0.012813164897941928,0.03173589802529267,0.053677951458070715,0.03043135408979124,0.06677069591798047,0.05244235053514286,0.023257828879743415,0.022411789773485267,0.041346561827433743,-0.013975291525791902,0.0012729948700269565,-0.0027725410652418288,0.0,0.027033091749002605
267,0.053638366792028436,0.01980984722615055,0.007137213158027475,0.004332533967979109,0.007204267050850899,0.017678494667564958,0.0766037720651145,0.011353255679747898,0.03032265580532715,0.05154361883800163,0.02962430170164585,0.06474179560178152,0.053084227496108805,0.02148525804934364,0.020917504219801954,0.03404846238557687,-0.01514695080282439,0.0012757237525214693,-0.0,-0.0,0.026231594721550303
268,0.05282342365001792,0.019900501517528337,0.01206005909389734,0.006373664589455617,0.0020758618591741585,0.01901292180617449,0.07942680284477782,0.013968617694427131,0.030693954989491953,0.05498208410608575,0.031029211237657867,0.06518766261750156,0.054772682814772045,0.025159667521622943,0.020843003421971065,0.0382090759723548,-0.015554551211882262,0.004483770104601798,-0.0008528770477964629,0.0,0.027491200153114518
269,0.04969242903720843,0.018021125498302332,0.00808365333192645,0.003115306006737398,0.003907318642950116,0.018067012005356282,0.0777972636411392,0.011973936261828334,0.030404496293392976,0.05436482966945744,0.03064014137684347,0.06525877673897387,0.055884287499050986,0.024611667527014578,0.021890142526132864,0.04047750547729316,-0.016098191484625123,0.005035787061097783,-0.002618921348377062,0.0,0.024896878043162714
270,0.05016318621940561,0.01933097524155543,0.010199168257158992,0.005499977225159564,0.006980407296411783,0.01593108686528782,0.07793250724567413,0.013669233359977485,0.030345550685225903,0.054137703744263965,0.029393012801252175,0.06299683655730441,0.05618915289756864,0.021509223472104242,0.02106473171190217,0.03836082351552101,-0.01694976059866176,0.004263818556380139,-0.0,0.0007752801244352421,0.027282781271090184
271,0.05203256064035045,0.01840444550608327,0.01094216001752332,0.004424868619668896,0.00493928827536822,0.019655186296549096,0.07852986961775464,0.015900771492987225,0.030851549449980205,0.05627994807632468,0.03061938355063194,0.06411819539634918,0.055521118357308503,0.0212351918509073,0.021469476387016732,0.04020423175366024,-0.018273834647241964,0.0027855409617123608,-0.0,-0.0013101793732194938,0.027890473457769852
272,0.05252291061191837,0.018464343203791592,0.010442782178844224,0.003068620888462694,0.004920976006638103,0.019342016605264026,0.08057048505195837,0.013597375737240253,0.03155594425924492,0.055016257326442324,0.028647336520206613,0.06857685629866808,0.053927919623530655,0.02396647362021451,0.02183402614934116,0.03465448538929263,-0.014074102904681413,0.0018805389235190288,-0.0008154278636723234,-0.0,0.025685646798914993
273,0.050647597732274924,0.019994649497408704,0.00890687381632765,0.005871826730673299,0.006267434697202354,0.019096686292798728,0.07675460132531055,0.014950393077654126,0.034830302888704444,0.05404806909052758,0.03223329417298807,0.06600065752932822,0.05370468326432563,0.021864968337136956,0.02147941252986939,0.0386956485527364,-0.017258096909789543,0.004069049921221461,-0.0013944457902976967,0.0,0.028130127417612758
274,0.05014623994346484,0.016948086574005133,0.011902356685607978,0.0023718527036888696,0.004532531455640153,0.013403451088619147,0.07654089587413831,0.01420858065272154,0.030858047688368216,0.05335972402192258,0.02961045606816156,0.06475737555079343,0.0555432679087705,0.02333368046814955,0.02312506019001242,0.04001147318222744,-0.016659154671890858,0.0021813659507736306,-0.0019867780905476395,0.0,0.02618349776889347
275,0.050668122354204086,0.017102929970647558,0.010453659251185854,0.005150423125454264,0.004439608454276009,0.017452273449998407,0.07800601502489969,0.015875789145379543,0.03244216102035749,0.05603792611277239,0.031198821723624558,0.0656313697202911,0.05631242589362864,0.020934317519642958,0.024418639076230767,0.03888936874649653,-0.016804022277913097,0.004418982092021486,-0.0018835381340253153,-0.002051843844124569,0.024888663205848205
276,0.05434643721754455,0.018724725571382203,0.009507013975920046,0.003657858760438876,0.007264804369393376,0.01812467842809142,0.07716423201763849,0.012012927182259494,0.02757584252124359,0.054552842545927474,0.028258768636674658,0.06392740194736964,0.05641794680080677,0.023138843469419457,0.021696904663940433,0.037855186754333164,-0.01573443986807919,0.005237548469908431,-0.0015388913272907862,0.0,0.02810120786178124
277,0.04883352251426645,0.018676953671666198,0.008646050869297104,0.0018246316701635529,0.003484824648648387,0.016028236366309918,0.0781486717156733,0.014122037961523283,0.029516550116746004,0.05579302094800677,0.030659633073951194,0.06546864601442001,0.05392491101377786,0.0228079199181041,0.02111970183954857,0.03874652305948995,-0.017254115699110985,0.00120778708782783,-0.0,0.0,0.03061713362403842
278,0.05103378634743228,0.01871775129131187,0.009882322280584365,0.0,0.002369131821856381,0.013806560059838355,0.0783637170322973,0.011997303737062558,0.0313371023540438,0.0502917972873716,0.02845645594362945,0.06363562954074549,0.05407737940933494,0.023451211766860373,0.022375290611366543,0.037162320387939596,-0.015813625635392403,0.005798133551759457,-0.0,0.0,0.024867093325224434
279,0.05325744591540047,0.018361671293083737,0.011209094672201797,0.004704744884859514,0.005178679504535378,0.01671170603137544,0.07947750258314175,0.0146741152975713,0.03419763519727763,0.054311075209786425,0.028921132428113096,0.06615190386989084,0.0541099934209086,0.02192836018640375,0.021251128027130875,0.035981014234642686,-0.017129607682898017,0.004566418915337906,0.0,0.0,0.027641969993252725
280,0.04956637435943042,0.01902740978556734,0.011581546862871436,0.0024375076227358457,0.005770322865776096,0.017682208218105882,0.07600243362270788,0.012769641082067785,0.031765277772840876,0.05188615551890604,0.02870575120476732,0.06454656845749455,0.05560002704438806,0.022874616966884653,0.023098633123364985,0.03394720149567537,-0.018085280755603242,0.0032465665949732102,-0.0032332940531937036,0.0,0.027402966460285262
281,0.050870277224349086,0.016255004413590374,0.011280904407199545,0.0038619651872970357,0.0066872677916103756,0.018390233579752873,0.0781566621694604,0.014966424139171503,0.03150254985951052,0.05274137020832922,0.031546726627104824,0.06309433047889687,0.05661097619986607,0.023493336010889033,0.021566125426757093,0.03695778769655883,-0.014871658608628218,0.0034763145086935776,-0.0011426711756772812,0.0,0.025765743116771378
282,0.05037487057717297,0.017883931624819587,0.009581508996389152,0.002598866522880241,0.004693308390209426,0.018449449504504913,0.07746408692042756,0.015168002834065884,0.030445086111461205,0.052577691548721016,0.02919065402819403,0.06436962172898199,0.05431539690106312,0.021662162528681035,0.02293138994828553,0.03856433371654842,-0.01645732292352841,0.005372201131149554,-0.0027247500267682094,0.0015217248350227566,0.02692040149610278
283,0.0499983671803195,0.01942052974703792,0.009630319761061018,0.0037387905606381636,0.007956904373416297,0.01591257944742036,0.07640465661864285,0.01627293398917581,0.03376167669139897,0.056316011807595524,0.03126898514722704,0.06461625996434305,0.055073005657584016,0.02481677783128822,0.021729141949748388,0.04070107303395501,-0.017400176904431363,0.0026361682979093434,-0.0022644542500147883,0.0010423021786449256,0.026722765278050568
284,0.04968370954267103,0.019152745670777013,0.00885661392939709,0.0026060644612219816,0.004293555072561498,0.014731490481810397,0.07711529543165005,0.014156106250780467,0.03162793494077241,0.05621268357066096,0.030081313648423334,0.06669633292454787,0.05506049063881939,0.023464750978435363,0.020370370560027124,0.03650804349867535,-0.01818013833856339,0.0035181108042228104,-0.0010627717807307516,-0.0,0.027676539358068825
285,0.050538074839506814,0.018887045951894027,0.007790866729753945,0.00345937661557813,0.0068380722215212065,0.021074670813767866,0.08033904593813182,0.015856443998627068,0.02981538278596329,0.05148178157725638,0.030084107884699455,0.06906941748176508,0.054426045383901195,0.025592277380219967,0.01958118272567963,0.03505968311225347,-0.015868085551594722,0.00476053368751435,-0.002991760226498968,-0.0,0.02540218719327061
286,0.05217905289706294,0.01893391063175788,0.00842437201164092,0.0034040985714052984,0.00655824387882507,0.019286099739149992,0.07778365653198889,0.014040941731650845,0.030205676746093896,0.05611570475218926,0.03080694829284592,0.06543641828206835,0.057312602211596425,0.023547708973129498,0.02014032205938758,0.0385562892054411,-0.01742795958965016,0.003647304523390832,-0.001393822235057312,0.0,0.028279117471521602
287,0.05342472703510246,0.017385444784181282,0.009978643026316207,0.002634341792490204,0.006090245229230356,0.01519509037938023,0.07764997936086485,0.01482739757559237,0.03145121201333962,0.05265902839228638,0.028815015648626697,0.06403290139815815,0.05331487070219925,0.023448809805974236,0.02226187639323293,0.03746616116592482,-0.01650847706462948,0.0014513463080215415,-0.0019347185556321885,-0.0,0.026378731209800353
288,0.0531550564533438,0.017498516718820703,0.01111826984859321,0.0032104727369740445,0.007187196602343535,0.019118314589432465,0.07772632922685235,0.0139497892069691,0.03177267688193641,0.056557358024059395,0.028289466718649743,0.06587222120071298,0.05363753202917031,0.023838804454640445,0.02061598012959404,0.03957026480753926,-0.016543515941105594,0.00229378433164079,-0.0012233860419094387,-0.0,0.030478849307488853
289,0.05129862967479006,0.01988548618131824,0.010884281183093404,0.0049837190704834925,0.002690148283919722,0.016814999756525187,0.07858314209191355,0.01239912303507565,0.028495517406780222,0.050782350796927105,0.029850233085745224,0.06328212402824443,0.05604174240117296,0.022573871549973198,0.021473454122523838,0.0386829790380105,-0.014012885026113192,0.0033139626861857664,-0.0,0.0,0.02590813671712134
290,0.05203481541696417,0.018834917767890712,0.011023098707750006,0.004690751347611088,0.0059682348570248445,0.018817234868932317,0.07699427718785345,0.013762504880300829,0.02906821131613172,0.05540600798138394,0.0294838295164196,0.06634034306594613,0.0558849602860585,0.021647355454218104,0.02140981795278305,0.038670861173691735,-0.01531030685953889,0.003888709568888073,-0.001876428814295914,0.0,0.026109562114014134
291,0.05169896257833434,0.01807031661263785,0.010284774224396085,0.004167387145106323,0.00476017028712896,0.018117692093856046,0.0784933066381994,0.012952777184980691,0.027841450259093983,0.05196651775248049,0.02969437432730982,0.06883737083490478,0.053917208705322614,0.02412374858611527,0.020296764584799645,0.03776258431954445,-0.018298983575872854,0.0024935440963078344,-0.002791007152302867,0.0,0.02860810808179803
292,0.05048019517318922,0.015766255342752635,0.009209078557690159,0.00695783521067264,0.006561516700664923,0.018390534163976187,0.07730867034511126,0.01573260532429651,0.0316252806470195,0.054181891679817414,0.029747567020227288,0.06751862714569354,0.051295146905539914,0.02450836485636308,0.020356692901944834,0.034568460182360074,-0.01662407837325548,0.004206328410863003,0.0,0.0,0.027354695217154786
293,0.0516548433902056,0.017213060206669985,0.013715150756075456,0.002265291594420228,0.004638290469138864,0.020138767024746384,0.0779862208530918,0.014444667874029215,0.03244704433214318,0.054557634530204936,0.03015514929023884,0.06405148564038711,0.05507497074438923,0.023851854788713638,0.021107997206360803,0.0369201608543392,-0.01742301614956919,0.00564008025202862,-0.002033610786871543,0.0,0.025898248567425102
294,0.05136671880371898,0.01791434422718102,0.01096141535112088,0.0040271454277950825,0.0060270203503673065,0.015854352465967992,0.07761269664366048,0.014287493137881373,0.02939425970555519,0.05223412296788514,0.02944935068466602,0.06581843447068253,0.05311298827469798,0.024194296093215963,0.022243578544574465,0.03686273044229198,-0.018046448261856786,0.005872361840800984,-0.0023788107030396715,-0.0,0.02823549201328631
295,0.05142727908975257,0.017385742705402947,0.011558763303823997,0.005143351581204775,0.0074005982542592365,0.01616622357172653,0.07741090179605127,0.014519474834181938,0.0308661070428585,0.05293268418491898,0.03181356999989379,0.06558275857200181,0.0506223277026394,0.021434330934032745,0.021231938015093148,0.038865389413531626,-0.018077566551682377,0.007186959415050099,-0.0023654219429162654,0.0,0.03174547923620019
296,0.05140726173074508,0.019706163472208653,0.011123456317814579,0.005362461804686502,0.005766324026941822,0.018028405133720046,0.07757435339258122,0.012978362243573799,0.033829612768908134,0.0512255320911131,0.031029065342250178,0.05946522118546488,0.05622823415318705,0.023422232892174003,0.01986859313082024,0.03302488062600299,-0.013528176266254794,0.0,0.0,0.0,0.026387247931739362
297,0.04845592603156386,0.018144567537429542,0.009370566062513207,0.0,0.005075750073704521,0.017600563084004928,0.07642824168405686,0.014819708547117783,0.032472485629380245,0.054478127068941534,0.02482156527200025,0.06441654617335417,0.05675931009469572,0.02324219496484312,0.020006482002747735,0.036532353659001815,-0.016972870917804285,0.0016479730983102667,-0.0018801070700670424,-0.0,0.0249022997906461
298,0.04932495022727241,0.02001647229021498,0.009757507134306192,0.0025796350802560464,0.003835310294947216,0.018059876025304882,0.07668304940522505,0.012276036920313552,0.031283329197465584,0.0518083651244706,0.026925195015427835,0.06400706724063847,0.05339660209915006,0.022606422123778332,0.022355698995782592,0.037083436075084346,-0.015956181224168454,0.0028916514657727444,-0.0,0.0,0.02691066149559958
299,0.053396924921361756,0.018707222195478337,0.010238650074269445,0.0048038191045077835,0.00474926810149143,0.019031279997614288,0.07930014553191249,0.01576834944129254,0.031586471699110705,0.05549118563456,0.03091232106354069,0.07035801833152242,0.055869363085761875,0.0225686187189629,0.022634101653378008,0.035555643495920844,-0.016879914452306518,0.002719167015367211,-0.0011671245996264313,0.0,0.028743874066633143
300,0.050537608870218034,0.01859409633381878,0.010933278813297238,0.001925700602418366,0.004784927165143799,0.019035458917194877,0.07672512352094035,0.011914912100560367,0.03214245472544612,0.056378577297525066,0.028512807078212344,0.06479678850228332,0.05128960864101118,0.022008911091699085,0.020715127050004372,0.03848673388773898,-0.015657099623597896,0.004751657811908181,-0.002135989078824006,0.0,0.027905431059516265
301,0.049665328454519056,0.020645608827886307,0.007713393123408576,0.0024438411983537583,0.004265067883915778,0.018052894414822104,0.07883563797418545,0.01636807279637257,0.03215287803644246,0.056450340316168905,0.026991882285928973,0.0639109098899535,0.05630601031550921,0.022441797561160482,0.02314502854685473,0.036085094207571146,-0.019060908030779665,0.006016726540237105,-0.001433196990616094,0.0038406572513488358,0.026722210020609302
302,0.05359931782261921,0.01924958758248954,0.010088813110198729,0.004160493133887611,0.007774106349023525,0.01918872460646987,0.08000357543285073,0.015058855960677638,0.02996539709826632,0.05663518397541626,0.03030115474946321,0.06464916682992002,0.056672258946049374,0.024162437551516636,0.02117619331073225,0.038946787821001395,-0.016489774997373953,0.0031127622869835296,-0.002214727499588074,0.0,0.028933480777910504
303,0.05126452909354308,0.02071928019539777,0.010645692222074746,0.0036048362893399727,0.008918846675265601,0.017117750982305276,0.08006864343979783,0.013771384671239055,0.03231328601264194,0.05192560191098805,0.030870447696066606,0.06453135811934928,0.05341741277267206,0.024061657924031178,0.022798197458987177,0.03384882108104331,-0.016747314001158656,0.0018014446436274598,-0.0,-0.0,0.027759787158747096
304,0.053201416662795036,0.019551089873660867,0.01319651239040949,0.003574340738705076,0.005695385520554854,0.01682911878630034,0.07692269386050554,0.012701868420046565,0.02897532175798557,0.055399205091429586,0.02837524063670965,0.06494523386841522,0.05548589863579249,0.021891019531530373,0.021622791528337605,0.037922380058805216,-0.016201684845845766,0.0008114805495134109,-0.0,0.0,0.027311668809488782
305,0.0531085353517571,0.01722738249432537,0.008111873742380005,0.004241559679847789,0.005164119709954917,0.016358777471147067,0.07666780841750427,0.01367118467183174,0.031106110096800636,0.0565591369940387,0.031219666585838468,0.0636574925921944,0.0537802796294518,0.023460873063060435,0.02293621710214862,0.03931996438630854,-0.016243042621638164,0.0028772380193224103,-0.0,0.0,0.025150328545006807
306,0.05065736478289032,0.017276705775756313,0.010497863397176245,0.0030422436533239015,0.006718594531191766,0.01695550796352213,0.0794555072170601,0.012173846798511025,0.03226822618560962,0.05523057498605621,0.028834467182989015,0.06463665841097758,0.05826166647208867,0.023605573574659477,0.019449964199969874,0.039746922062637566,-0.015543214547485945,0.0031566507136060185,-0.0,0.0,0.025668605875947728
307,0.05407422603632827,0.019911586355977756,0.00908382614313242,0.0034181244855329656,0.00535552848714205,0.018137164780313183,0.07834246863793368,0.01806109899228235,0.0327327147611775,0.05379947288816393,0.03002844630431426,0.06350893468632567,0.056128001877524855,0.021172016793717136,0.020876901661344448,0.03781157770464764,-0.015135506156809224,0.003880863181337661,-0.0017170253204046263,0.0,0.024327729502891225
308,0.04982313422324936,0.016544258385193963,0.009472436122904871,0.001760310178754029,0.00542775593838695,0.019196622011028,0.07578281640936259,0.01488934749541486,0.029820637335000767,0.05340440242705861,0.030741844464814243,0.06527587233394865,0.05450763456691946,0.02281085991864081,0.024317994926766697,0.041685403616993424,-0.019811238207547665,0.004736423456358119,-0.003079878856323719,-0.0,0.028026633658526704
309,0.05285190803658865,0.021902819223816237,0.011493442241215802,0.0016492009780684578,0.0040769318682447025,0.02163834921963399,0.07723454595023779,0.01432635501632237,0.03344368454219722,0.054756453909382906,0.030682432391134877,0.06493147668215789,0.05534163129434693,0.025316104392676567,0.022021266771216744,0.03826525969326773,-0.01560157028304528,0.004292356506044529,-0.001581260964118076,0.0,0.02468436165161589
310,0.05260904191457604,0.019117140976801533,0.009833579181835998,0.004024529293461321,0.00429307647569338,0.019387459074198032,0.07727749787242826,0.012655617814554865,0.031278892638870154,0.05380200790785717,0.030353999916725456,0.0656833156143787,0.052154772949404064,0.026362937417043736,0.019983216232680207,0.034726112489394306,-0.013521824486649315,0.0036171910991108125,-0.001895095508248493,0.0,0.026688494581085718
311,0.05266216054221162,0.017069491079728705,0.010373945036442789,0.004536618952858351,0.00898264099133239,0.014773380030260313,0.07634652017470268,0.014378566066591457,0.030716840280129425,0.05384235178906012,0.02882972173502931,0.06354645516417617,0.054470609269442284,0.023788858317924818,0.022584014575575947,0.038493393047723104,-0.014377656564518379,0.0012962189948048097,-0.0022400587130961607,0.0,0.025182876602113862
312,0.05108388548935154,0.01834957952047538,0.007674316110444674,0.004446057358493115,0.006137256042860234,0.018518345678404234,0.0799129582898123,0.013337395920251538,0.03074472726407417,0.05688905475427793,0.024531144086012067,0.06488139849893416,0.05396189591619752,0.022336474081442844,0.02330774057157329,0.034883731318894176,-0.014904024463065968,0.0010516654536991388,-0.0,0.0,0.025808550337639544
313,0.05147085477432086,0.01710052170806248,0.008256371311458366,0.00411912985913236,0.00426794245895663,0.017626658196975602,0.0773332115273988,0.01428017708344373,0.030992075341190046,0.054482348395364776,0.02976537136764302,0.06654194010757906,0.054253343379341595,0.023131408726550815,0.023552474079713524,0.03871089006862787,-0.016221766611505286,0.003343559861219165,-0.0,0.0,0.02643485630758648
314,0.05025980259252461,0.01853799021196882,0.010622970006258371,0.003253700985478002,0.004767861953022391,0.018856825508647312,0.07855465743982472,0.013598546794221261,0.030775754656911732,0.058766414055049926,0.027255562772207552,0.06496898492935142,0.05579184810108993,0.02106565475615233,0.021044221996360624,0.0387432826191214,-0.01779873826625534,0.005201138561143352,-0.0019711088255671442,-0.0,0.028088334975456406
315,0.05093275718117246,0.021250625610629174,0.00981738392653438,0.003728929115093175,0.002738328974808206,0.01535846190032491,0.07663730912052151,0.013048971776639029,0.031287296510921256,0.05301592458614977,0.027715936218590087,0.06342253057047341,0.0491063414466812,0.021382344682151527,0.019237201042559736,0.03550770384120119,-0.015108186474991488,0.004269448782025993,-0.0,-0.0,0.026514553534463213
316,0.05099223501356103,0.015930349103245957,0.009940675364310479,0.0,0.004880859263764642,0.016903105169857713,0.07519791763315144,0.013102306945925098,0.028624109308428635,0.05300798529984853,0.030328688221301355,0.0643312543724197,0.05282648988107403,0.020922694734528402,0.019380472238754932,0.034367687468798876,-0.013251081223663126,0.0015763956359084795,-0.0,0.0,0.02466517231007983
317,0.05144960793186341,0.016387828832810744,0.009047603923766486,0.001947324770320389,0.0036036488379853704,0.016205207878860952,0.07938452474125397,0.015355971573260132,0.03233238934789295,0.054756074746308704,0.03002594547005845,0.06583093924982748,0.05303495800955463,0.024930859745183807,0.022498802796322343,0.03599438787311982,-0.01662217195252174,0.004245853618555503,-0.002744978900011239,0.0,0.025790974869491945
318,0.05152260682452693,0.022080289246004997,0.009673516461280705,0.0038260580626245594,0.008132279517934408,0.01919612361665564,0.07819943683160155,0.013485071149376974,0.03274875175922785,0.05518776250805236,0.029571124546731543,0.06554891972521229,0.05457189161931203,0.02257855707464338,0.02324755703595798,0.035201871759936026,-0.016899748431778525,0.005464235131087518,-0.0034954381971668827,0.0,0.028126207422485984
319,0.04846285071673525,0.018734278121824318,0.009806699811071034,0.002245760761025808,0.005167142698316313,0.018229474815726326,0.07790826260849844,0.014974815120519626,0.0335994734298181,0.05474275028065071,0.02989752287770462,0.06617167723682567,0.05388206754253413,0.02340929929062019,0.021987571066431105,0.03738821301582874,-0.015401319729066713,0.004801500101440876,-0.0,0.0,0.028078449079912134
320,0.054166126602530576,0.019098433960384856,0.007857448129432284,0.0035276645382188976,0.003514155463057286,0.0170788885382229,0.07665276553746177,0.0165514706366275,0.02870933461527162,0.05128039245037076,0.03097303591331159,0.06564259233105998,0.05460657171862894,0.023562859201794076,0.020406883854273306,0.03713083664839984,-0.013173981102008419,0.002997360765245707,-0.0012456654281680633,-0.0,0.029052861090479495
321,0.051907959157742385,0.01793923440001318,0.008662668062945257,0.00555722227504499,0.0045798758286791615,0.01677410123178446,0.07846045278051313,0.01594236964414026,0.030879055882451167,0.0561647543092368,0.028957222981115163,0.0643096424794856,0.05450199766650477,0.02307953597262666,0.023742297435517104,0.037283678918857165,-0.016534850356425837,0.0015486974416990395,-0.002823606927856633,-0.0,0.02385713156963705
322,0.049281112648974,0.017304227763857268,0.010106271071360603,0.006209952832716165,0.004488673755865551,0.016548943626518497,0.07834403918319081,0.0143160711087179,0.030416094183284323,0.05557914103231819,0.028745527375479734,0.06496802110825653,0.05435574426143182,0.02413459511862081,0.020560396541474325,0.03663615913001234,-0.015084713329410715,0.00598220661555604,-0.0,-0.0,0.027543109895416307
323,0.05661047993665096,0.01759824044860311,0.007063220793053979,0.004619489787446155,0.0034109235187756975,0.015541466199142307,0.07942273195570729,0.015425387891567229,0.028708069934054423,0.05309681807697438,0.029568472479256452,0.06532220315806082,0.05371686900024535,0.023210130580268624,0.02280396836343079,0.03920674833588418,-0.01850352087917553,0.003234706894905477,-0.0,-0.0,0.026444995463792222
324,0.0514818070569279,0.02076455044882751,0.00847913604161128,0.0022353728872302647,0.004937480374029958,0.01628138666512143,0.07853664171930357,0.012427738570493339,0.02965487133612528,0.054917914052416035,0.03068677499558454,0.06575090599129019,0.05257882368631562,0.02312253192141155,0.02087260411535638,0.03709911620121556,-0.016035421337816044,0.003305517689055955,-0.0,0.0015976792730216982,0.024820064151056795
325,0.053129092285944486,0.020347331323038845,0.010860321693586954,0.0066363107943397965,0.0051256821949547,0.01744449770422794,0.07936415143822777,0.014110788302435354,0.029798128464856913,0.05442059252980173,0.028800752061430047,0.06549793134614991,0.05237334446759021,0.02407892350037149,0.021613935750501436,0.035040766023589916,-0.01812216941558402,0.005310984332206851,0.0,0.0,0.026334452129550004
326,0.05297902923411342,0.018769473718986164,0.008521311185537811,0.0,0.004706115158428625,0.018792788316672974,0.07692286752501441,0.012948607605287585,0.031000688244991276,0.05602216211987633,0.028152003102367488,0.06554997122161677,0.05348214413326754,0.023240336656198683,0.022256568697812843,0.036794571182863715,-0.01574520850847316,0.006477746826590287,-0.0007867145014556866,0.0,0.029938633763306622
327,0.04887146660119656,0.02035706059643509,0.007866917386005605,0.0037868725226148977,0.003877529733181989,0.02010843412339048,0.08017200226220782,0.013380128798002782,0.031352833464927385,0.05557959578777366,0.0276987962341001,0.06418526811880253,0.053089101088676295,0.0230055482928409,0.023850862564273125,0.038388857150984605,-0.016677118358828562,0.00651190609201039,-0.0,0.0,0.0291776566511935
328,0.04976508584453526,0.018415405362462885,0.008096539598279445,0.0058181328563283305,0.004208425979496091,0.017281613836357186,0.07638418064927863,0.01626027661616299,0.03000261079289351,0.05417699456835471,0.02927402707491621,0.0629185211536684,0.05310429010857873,0.020768416367050225,0.022948658750244905,0.036001735069721735,-0.01720432722887391,0.003645749935085664,-0.0013195773422746268,0.0,0.026373976332302297
329,0.05003142323836496,0.01792645382937653,0.011223041737300524,0.003206225125138103,0.002104097626959922,0.018793545710992475,0.07907757573654103,0.014165989986284,0.03083867052675576,0.053725770199567154,0.030106952452769516,0.06541546595259014,0.05248325340678928,0.020988068593561133,0.018830947779448375,0.03731658980121303,-0.01622939170136925,0.00488439658224308,-0.0,0.0,0.0276692769071679
330,0.05429010033161391,0.019972763707448864,0.009835734112866874,0.0041936343174990695,0.003959146007871079,0.01685595194547779,0.07618407720720748,0.01476691342061101,0.031062088301671696,0.05545396619151789,0.027934183152120692,0.06536003528711007,0.05395589097571389,0.024394272004930585,0.021579790997642314,0.03919195687823528,-0.013079376267223984,0.003536043321251738,-0.0029737704889521406,-0.0,0.02444162674513562
331,0.04783552535552803,0.019415108927639993,0.010145267786781207,0.004130847479350925,0.006758196790941161,0.014736299440912613,0.07957222175085164,0.012748474646044007,0.03029794113956626,0.051709095941349356,0.029023786204624553,0.06291586246061913,0.05325115445251206,0.023247230462425928,0.023115861440749032,0.038275868814476886,-0.015945953802941098,0.0014207917656956285,-0.0,0.0010081214437203721,0.02376149732458894
332,0.05465014369032395,0.018250291317601783,0.01187058233165013,0.0036062909185029406,0.004764327972388466,0.01890129594517607,0.0786282127887213,0.014719126120219613,0.032027325798007066,0.055795072107423044,0.02912446862643828,0.06509877222550631,0.05345634102371411,0.02258947475037094,0.022491837147388675,0.037775576750715634,-0.015621564294574872,0.002318853124429905,-0.0026689418793517375,-0.0,0.025463076561814894
333,0.05107407828838411,0.01985515363759302,0.010168619173633384,0.003559669314090379,0.005156020378018931,0.016912453747645682,0.07716707203975685,0.015442197128024646,0.028516766606132265,0.05443130183769534,0.02829002055471263,0.06212266021653907,0.05385276610518695,0.02226130648480394,0.020325888442971337,0.041706947093253136,-0.016166258631100577,0.003480627859235184,-0.0012132290414989119,0.0,0.02527358116126556
334,0.04922085691494888,0.01974331451627954,0.007532438870875698,0.0,0.004112562745093195,0.01634316556914075,0.07759393311896974,0.013692993534796988,0.029903670335654824,0.05483974887684559,0.029644352864487772,0.06493822426416411,0.053982951535408316,0.01943471101390741,0.01933783205047655,0.03876147996357257,-0.012648136779676066,0.0006871828691815329,-0.0,-0.0,0.025228574628198087
335,0.05193682038857578,0.017001283001096674,0.013611395137447592,0.0021348014074575117,0.004055988844445269,0.0164029110957174,0.07812678976613734,0.013103532481426837,0.03232206774246006,0.05587347184952839,0.026539237514824593,0.06554497023747584,0.05837961322023586,0.02122495578913359,0.02376558655077218,0.038118492735399134,-0.01386382185004021,0.0024394398111634084,-0.0,0.0,0.02178893978857775
336,0.051864083148250174,0.018551973738754914,0.008545692726119864,0.0036610424710470262,0.0036322971133501093,0.016870481316119013,0.07907478235211915,0.013754159845759359,0.033282916356763705,0.0557588084096363,0.03077698732604833,0.0683565187524352,0.05396875164885893,0.023632239934004793,0.0226213162976629,0.037457384848424265,-0.016853852994727102,0.0034409702675919536,0.0,0.0,0.027468965457234252
337,0.04987752711329249,0.015538032184083167,0.010969565707439205,0.0037651329858804533,0.0044084841113553085,0.0189357343351818,0.07786308376444917,0.015838511909451944,0.03286269291584481,0.05600052484136243,0.0277710941208191,0.06459940285815333,0.05375092187061096,0.026044195673622855,0.02022053889200866,0.036217025078249296,-0.01679934515928463,0.001397772971436155,-0.002773218268985453,-0.0,0.02651803727636507
338,0.050860599096987744,0.018232033198767334,0.011210639193698321,0.006356270720889293,0.005265086874770362,0.01839310414946239,0.07835330633625652,0.01557555996060779,0.030006786333993018,0.054680092025649475,0.03215126495462419,0.06412045155898488,0.05433037940041282,0.023810233266654487,0.02402127540630915,0.03713445309928799,-0.014270649223004252,0.005633687104554913,-0.0012303404623244748,-0.0,0.026484984342675027
339,0.05235331521282989,0.016080549771732684,0.009921257757418943,0.0019182141807935053,0.005383834239258439,0.015269754962303716,0.07829270205279383,0.014541633760225285,0.03374466354722181,0.05670379330494214,0.030014408904940865,0.0642884536075935,0.056152463246413785,0.0236302672858062,0.02049610867562371,0.0370633861020812,-0.01410041107359401,0.0034760315898307043,-0.0021472095151967904,-0.0,0.030083725494859662
340,0.0541956861204415,0.018478515364670586,0.00854463358197436,0.005061174095318905,0.004249735688663427,0.023187371237133065,0.07554196028131019,0.014392503480773521,0.03394448644570257,0.053494228464546864,0.02770845794199728,0.06705803597657133,0.05732461386825514,0.025168160730623088,0.02075393636684306,0.03650455669672215,-0.01688703856690382,0.0022605191930945147,-0.0,0.0,0.027290919401096955
341,0.05287379758994461,0.017423982647218467,0.009540519508551835,0.0055525883248765595,0.0065038087399097305,0.016091395588511023,0.07643715159014008,0.01394137466139957,0.029316439388183402,0.056062877020132976,0.02997996046711451,0.06552805322489876,0.049688781271063895,0.0229488720484492,0.019744755768285858,0.04273723438100457,-0.016397118746741223,0.002711342193108186,-0.002625394208792921,0.0006781528424436137,0.028954513371530065
342,0.051455794186222176,0.01766875817879528,0.010373670177160274,0.003717050188815384,0.007064867193963398,0.01586583432459123,0.0783066514664511,0.016973630394017725,0.03128016593506208,0.05087527246590996,0.02811758971288482,0.06725048085121448,0.055793364803687275,0.02334831340534334,0.02477653222641301,0.037812081871520076,-0.01765877629404906,0.004816186194830989,-0.0020924629135690917,-0.0,0.027690058454051595
343,0.050891891570701196,0.015894665325039928,0.008326528671305504,0.0,0.00485954443425936,0.013352444099324208,0.07723058576082521,0.015606056351246771,0.029863884051652547,0.05369640231277283,0.02839450946922095,0.06379539226355885,0.050222671881489905,0.021910776005014992,0.019110495927550666,0.03840322064148653,-0.014194455575239377,0.0022129839831575354,-0.0,-0.0,0.026048847430807532
344,0.051696218602408445,0.01801781787109361,0.011647986932739862,0.0031221699780509646,0.006614464030840142,0.01687805243369971,0.07832249564233076,0.014600662981930568,0.03032710260597616,0.055209939889800545,0.031096011779329406,0.0650227260012146,0.05471278688261225,0.024517277589794075,0.019704809322219952,0.038717212481227545,-0.01607502947998411,0.007589759813926371,-0.0015211030567934892,0.0,0.02438436820505666
345,0.050511389723270246,0.019593911944688448,0.009688510784194049,0.0019059821612427662,0.0036272497683558576,0.018304466597935345,0.07577377763500974,0.014492554229294822,0.03115886016964071,0.056153789029364354,0.02797575994973082,0.062004761757409585,0.05190719214602902,0.022504665030534568,0.021642053697931225,0.04118626568565089,-0.014552893871770417,0.0038675383377599344,-0.0,-0.0,0.02763840392649468
346,0.04968106847305786,0.019305869017274987,0.010078051858673108,0.004126664870553544,0.00562318325203478,0.01919690804085965,0.07716341034031007,0.012850613749452388,0.030308838692894042,0.057252341998347785,0.03072077297311067,0.06538896083622625,0.05659245937649923,0.022676815359559857,0.020496969816531315,0.03626828273388448,-0.01729646693942956,0.003274023070038355,-0.0,-0.001247348077788488,0.02508091239979412
347,0.04864942015500959,0.017748298690358075,0.010194636351737455,0.003981896923593193,0.006037243498356596,0.018391353377680445,0.07830269895078239,0.015509672678870047,0.03220695511133607,0.055179405008031084,0.03035937846688744,0.06454813165358857,0.05364635488411398,0.023977448938166772,0.020410747775252033,0.03557253441014404,-0.01381657382139517,0.0026761980695811753,-0.0028530587897664535,-0.0,0.027916534445058854
348,0.049554046013327774,0.020498190352302232,0.009376379062021564,0.005409034311486425,0.0056441927813141194,0.014354994158639724,0.07549723619553905,0.015165350150151732,0.03120207688434384,0.055838554933774764,0.029283614430264896,0.06516102015404196,0.054899832327704935,0.02264253685200033,0.020627898206646313,0.0369795053921737,-0.01976056147133093,0.0,-0.0,0.0007618776220302178,0.024079758616019364
349,0.05128134492243576,0.01820910425053979,0.008484629290235284,0.005463366620982781,0.003473271538091471,0.013999565646002356,0.07433925215550814,0.01383479341921892,0.03127260599304014,0.053467181077239787,0.02903527484648705,0.06302051102860329,0.05577182547507641,0.023689535621771972,0.02224172368925213,0.036634433832215166,-0.014971952123551475,0.002040372344138766,-0.0009985668340732592,-0.0,0.025193443540096484
350,0.051486753449242,0.017390211761190738,0.00821785965143433,0.0035491530625445895,0.004372965708655596,0.018713384734463594,0.07881658508784217,0.01569957486074889,0.031234648685220634,0.055696028372837804,0.030214219050827013,0.06472362108147046,0.05556417361721892,0.023353631800113593,0.023219561367324903,0.035404969589870834,-0.02022998450367126,0.0031302646560337375,-0.002262615931076721,-0.0,0.028450045735804536
351,0.049360700005426465,0.018703093478805576,0.011632643360929113,0.005033228554281997,0.0043991596444522395,0.014519795236896305,0.07872458697430137,0.012620461096823934,0.030181141032622386,0.05330609700248811,0.029055954146567323,0.06360017205380765,0.05435878641772911,0.023848281405229755,0.021018518881054334,0.03504952722831058,-0.015701517808010032,0.004829835470595993,-0.0,0.002388557241960324,0.0287922261451334
352,0.051294208313308366,0.018050781037548983,0.008658601606307634,0.003138293976064173,0.004343170725015038,0.017566646780596624,0.07468275941166613,0.014983872798950233,0.030245624120324475,0.053798831778351916,0.028418285851852822,0.06574646780879648,0.05349507026382761,0.023103942948696866,0.02135896804320462,0.03666887952228374,-0.015669209414711515,0.002370681680352268,-0.0,-0.0,0.02502115391608593
353,0.04941254266649294,0.020973988050450573,0.008645965593979758,0.0028847232098023813,0.003418605155778847,0.01772849540001142,0.07337702928036434,0.015118519925704841,0.031803338269683686,0.05313027112835666,0.02722178443913887,0.06528691257970727,0.05529246845556016,0.0226474039408802,0.02239986371947692,0.038410559688054215,-0.0149549470947696,0.003967173028533329,-0.0017047180935867994,-0.0,0.027460083591090943
354,0.05018542157039901,0.01636786253423715,0.012324436406722114,0.0026839608689833362,0.007457527553133374,0.01509684711795307,0.07846572552011678,0.013911777865708852,0.027042726332615168,0.055486867919230694,0.030756305691576134,0.06543417303785813,0.05500248727075928,0.023430874226062253,0.021181971285876563,0.03539764040119447,-0.018163463533315976,0.004590294952272804,-0.002819542769607949,0.0,0.02647990071987112
355,0.05305125773840404,0.01819816256113817,0.007704772141719039,0.0031604620907586547,0.004267290056005982,0.01716659157623645,0.07701320578432519,0.015228741690766092,0.030428831084216085,0.054038750485544705,0.02671968639557852,0.06450756145889854,0.054493810327147264,0.02135971160365544,0.021599848958156875,0.035035720306530294,-0.01621389010930209,0.0029780472832211086,-0.0,0.0012765077589438085,0.026204737631331985
356,0.050859072653197786,0.017416116295678942,0.009908318275031991,0.0038230072734547873,0.005065571014037449,0.019941839592530413,0.07798028495081401,0.014665209491299807,0.029850022236806013,0.054405786006303726,0.030163347475768622,0.06484120069866602,0.05538007820002436,0.024229760040364492,0.020621316746787445,0.033417061840165824,-0.015318101916151782,0.0015537639463550949,-0.0,0.0,0.02784493786648884
357,0.05218539115482619,0.019294379705136477,0.011673638067800357,0.004457390098650097,0.006406920677747694,0.013955923044348418,0.07820939134915501,0.012680282284405875,0.02973763558394813,0.05439572316324555,0.028447975165576803,0.06628462979774462,0.05713780492015347,0.02363637339271924,0.02209922128340519,0.03596918407303074,-0.017924279240082445,0.003967444805154403,-0.0015180675118848903,-0.0,0.02639844130536864
358,0.05124566881848072,0.01892270428385402,0.011764879938551744,0.004033906619311267,0.005061557171850757,0.016845234009948487,0.07607234022288006,0.016832480072589494,0.02852327983848564,0.053647424694456936,0.02947681966275895,0.06542865852948317,0.052163711902991586,0.022074880092361002,0.02245463436295348,0.03368010613715949,-0.01764764692064923,0.0017269090352817465,-0.0017067001301409681,-0.0,0.02472215205387546
359,0.05286132664028048,0.019133046634635057,0.013265678204426815,0.0028889170147263924,0.005977157061167492,0.0197538061112903,0.07687029336215696,0.01565597879907285,0.030326897606134055,0.05492263801955385,0.026838827374712926,0.0660321416842855,0.05376489324646926,0.023613396263582474,0.02341533421907509,0.04101518885930368,-0.01655064152002943,0.0016872498898837542,-0.0,0.0,0.026134318983811165
360,0.05101887367745101,0.018721636579103255,0.009542020388899845,0.0067443562690343165,0.003602692291363154,0.016432432380578205,0.07607940023747127,0.015188706602531419,0.0292064668453581,0.05350816980537194,0.02749563738397974,0.06425988649962824,0.05376884532408514,0.020384567964470565,0.02397414483987843,0.03700731443732875,-0.016718397907706156,0.002130728235896076,-0.0,-0.0,0.027411084186323688
361,0.05009910495891065,0.019711794501563483,0.013056449000488022,0.0028624617014554304,0.004199529611638766,0.016349936476979247,0.07726714184227641,0.013573339196707185,0.03359542325612075,0.054308462708005115,0.029222864272562203,0.06473047428672132,0.05478063033611211,0.02263060391270139,0.02444238673001153,0.0393744952524899,-0.017081627423663592,0.0037625206964589154,-0.001975059380006507,0.0,0.0286802535012635
362,0.051730501978810815,0.019359697703831107,0.010416480529524366,0.001213881344099807,0.006026445852214332,0.017731129753847677,0.07828344076440429,0.014578792078429818,0.028943795331330232,0.05414879719777825,0.0279744077339226,0.0652578442277206,0.055491211760450576,0.024413684215204928,0.023110119586744245,0.03909552464180237,-0.016776774180306087,0.004413272973904618,-0.0015413537208508667,0.0,0.0293038642285855
363,0.05340760621407411,0.01882575235624564,0.009588870008337415,0.005064581802445205,0.005893760914160894,0.01655192123025262,0.07859401413401675,0.013374787875225558,0.02974273557567952,0.05481108598041347,0.030260300090692964,0.0662129369551787,0.05175239231526351,0.022175529177816244,0.023840644945952078,0.037025036887685006,-0.017939476200905913,0.0049303362202152345,0.0,0.0013466302400649485,0.02674254787572803
364,0.051353105572084196,0.019125543779769272,0.008696577169933066,0.004164541087265767,0.006324910479310833,0.017104153257671516,0.08074441286607059,0.013497167268442287,0.030077214359689308,0.053704222310415065,0.027473103702619725,0.0670667263095766,0.05650565174198534,0.02388292334864885,0.019691412404982837,0.037345197637075965,-0.014403203509116762,0.002128771498085127,-0.002398664484752365,-0.0,0.027163004150730995
365,0.053939026552841,0.019050767347513133,0.010235541578598741,0.004014962422661898,0.00766603828262106,0.01745760480759871,0.07795092891616731,0.012688792024758117,0.027917268504816697,0.05327398219351066,0.031039146162531717,0.06459389164408924,0.051619311457011145,0.023473172957009507,0.02031034531969244,0.03914417757914201,-0.013109900720573425,0.0034571658527485965,-0.0,0.0,0.025286826554274573
366,0.053272159511133434,0.018600493858335038,0.010886327452001026,0.0051080547934079295,0.007124300714742225,0.017433056804049756,0.07726048064890857,0.014944969819094326,0.03245877416680828,0.05621392059210765,0.03117415266198439,0.0642209723442595,0.05623706354731455,0.0218968219754687,0.019023004831064578,0.03591202431621875,-0.014652710272303566,0.005250193944917628,-0.0,0.0,0.03090822346433373
367,0.05376131353271361,0.020056484038454316,0.008315920731348056,0.003181190788045931,0.005117596776080769,0.019763113869413085,0.0778713930923104,0.01568242188879958,0.030801055798510682,0.05177829802214054,0.031359247081519534,0.06681788567758834,0.05509837415222118,0.02573557327980079,0.022602316442931907,0.039127376702135876,-0.016141942813632282,0.0035455327226021523,-0.0018681441677752852,0.0,0.028213777308705824
368,0.05383441001769681,0.016408714181705055,0.010440215975969488,0.005563824051836166,0.0033774082997134677,0.014926343944832733,0.07410540090962921,0.0159022191818732,0.03380568744158341,0.0535856848656686,0.03028052454737611,0.06401885293421278,0.054211408361516694,0.023072718150272738,0.021805930935408172,0.038060309110958625,-0.013501498840150653,0.003411655340515609,-0.0,-0.0,0.024835753391497482
369,0.05152809665951367,0.019104910402433655,0.00771555116768602,0.0,0.0009298620053441534,0.015749685341078883,0.07727302145448885,0.013744246372259369,0.027259463071960664,0.05595676401347844,0.026004468814326102,0.06415542391199766,0.05380865750483608,0.02369328250377057,0.021528454338305907,0.03676109993167079,-0.014557666859769919,0.0,-0.0,0.0,0.02496713276810866
370,0.05037770086429486,0.019745309265300007,0.0099048832662146,0.003810332131029562,0.008693171525561436,0.01614524040401217,0.0776145723972508,0.016145404542032563,0.02927238980086557,0.05357016853651494,0.028861715186087614,0.06438813983929716,0.054405063289068696,0.02282017129774574,0.021079368583379544,0.03959869604649285,-0.01629027198638035,0.001719087058394136,-0.0032968256547691206,0.0,0.027067712166983296
371,0.05275039236062765,0.019406991988089938,0.007915658013575005,0.005304733159390597,0.006690948486747574,0.018337889117124556,0.07624324457557725,0.013164760558895627,0.03223409333225736,0.05398013878975576,0.030298803837315737,0.06470192341869989,0.05709247191359437,0.0220037024935687,0.02379596291449174,0.034528998153660784,-0.017581670446487386,0.003558124498275231,-0.0014750663257279046,-0.0,0.029876655787229936
372,0.05003341601841043,0.01779764142447224,0.008716176464699259,0.0,0.005173836060782334,0.015223678308451671,0.07594025230860417,0.01510714552225838,0.03329840047596061,0.05377014543550001,0.02921084973437276,0.06351866289593948,0.05239577821878314,0.023993733269140633,0.0202652062784915,0.03475003087335088,-0.016050927875822792,0.0021608640919431356,-0.0,0.0,0.027611031836974182
373,0.053008455773326676,0.014870744051838735,0.008648888208341716,0.0030283217219603956,0.005434791707038439,0.02058598158373204,0.07732809141910088,0.01493420979958044,0.031674873124871855,0.05354681226913181,0.029085392240915213,0.06332694749475712,0.055731672752647406,0.02554373829609871,0.020844238199523527,0.03863108411040042,-0.015267230035398116,0.0047677557574581,-0.0,0.0006697773533332422,0.028502882097207333
374,0.05297465945963559,0.017418076044552283,0.011474327098105835,0.002674822051269249,0.0051731816616329565,0.019590310553971497,0.07437575621797805,0.014094515762086644,0.032782986308405176,0.05359073355857428,0.02767566723746559,0.06391634451863255,0.057466623046304545,0.023731876445768445,0.021217509556838314,0.03784287406450664,-0.016878141170361155,0.0021877136181930384,-0.002082472686421877,0.0,0.028280482041520116
375,0.049592677980713866,0.020227081742169913,0.011054071403098463,0.004740238249553567,0.003931149648919244,0.017945099256503998,0.07983888711805807,0.013830254947300601,0.03369089432738359,0.05357361573407441,0.029317324146221655,0.06427432653741796,0.05401527094900878,0.023822223010280166,0.02189064964805386,0.038481623915695914,-0.017773956396665486,0.003262903033151754,-0.0014087049910029305,0.001664434806902855,0.024725705579478348
376,0.05295916314869276,0.01885082842095625,0.010436160201804313,0.0,0.0037208237210311717,0.014728947022202997,0.07878755459329,0.015746854346090158,0.03205650807070861,0.05394110184286326,0.02952330286926006,0.06347464043306911,0.05456707738064048,0.020861964273934292,0.020602362348627244,0.036776933674248787,-0.01570620801582454,0.003954662375576488,-0.0,0.0,0.024980735985553493
377,0.05037550362591133,0.01699516516249159,0.011246919294387595,0.0015952521002304434,0.007796408662417495,0.016442807030569922,0.07631216257470232,0.016445768914351955,0.031748537069142595,0.052955302998147644,0.028468106222979975,0.06456744504694403,0.057353020571029464,0.022977378297464126,0.02127379107145769,0.03867935637241414,-0.014487876442305241,0.004419244429027613,-0.001353663136401488,0.0,0.02876194740306993
378,0.05146763964215557,0.019388790797484828,0.009783142918093318,0.003738995725822779,0.005691415353766575,0.013810586798413259,0.07816428841686779,0.01716913279125865,0.029615384845737038,0.05367702178652456,0.030452650066426227,0.06460349149692067,0.057372717135739486,0.02323443032594053,0.021436129126388537,0.03645056342031899,-0.01659096117251585,0.00435534030303512,-0.003369027744384818,0.0,0.029132311383118892
379,0.04906727829439432,0.019290880537359795,0.008383681313579376,0.0029724346022132362,0.0038788143974866247,0.016833192482311046,0.07799123345184131,0.01312872671234347,0.03026226545072431,0.05328677832745353,0.02916321026115425,0.0631150244393006,0.05446583548028065,0.02107777963597989,0.021677961442631396,0.03511632922336587,-0.01685426149903555,0.004281400140967307,-0.0,-0.0,0.025285459021054096
380,0.05313409915726766,0.01928144327683144,0.008079641566192147,0.002113569915901756,0.004216093631150842,0.016680020465408767,0.07625678659823693,0.015074116923917021,0.03419897269876701,0.053230875962268935,0.030608209175070296,0.06608944736193414,0.054878942561666075,0.021537374054086313,0.023161608688497627,0.038689719283223956,-0.017848313801985215,0.003681169118956807,-0.002611717858718829,0.0,0.02668321482957151
381,0.05026141609163955,0.019310737025689542,0.010779660456346509,0.005310163691365138,0.0034922712456493354,0.01403381579733945,0.07856769790896856,0.014104602579339341,0.03320949372294441,0.05505890327812346,0.02905498471295498,0.06504541890995268,0.05564658172474742,0.024249964017347928,0.024967095558455756,0.03578712790565369,-0.01511259384461884,0.0037143742108940205,-0.0027847256410725215,-0.0,0.02791366804854244
382,0.052562321586878576,0.019413525031259236,0.0086021126046699,0.005489013709784065,0.005037680258330634,0.014749279639870395,0.08047495169567659,0.01363238894965827,0.031260730871713396,0.05377946596162653,0.029991644637611083,0.06738328464706793,0.0534581336326364,0.023260896318170205,0.023614813445183184,0.03794163275864999,-0.016097109316183772,0.005945851019507892,-0.001956904285167708,0.0,0.023386851804980912
383,0.05053281930747696,0.020172165070224256,0.009772930664660541,0.003978512376544149,0.00483816128651781,0.012737154517598232,0.07808121196834299,0.014357280918070075,0.032473307093398456,0.05608469084084891,0.029933041245660364,0.06559320673098837,0.05448134496443345,0.02250031043589948,0.024410902166338785,0.036915685902577336,-0.017342026841421703,0.005596020765571769,-0.0033532307243829304,0.0,0.03038429537155504
384,0.05276029452398676,0.021381688637001257,0.007726304646884279,0.002115283648806362,0.004533637862124521,0.014194413185512147,0.07643651263459132,0.013425686751011745,0.03438236262076617,0.05565370688007506,0.028913241887934933,0.06400202722596722,0.053147347618817745,0.020381713114416264,0.020545245892855925,0.037320822906457315,-0.018027236710145986,0.00624082722845687,-0.0011035969698094466,0.0,0.026300198010122938
385,0.0528144914576175,0.017328978805466338,0.008492376601483942,0.0044973186560365455,0.006906760094987496,0.01601453615872864,0.07504517302246742,0.014668583542966379,0.033617716153506325,0.052459258115507494,0.03077067541962898,0.06577830520327943,0.05426763076753565,0.022268461906418083,0.021949703831426855,0.036303410831178,-0.018702188209688712,0.005949552614484258,-0.0,0.0,0.029175836111363887
386,0.05166497632465755,0.017905904288924614,0.01107500285300195,0.0015909599528533096,0.004818472040067386,0.015178716019019581,0.07492545978777561,0.015386619430435816,0.02963751611327462,0.0550259619617272,0.0286052726921149,0.06419961815577835,0.05545534578286224,0.021823392390198086,0.01791930538226546,0.03682861484938187,-0.015446251525062186,0.0015781939198747559,-0.0,0.0,0.025741234876823133
387,0.052681907401313045,0.02011714501433205,0.00845457162460495,0.004084371618681647,0.005788755449954052,0.01612950980771494,0.08035510755766846,0.014667751450208337,0.033015695645487175,0.05405984017580004,0.03229725329056077,0.06562782011863635,0.051509505239041,0.02272456063240564,0.021148118256437688,0.03661578874999417,-0.019781756818720287,0.0036800587401606927,-0.0,0.0009775135075897,0.025008713260582446
388,0.052042776397326164,0.021260462756911732,0.009486695045018024,0.005285044015614322,0.005667752224149567,0.015141853614444178,0.07949455625989375,0.014971220488459003,0.029069323750945415,0.057090292860911364,0.0294436099138129,0.0631879953642774,0.05508697365439555,0.02072927546134236,0.02320251926659454,0.04035068516767,-0.015174361369401911,0.00595989289858809,-0.0013717829471326577,0.0,0.02338793394034763
389,0.050563647650427854,0.01960146075513407,0.009255807047448817,0.0022688647548332907,0.0033075540293224155,0.015513048589775636,0.07774717002979115,0.017755439000735236,0.03243073718913204,0.05330164089714981,0.03170913621474415,0.06573431321534386,0.052913980821945365,0.02140862088253558,0.019405924944329654,0.03747198801747269,-0.017245656395756648,0.0,-0.0,0.0,0.025385324336437004
390,0.050576079633050997,0.020691332083430252,0.00732228065792108,0.002385942400856522,0.00326397306755181,0.015609281903736616,0.07755604788882738,0.015116260551314046,0.028915648397497874,0.0527392856000343,0.02909943807025637,0.06761522833949599,0.054193830315338275,0.023587365156791964,0.021886360193426026,0.036125166350428416,-0.016790782910193893,0.004466412224774871,-0.00312044764252515,0.0,0.02816078651493657
391,0.052452038564380556,0.016343799692573296,0.010585769512140462,0.002745671519681397,0.00715401508262737,0.01937944086135416,0.07973697620723835,0.015602732745152737,0.032132018803426865,0.054636686812638655,0.030146031731064154,0.06384546427107417,0.052795152083893175,0.022888230956304493,0.021377372803454805,0.03667958524926445,-0.016745929183027027,0.0028180648713659936,-0.0011640785645305376,0.0,0.029028895589022826
392,0.05131640798671552,0.01830177245767742,0.010928387640684866,0.004514776153530519,0.006878647608663308,0.018850698869800904,0.07652510897984038,0.014527404565527207,0.029251738211715724,0.05396933351905847,0.030119344762504295,0.06334202860589197,0.05342992218279522,0.024074195854944216,0.02369479410046046,0.04116905006019836,-0.016805851616268026,0.0021276281667114835,0.0,-0.0,0.023751226958808436
393,0.05081394493072944,0.019739351370539143,0.00973990785677294,0.0025977394113480333,0.003095611553862137,0.018137614917228356,0.07829330861714569,0.015480174449836357,0.0317158301330069,0.05497206292692735,0.031978590192421406,0.06343342038943775,0.05444986094810005,0.0245094965062192,0.022926434581442192,0.03559030020599885,-0.015312262150886883,0.0017442813341330867,-0.0,0.0,0.02821255205081454
394,0.05315840444282362,0.018095040346742673,0.009998364183703423,0.004529199327378531,0.004876037002135722,0.020600482003740806,0.07924519812976827,0.01531503271794919,0.0317594219195943,0.05341786915376433,0.029601190248383553,0.06667715296365083,0.05386822557034888,0.021716181248880438,0.02204854388950297,0.039181257907351316,-0.017456984834295305,0.002061847285313159,-0.001320147787393347,0.0016666226683471933,0.028131623424595506
395,0.05033235059835175,0.016538022382166236,0.009958275371363977,0.004677399651103627,0.003612738531253304,0.015466931736176687,0.07800947419491001,0.015897512640554654,0.03431634289276675,0.05607404508112807,0.029380594416943982,0.06488134867608765,0.05639975042420611,0.025450358279332248,0.023042334953114006,0.0365828711637647,-0.0186890575950495,0.0036520920216424253,-0.0010975156316517442,-0.0,0.026973252751699876
396,0.04862331376439768,0.02147315870509557,0.011516148925298416,0.001618660482442482,0.0028277172046612805,0.01618938980982625,0.0797039452288486,0.013899889697405994,0.033184322792335415,0.05516912677409652,0.03105089086918781,0.06361769374295631,0.05335750387992303,0.023045835208343315,0.019490344182881016,0.03305225593988095,-0.017898913399907485,0.002767366101641949,-0.000925671505897941,0.0,0.02608272705731294
397,0.05295513558437711,0.017604924748664295,0.010021315751100747,0.0037165586442578185,0.005326103567015386,0.015520613692869726,0.07896475914575211,0.016463984537850026,0.028694989193186554,0.05505384152009319,0.027954860130933963,0.06448018321715124,0.0538846355108934,0.022255869396783114,0.023500807843022414,0.04350343177637386,-0.016712570744264844,0.0036169469531839023,-0.0,0.0,0.0264813730371387
398,0.052846238486695896,0.018915820485391997,0.010228738994654388,0.002821534148776607,0.005574272722239218,0.019558813955203782,0.07771202739822758,0.016207336655212325,0.03233917030256191,0.053403385291755874,0.029148333614274387,0.06444993467118257,0.05263810978824295,0.022498303113438853,0.02223445002617357,0.03785352089572406,-0.016920774109483002,0.0043516282985075275,-0.0024167095572565026,0.0,0.025870206739639523
399,0.05093606905782913,0.01816196794151755,0.007602772731665685,0.0035432186598537835,0.003930078642529439,0.02202176272832088,0.07840707916769671,0.01605735389661182,0.0295300277734568,0.05622956511397756,0.028970284204933142,0.0636178907878416,0.0521593854042902,0.023885985639844193,0.01875322207846791,0.03732070503634685,-0.016457335300129144,0.004885277945138835,-0.0,-0.0,0.02873549061561584
400,0.0497810192146893,0.018590620325672113,0.012613506429692367,0.002815388209592534,0.005473170772412946,0.01696978483322185,0.07713152631001895,0.013522702047109019,0.030615183318363572,0.05686702389588976,0.029494586557103027,0.06333932745038633,0.05670732916694203,0.020950524703501745,0.020207757807499886,0.036794251288891695,-0.016364132457785847,0.00257122912186998,-0.0,-0.0,0.027675883704062192
401,0.050877284514600836,0.019112483899305612,0.012077905179743463,0.004794834750909255,0.006194419051295318,0.01615476958077331,0.07568151791808264,0.0148689125076874,0.03162335113617991,0.05450542638112753,0.027642029240820487,0.0665262280476339,0.055034453862580296,0.02356024250863407,0.022993602181743872,0.03907722254776253,-0.017557294929589788,0.006112060791339928,-0.0011521767944870265,0.0,0.02900517698077934
402,0.05201681325999518,0.016592638218574447,0.009133186238475638,0.0036440466013015357,0.00769795482842947,0.021666355698702115,0.07884006081997438,0.015716082231024137,0.03105041616209736,0.05413008454466384,0.027651207803501675,0.0646057034681751,0.055028756651327386,0.022365736256995065,0.02060904371223193,0.03770628880703913,-0.01503750563532053,0.005006933661327,-0.0,-0.0,0.02703781157776823
403,0.050919844523964204,0.018029249011470405,0.011156833415535031,0.006733483681008854,0.006779420115915589,0.01418324814195715,0.07639579254917872,0.015335043397696445,0.031186135866561715,0.052764461965502545,0.029762464686256578,0.06688558282142122,0.05525385279965085,0.02253918770509508,0.01906609072673869,0.03830301193227094,-0.015969851396381754,0.002615949862634866,-0.0015109783089616974,-0.0010801047173423773,0.028371753368126314
404,0.051390157800169575,0.01796189289114076,0.010740970039337773,0.0053307099476520865,0.006183728639937976,0.01907088310378936,0.07877076361586907,0.014266536000221253,0.03326840518130167,0.055229484911644346,0.02847515707986851,0.06574391734283301,0.05327467341366732,0.024741360757022594,0.018117126400639637,0.03962683855284573,-0.016323761937811078,0.0021989923659460633,-0.002533362661048798,0.0,0.025022951128254877
405,0.05336699618122738,0.01887283164496079,0.008771462995139732,0.004450272429631568,0.0066458299475136645,0.015738717541155963,0.07870550729761257,0.016404030395358003,0.030400597724777736,0.05563206937515302,0.0335213650912388,0.06522056197854524,0.05507135355746981,0.024421180426171505,0.01911358210393125,0.039159177388313204,-0.015142825574892976,0.002889893660362336,-0.0021644940914191772,-0.0,0.02755333888880458
406,0.05431849732864496,0.019296633959755987,0.00791055476886678,0.006130180998073854,0.007342408018569591,0.015617083391748299,0.07837213332470645,0.016317510908514035,0.028630547234819094,0.05372735893421861,0.029989813991133273,0.06626083075846893,0.05200083712490147,0.024592993146641103,0.022236136021728727,0.03630052713235571,-0.014670146149311546,0.004399875992308892,-0.0,-0.0,0.027191781938086808
407,0.05176154220474725,0.018399601571306868,0.01017641314064038,0.005082965468729907,0.006868887847357172,0.017625025301611745,0.07913024991585656,0.011822351500238767,0.03132556262567593,0.05443502730341488,0.030795120573540974,0.0650597157004774,0.05539070762776109,0.022239037681458525,0.02115355493638666,0.03567969812135899,-0.012541008387264296,0.0026969490697843386,-0.0,0.0,0.022090455251690597
408,0.04866031714863632,0.020137791208841186,0.007874555759738878,0.004689202702891068,0.0070483911650709346,0.019343886314218045,0.07682290362754972,0.013294783795731218,0.029967467042468176,0.05301392257345088,0.02724695745153503,0.06740585705219682,0.05461026313756013,0.021201028145806385,0.02056680863891629,0.03635407953694151,-0.014420034231349022,0.006226358998071457,-0.0,0.0,0.029756470547543417
409,0.05280033480624548,0.020164059154280812,0.012121085861630174,0.004750489868096934,0.005864502802028764,0.017016853832689315,0.07500567664882525,0.014643277339956694,0.03193798415812468,0.05600329008748241,0.03038206133679812,0.06416721999159282,0.05392530373101164,0.020534689498538494,0.020849628131085842,0.03571524897559401,-0.012651731517398972,0.003426059727103211,-0.0025337002909148715,-0.0,0.023110510032808104
410,0.05354660676524916,0.01779760410463637,0.009957656407193887,0.004157945762655904,0.005460263033583276,0.017547960016267964,0.077892350303977,0.01550411400506204,0.030834252222586043,0.054461704574336536,0.029534529178086123,0.06260386768045188,0.05264868820262059,0.023352629137883066,0.02286411141166632,0.03834922020741109,-0.017388176400452628,0.004052933547969731,-0.0031918618653384765,0.001945792247342278,0.027451689437763098
411,0.05298868905022119,0.01909300536485675,0.007961355060785134,0.0027770775440196767,0.0036695121784490027,0.017823163581320158,0.0769602265105461,0.01613592488133284,0.028196032583909843,0.05311417409555193,0.0312898252690126,0.06335598249828432,0.05717934005401165,0.023932899483328926,0.018679150239649292,0.03917064799270197,-0.016236300357498748,0.005099933820107941,-0.0018591194432230295,0.0013549706981901628,0.024899289992775214
412,0.04980757148663211,0.014369052137244763,0.008677221914489247,0.0028747018426658983,0.0037323037554027444,0.015551647902215554,0.07822461637353162,0.013905551370963554,0.02883087628273345,0.0537169232742412,0.028322000530647106,0.06095501240671228,0.05328387568738791,0.02113787115148198,0.021539879775028418,0.03548558503710309,-0.01434225319831322,0.0,-0.0,0.0,0.029423075955530238
413,0.04963624942913223,0.020406111208345196,0.009634922240955466,0.00559847344276509,0.006207004437379556,0.019978323552117927,0.07928879606924162,0.01598651605122642,0.030887483804435987,0.05456615519789501,0.029578316624239244,0.061474359242888556,0.056866632038272365,0.022822396884025885,0.021576509392239013,0.03815838528108607,-0.017099045271928487,0.00534545549571894,-0.0012809454698029298,0.0,0.027891123502290206
414,0.0519125964272158,0.01838910257696583,0.00850944027490331,0.002217389566334226,0.0075687433309795426,0.021201578914137625,0.07705858350580025,0.015504720997959841,0.030857611787067432,0.054135013930970075,0.0313302816326785,0.06691018499361231,0.05621958260949424,0.023701626840581528,0.019893100481979134,0.035134723335223626,-0.01630008191772113,0.002629415202849002,-0.0014133024950611418,0.0,0.02962315020407449
415,0.048665020081050225,0.016874265195577928,0.007392854184225185,0.003568757797679966,0.0037929850430146986,0.017092411827294075,0.07879256195006605,0.013955628901816102,0.026997042598087127,0.05467035594844126,0.028820465088418942,0.06445936763200687,0.05501964920857777,0.024241138571084356,0.02032679509635603,0.035629990461041795,-0.012868991008583335,0.002104686794316192,-0.0036090234773722826,0.0,0.029380575179555474
416,0.050988154739383305,0.020188567455376463,0.0069630905815092565,0.004214949914189559,0.005893248440981636,0.016145040942838553,0.07900799541827727,0.0166373439299976,0.033448615665344836,0.052922378228874176,0.03373177074026183,0.06374411116533937,0.05533893706539448,0.02230227335526165,0.02014077793800976,0.03722796215502294,-0.01646744355385719,0.004247836682250752,-0.0,-0.0,0.024922356713284407
417,0.052181329639320984,0.019983775085513696,0.009408427594622827,0.0020889558424692753,0.006658118652745415,0.01737884502682914,0.07698726616096031,0.01355521447749257,0.02902258875235223,0.05378158206605826,0.029531099487072908,0.06662805414476564,0.0558836306047305,0.022964735634260058,0.0198647826294985,0.036484582902506876,-0.015077605883039576,0.0064467265055175,-0.00230691070919702,-0.0,0.025116104080796904
418,0.050823522172743545,0.018575444676927788,0.011029676548856818,0.005646162264931913,0.005374791018563934,0.015556714754823913,0.08016149982901608,0.012303317923773061,0.032425284188040575,0.05465100805033947,0.028700798732441517,0.06594330221051312,0.05445036975168233,0.022061896126918112,0.023469092767944337,0.03894713594654454,-0.015116191231627505,0.002991950243405792,-0.0015139850496800182,-0.0,0.02818544033930421
419,0.05092421527756919,0.017682472387929016,0.008687488265407816,0.001074597453906296,0.003412493133100186,0.01805422622896293,0.07756559641252062,0.013435624395948505,0.029761099348671365,0.052774112201145675,0.028050501339086105,0.0652657196661783,0.05465580172823286,0.02017482766340171,0.020412162979401485,0.03835323625302202,-0.01612524461061651,0.004082414421958072,-0.0,-0.0,0.02799528854638906
420,0.050784969503352796,0.01810558054151558,0.010600181270246456,0.004220384043872392,0.00687092206639134,0.018500786618330503,0.0775615905215061,0.015826223490618303,0.03109904265890502,0.05465167336982155,0.029005029780920993,0.06422736299870865,0.053898942865563716,0.023128307159864993,0.022622288858289836,0.03867412537918669,-0.016490820873954707,0.0041152898753568645,-0.002352222194114746,0.0,0.024916597643616208
421,0.052634850975544996,0.01949232358335378,0.011327052156052696,0.0022081776098774614,0.00497888289490347,0.016796337241353564,0.07856858860245881,0.01360969879619664,0.03015770138768874,0.05179060157113129,0.03024599471158552,0.0629834601523697,0.056987885991007126,0.023282900519520817,0.02291487564481931,0.03803692833732473,-0.01528436443059989,0.0032434003745341567,-0.001878537195698758,0.0,0.026702742261658845
422,0.047226321195504,0.01835419327307142,0.007073899581204606,0.005071942260911073,0.004358129192398294,0.01576972087275772,0.0762910531512357,0.011468195300703346,0.03006666317234286,0.05586229827043521,0.027481880654755445,0.064322378000098,0.05088033211189913,0.022935790577567734,0.018969800284108954,0.03753994468236438,-0.01598875129729549,0.00428495967169045,-0.0,0.0,0.025819785361614396
423,0.05299113427814331,0.020715778629362042,0.008035782119305326,0.0046409469704598175,0.0058631533078784956,0.016016023483513664,0.0768500358420393,0.013153953971980999,0.028955642490866764,0.05477790418423776,0.030481863708792474,0.06365854507430703,0.05459948717477332,0.02348299227414607,0.0181848567508848,0.038739424291701866,-0.015922718662731022,0.0009295798570191677,-0.002649138696870026,0.0,0.024143353553482724
424,0.05205603562069006,0.019385860930739456,0.011668409303332364,0.00499100911555428,0.005026908290215016,0.01635235002351234,0.07664890173319652,0.012743815989693964,0.03287271488959956,0.05397843635674763,0.02867385219801732,0.06680892837277956,0.05535967052715284,0.022573814589374526,0.021019758757565912,0.03493664506585944,-0.017524790671328772,0.004792083805705461,-0.0022332594516491565,0.0013753623830665518,0.02694306961864242
425,0.051461664788627876,0.017731038280111994,0.006617443424790465,0.003347631537103869,0.005995948703568592,0.017802049823051832,0.07704058676111104,0.014793657722907265,0.03149437267692087,0.05598935979869037,0.027995490180165235,0.06460295818897382,0.05483640339071703,0.02421902829024279,0.020649272069007258,0.03904346172080741,-0.014416091877049514,0.005002258890109943,-0.002526167440524858,-0.0,0.031477600674078614
426,0.05199802701339855,0.018624600826652675,0.01187666481597513,0.0026953830854956045,0.005023024659835034,0.016855530757466142,0.07989004568395015,0.013351209025598648,0.03189639416298345,0.05471903801560576,0.027980373319122585,0.06788155077701856,0.055560034151641506,0.023443540494557512,0.019624201755690115,0.03539711374308173,-0.018531889969251713,0.005401035201434726,-0.0014099248499814302,-0.0,0.028341180604998014
427,0.05052974680836943,0.01867694105719524,0.011255522251580281,0.004392599734827365,0.003349277086920477,0.019274364206844065,0.07608923431731845,0.014826907467316132,0.03214026550462446,0.053304272647979045,0.028594748275942373,0.06460371925131705,0.053517249894016995,0.022639424680169495,0.021120525700991537,0.0365396973343026,-0.017590841537066408,0.0017027061971618548,-0.0,0.0,0.023569346538249034
428,0.048710880502870826,0.018806647906195285,0.005869681706845286,0.0029174212903308795,0.006255076445206016,0.01621508693957763,0.07865877809440656,0.016065573979683792,0.030067316579703372,0.055272614550956854,0.03073477390599805,0.06300428362586412,0.05566350008806811,0.02196874177721856,0.020438792296547843,0.03630391629903629,-0.014917707177738996,0.002366782916559608,-0.0009110839096726321,-0.0,0.02694115591212548
429,0.050205871133744355,0.01720080216156047,0.011004496512046045,0.0022394068177706197,0.0030836027070155437,0.01770504249306894,0.07645294283124915,0.013498763861031462,0.03246688359230806,0.05282143724268307,0.02847945077143337,0.06665996628395375,0.05852649500666016,0.023645628474390324,0.020087340624837708,0.03879913973950863,-0.016782365829340087,0.0026534392604388723,-0.003230665559033318,0.0,0.02472592230515051
430,0.05453919401009523,0.020720326419220402,0.011262944156018669,0.0035164864094240672,0.005045559562099158,0.01676996236658449,0.07852528794286565,0.014791514835321434,0.031361416936882526,0.05535149415694386,0.031990860786721614,0.06533852085752788,0.0516699228293019,0.023353718246062374,0.020676074490420377,0.034538554295174016,-0.017078564236467975,0.004455097714779195,-0.0010349083434875192,0.0,0.02837988200081893
431,0.050617760790245304,0.01789789883781899,0.011567450446955252,0.003985535971440582,0.005936115123874075,0.016579247663257114,0.07879931421877122,0.014546904570334704,0.030801760645369474,0.05357461198412587,0.031772721780370314,0.06715614557146685,0.052625244911282426,0.0228723927553102,0.019986797154952187,0.03381551207386253,-0.01597761489455084,0.004901594970442168,-0.0029636563089732106,0.0,0.027199466499962296
432,0.05225526914334344,0.019846855180005535,0.009619242452770078,0.0020944868710950078,0.0060946063666543005,0.014893394138270772,0.07633311083872231,0.01486689803616343,0.030193415767629083,0.05676081301897759,0.029443671550663734,0.06374213461916532,0.055474898233988816,0.020914330107237294,0.021290237218099695,0.037979484468571474,-0.016627444092628035,0.004188904122223238,-0.001427592418469075,-0.0,0.02846788639021265
433,0.05132512809906317,0.018341712924099078,0.007847605235161655,0.0,0.005154937667573648,0.017417873214778758,0.07876012271800706,0.013987939493358465,0.031098857280439186,0.05416164130515337,0.02935871048689771,0.06342901445050889,0.05086321092262953,0.021550136256675227,0.02019024588934007,0.038236618758706466,-0.014163242572485728,0.0,-0.0,0.0005245312817203526,0.027019459779736067
434,0.05344078635408606,0.01805504847602941,0.009689956780012277,0.0044293173667868755,0.006984034580000032,0.016577749042815622,0.07575165964457692,0.013565655245903353,0.030249941212804964,0.05586883919579234,0.028743145470213043,0.06459192339826991,0.05714284399163675,0.022598965763029003,0.02237047792473868,0.0381228445247437,-0.014377913217280975,0.006523311328555001,-0.0010418798822463828,0.0,0.029129931828277642
435,0.05181144808675232,0.01810194720036818,0.00925498817259474,0.002367202524935917,0.004136966123396563,0.013815043713659382,0.07851610454161566,0.015168664346548986,0.02896056194135735,0.05510711102955534,0.02853412952602608,0.06412572657266767,0.05509815936162457,0.021563571868929245,0.020327293531203466,0.037948077723432776,-0.014513195910985686,0.00259883306948893,-0.0,0.0,0.025419259174106618
436,0.0525003653325437,0.021430995394427055,0.009140671622696347,0.0028820247912404937,0.005960481969458653,0.019320766142851657,0.07811692549839833,0.012352257886498946,0.030995654307350178,0.05546453893522618,0.02996663037998487,0.06554918051482907,0.05711780274308227,0.02403579800878637,0.022902360535418657,0.03942323113872808,-0.014903652937485095,0.004489336659767832,-0.002218501830303659,-0.0,0.02403995824274287
437,0.051373165422819424,0.018994621564184914,0.008914478945334788,0.0049137928616561155,0.005251527144953972,0.013957144082144428,0.07955322021723046,0.01412886798795601,0.029403272718480544,0.05545849392473624,0.028859202947010644,0.0645415520727181,0.05595559370608003,0.026423692393932607,0.020383712731154774,0.04015611579692763,-0.017146924664011978,0.002354673693525091,-0.0024754187086230167,0.0011688644679466813,0.027273401038508744
438,0.04775022082101233,0.01986180320284504,0.009331065505619891,0.0042556757201232176,0.0026315167409273585,0.017817106107145715,0.07824927447202426,0.01447268800534298,0.032492489965610834,0.05818971521832286,0.028931628999332774,0.06691549788147995,0.05580561664495584,0.022129626063885816,0.023154904557124874,0.03968333933784301,-0.016202661086972315,0.0031502158813755234,-0.002055053560104765,0.001715667017808996,0.027483636113313344
439,0.05103478574391263,0.02183556738959987,0.010737381389181512,0.0034071821999129975,0.00680327045808278,0.019559288494306423,0.07942923681355574,0.015790221856178913,0.029216004154745245,0.05285967115900162,0.02815322477986576,0.06579600505099026,0.053908671501971775,0.023955872372421503,0.02101454451992685,0.03263010926170058,-0.019616290010079352,0.003012195657918589,-0.002120019708404785,-0.0,0.02728759524532427
440,0.05085719579774664,0.017758373907724494,0.010518087300344129,0.005164004748127553,0.002583871674102779,0.01724370321624973,0.07569107516888285,0.01627246454215534,0.03157688418217298,0.0545512707184857,0.02850837621957708,0.06469386030326556,0.05434614367519196,0.021851277984248,0.021449166508564918,0.03447904859152583,-0.016863273248429934,0.0034924724446558247,-0.0,0.0,0.02533615821339365
441,0.04888970860482763,0.016250357418527005,0.0062980518506492375,0.0,0.0036153003670469693,0.014662311456923533,0.07604499070506171,0.01465618136862029,0.027976523052605964,0.05050082637115668,0.0275961900181408,0.06362479347397554,0.05400340380615984,0.022135999646588835,0.020421299737179408,0.038325684426164464,-0.015338134364445921,0.0024748932928594317,-0.0,0.0,0.024223941275837
442,0.051275178946424735,0.021024448454873283,0.010692950440474865,0.005305883877266581,0.006013502110660759,0.01939500218996313,0.079216289608781,0.016195972147090464,0.030159373775943386,0.054518593280769044,0.027944313089151355,0.061731858613045566,0.05597219002535462,0.024033298794444775,0.021350897085643913,0.037485364900424485,-0.01727115787743475,0.001823531313174253,-0.0020130687967484734,0.0,0.027793477891040388
443,0.05411106952207948,0.016806001629577915,0.008202415670806422,0.0031087499900425493,0.004391611027174891,0.017602417663384756,0.07589235017148444,0.015045106742957084,0.029728636255547374,0.05423548927737854,0.02862927188936517,0.0650994331994417,0.057152306962404274,0.022818118291183916,0.019962062132889064,0.037763719900404884,-0.01677359058943689,0.0023432009472955425,-0.0054963073517890195,0.0008017180728811683,0.02721940932449782
444,0.05048715953215095,0.017545472104428868,0.009904116924336825,0.0018265032045406363,0.004409117252963922,0.013790708467156172,0.07603925433048414,0.012932143773299182,0.03158823536503667,0.05559328902560482,0.028619230246182004,0.06273910332986951,0.05448485472936299,0.022731049015509347,0.020838879599714435,0.03766741656111032,-0.013182916170220743,0.0022141493205276577,-0.0,0.0,0.02734866061278592
445,0.0497077860200677,0.01784291877414781,0.008735075512742446,0.005477737603072135,0.006924309730226666,0.01969645995755158,0.07630946599101952,0.016481425450460645,0.03168995623229193,0.05325184811086954,0.029419002029949428,0.06544753543757549,0.053489415781436,0.02153380112388872,0.02585071063168828,0.037975927253222734,-0.016074574834085607,0.00282936768352107,0.0,0.0,0.026675401386205725
446,0.053770639331287555,0.021013266793150468,0.008868729470004912,0.0015498507897307686,0.002426847879672184,0.017159037955525,0.0777082775588834,0.014000348246122002,0.033374417853913596,0.053473398721479784,0.028687592480070117,0.06511116650957852,0.05139026465899263,0.021983141598538588,0.019811159372654753,0.040564543674688446,-0.017594267972844566,0.002224736307428162,-0.0,-0.0,0.025031454398526727
447,0.05180643163570969,0.018174659443229095,0.009333792130171091,0.004254532917391781,0.00532025317235815,0.016702942958917968,0.07539318213875583,0.01601721031245872,0.031335414823504104,0.05361687296358383,0.029181402101896264,0.06559644774387509,0.0532942861420579,0.024209339509673227,0.02045628715075822,0.03622326517496707,-0.017381929955118416,0.0021087747836003555,-0.0025968495131838644,0.0,0.02478614380820507
448,0.05235443122970575,0.017834102476892686,0.009545599452798285,0.0019370059035371443,0.007275215544310836,0.018030994293353943,0.07672399914362248,0.014214461062446622,0.032970567180284446,0.0524376861991284,0.02801894729590878,0.06277099331591107,0.054230737185796844,0.023107320675737845,0.021947372746132034,0.038068248827437735,-0.014770039644594583,0.005272101419319969,-0.0017274985459435365,-0.0,0.02624423595438931
449,0.05005492656619912,0.02013916931798528,0.010770055591490867,0.0031391812392469937,0.005369943001833143,0.014359956491801128,0.0797481157407101,0.016033204239264374,0.031409393404866905,0.05444137337690182,0.0291233767233044,0.06399164286402458,0.0555623394247509,0.023527073822240042,0.021538289400981365,0.03655275850701789,-0.015251979857478852,0.004641403600855617,-0.0020541662737625734,0.0,0.02618974469983078
450,0.05000428503316049,0.020040990491877075,0.011337606545680263,0.005391697137497164,0.005847939583858931,0.01762310710646599,0.07664677243417393,0.015349767044127658,0.03206705121889433,0.05509310812256718,0.02792203056123731,0.06489623195816427,0.057114476223163735,0.02275044148431459,0.022234692456479417,0.03546859195359512,-0.015546515374144173,0.0035251143960410083,-0.0012135164545228642,0.0,0.030544730602869535
451,0.050420329859070634,0.018052277849015485,0.01104483934181313,0.004837650398017228,0.005258335327486002,0.014506768819347482,0.07984499570807413,0.013990809766489762,0.03133819941420964,0.05397263940332783,0.02792266466551875,0.0630623210417582,0.050045458002465064,0.02311455956090917,0.021974552527263384,0.03880589420770617,-0.016433568681304977,0.003485191252920266,-0.0,-0.0,0.028100618904680765
452,0.05063914569474574,0.017357821113445207,0.01058520503957024,0.004631173511182393,0.005822479495343937,0.019082437307929252,0.07854122085898349,0.0133682338946273,0.031033402319368488,0.054523812598991035,0.028104080633962043,0.0661011519719819,0.05757966992994412,0.021239580085035098,0.022807338339951296,0.03776956500312169,-0.017243178243969207,0.002891028088058396,-0.0,0.0,0.02272504320438302
453,0.05096423792581013,0.017013988411029107,0.011909732237361739,0.004947017863546203,0.004259039662951746,0.016636642258785684,0.07692469815532907,0.01472111751786143,0.03240216128365783,0.052275092921467675,0.030671657210302218,0.06375887373391825,0.053674966109109885,0.021285907945585943,0.0221412321839606,0.03802712706042031,-0.01836821563033327,0.002638851835522124,-0.0026661714391715313,0.0007239886713779618,0.02623544395390058
454,0.052151187920941935,0.01951868287777606,0.010807330412552127,0.00400943122395254,0.005917878930937515,0.0166847577416045,0.07848559362791342,0.01140710961346115,0.03189654536505283,0.0536048258354724,0.03016672908726663,0.06699436947908216,0.05651338160501657,0.023408082974852567,0.02070423099168272,0.03879500811199982,-0.015308515114329282,0.0033394819479893824,-0.0018225978638420203,0.0,0.02884708423621916
455,0.0514871832763098,0.01974261467762105,0.007459076783077521,0.004151198551470408,0.002665696565296698,0.016141656305264585,0.0748791983230613,0.016400393593273055,0.0325702053990683,0.053614127127196896,0.029632725735577854,0.06304466631310864,0.05499978085718559,0.021739366433200236,0.02062117565208482,0.038182495107395416,-0.01674348895526089,0.0031381733285294595,-0.0020036492051853047,0.0012190717977836035,0.025405415554166137
456,0.051190212055149543,0.020144418765710638,0.007375730679207364,0.0026455584661150664,0.0069904130707453315,0.016016448993851275,0.07668718589505757,0.014325422150326252,0.03172345796729044,0.05312219292692894,0.028479826500729333,0.06336730438738852,0.05481475849335765,0.024406429483205046,0.02109499452581845,0.03347609488186327,-0.014982944354517636,0.0,-0.0,-0.0,0.025888959452504065
457,0.05026642938713984,0.01936231623976357,0.008864567515619615,0.0036115026947994198,0.0058731931051056036,0.016841867684464013,0.07544876312272922,0.015043476048535995,0.030949574187478804,0.054841100994825406,0.028420505038112536,0.06342264324964132,0.05541401724326376,0.02300425063136657,0.0207605741742569,0.03902002996839716,-0.016003502240213553,0.0033955244712286625,-0.002771799527018669,0.0,0.027575628357960714
458,0.050273203621608344,0.01854205636419926,0.012014207462148695,0.0027843408106586155,0.0037087276572216245,0.017506184581729676,0.07924852932675673,0.01339656231796618,0.03128838922403845,0.05255277898143246,0.030088716043537977,0.062216760481839224,0.054813122712447086,0.021317352013902675,0.02166807208114058,0.0363712569753216,-0.015052493665178848,0.0035810898479610967,-0.0032456676518082496,0.0,0.024144817720002404
459,0.05238429446608273,0.019866549911247134,0.00705440599640924,0.0019440452618449812,0.005239862581266939,0.01641365510251796,0.07930421428273371,0.015065017520577751,0.03350714092513624,0.05477877814578629,0.029578821503706606,0.06509370853104629,0.05518399960255673,0.0242840825275922,0.02015758767958139,0.03601294141756379,-0.01581802011316896,0.002928309472164569,-0.003488041471935011,0.0,0.026562623963557297
460,0.05136297567814677,0.022610232192641348,0.008357108728871345,0.004010701195307894,0.005625813633483732,0.01712768563625471,0.07553258599968443,0.014928820371934971,0.034294032988805234,0.054257131746462885,0.03235962630610929,0.06650662229723453,0.05330700231234973,0.02300134103088076,0.021727143486358468,0.03390160156207511,-0.016431687922304965,0.0033941348207910883,-0.0013721849245934203,0.0,0.030225023106932532
461,0.05169781130683759,0.0187865082310264,0.011627406657532726,0.0029070147681954004,0.0062077119653371335,0.020223755891955665,0.0762638203169114,0.014276269566644169,0.032193459992683325,0.05425982981488009,0.02880843720053277,0.064845666458476,0.054874778786915886,0.023427844636427362,0.021995200374086848,0.03875412096504997,-0.014607924878328337,0.002385893218360798,-0.001376551749431596,0.0,0.02711707541071728
462,0.051298596714935064,0.02151731035841538,0.006785233936145751,0.005430824959862866,0.007303902677153264,0.02183505059107715,0.07838932624652502,0.014672665239976387,0.029367753344856265,0.055920557552567335,0.030417930403338254,0.06495248847613135,0.057126733309180014,0.020681281002659233,0.020132235414202396,0.03534901233319094,-0.017822256219596752,0.003705694357896541,-0.0,0.0,0.02906086034576971
463,0.05394245489611233,0.017357728275064068,0.012025563312042208,0.0017365599138289866,0.005653492230550302,0.017294906501780456,0.07822278296435688,0.012793585286767804,0.029192979702634538,0.05258576235087471,0.029442880034707478,0.06362483141806873,0.05609007567508925,0.024382670937873132,0.02287974855124901,0.03778209133409443,-0.015024853363825141,0.004629177607602567,-0.0,-0.0,0.02589157678333313
464,0.05224154756697418,0.017705861433927522,0.009505260007741158,0.0,0.003525908340268416,0.014604038381108363,0.07760050718647368,0.012672455374675708,0.02874134308148787,0.05567818673592632,0.028458153282581552,0.06330149634785509,0.053273008852533436,0.022696020569562308,0.0216202736664606,0.03763629223349599,-0.01354222648722909,0.00419717586880806,-0.0,0.0,0.024076898469579843
465,0.05120454035004813,0.0174903832092167,0.009150059696339153,0.0016581412569353767,0.0038482287570827203,0.015078319121857737,0.07912686582445806,0.01470717106303502,0.03173678220690467,0.05283157135046492,0.02863252520117552,0.06525589129329716,0.05350441055192447,0.02431203258558279,0.021672760215683463,0.036846777081511684,-0.016921101273969775,0.0022427596046269483,-0.0,0.0,0.027829535407501327
466,0.04779040011576227,0.018256162794592818,0.00761534310031568,0.0013164633958854053,0.003937201734595295,0.019340676893443445,0.07863226059262267,0.014166368177735651,0.030289609628228978,0.054921633847971246,0.02970020124536744,0.06618618348299915,0.058386571667120565,0.021625932829307096,0.023362622454883526,0.04281702542143152,-0.014806877954909682,0.004029120556696911,-0.0037444697085440067,-0.0,0.026339149137771162
467,0.05319059624257733,0.019614773640548522,0.011073847760144771,0.006789426220746829,0.006214809682962711,0.019551102495498393,0.07692363071484225,0.015043760244630404,0.031011052035708375,0.055814485166280035,0.031242587660299116,0.0643324708641015,0.054417331583298145,0.023376278041272482,0.021613208622514216,0.04022727373979799,-0.01579947838764829,0.006841593130448677,-0.0019873329609326833,-0.0,0.02840216022983909
468,0.05173823168907032,0.02018367924220028,0.012513459024603537,0.004830500447006553,0.008874115376278652,0.01756834277018011,0.07848221645881558,0.017138873204994486,0.03280236268426501,0.054173879849627384,0.02983542439138347,0.061446179071186206,0.05545338162301372,0.022016974149197257,0.023222153299827374,0.03687802362162867,-0.015214608698461928,0.004522010291182655,-0.003280930220595258,0.0,0.0271753874350327
469,0.051689240726756056,0.01810012220597785,0.009981819346424807,0.0041429019098118145,0.005898553626826141,0.016186893992208216,0.07901809752514505,0.014508196135519574,0.03059417101794829,0.0535532119971442,0.029986435838471038,0.06577490024713271,0.05438581258356033,0.023038159294511532,0.02063084322570833,0.03706222888594112,-0.01622974934007597,0.002802604017727765,-0.0,-0.0,0.02875946720023209
470,0.054232407388076706,0.01812613139963389,0.009142851723657905,0.007158178517196282,0.003420342873419631,0.017272383486263084,0.07785192368791684,0.015257603411423026,0.03079744699411113,0.05712282762141969,0.029402979398204257,0.06587852387092964,0.056137172473145834,0.022996963206921572,0.021360594280830297,0.03913525171591841,-0.016079888733622826,0.00398546970348638,-0.0014801362015566064,-0.0,0.02847511072658594
471,0.053715862166889734,0.017856060309328115,0.011624296286908278,0.005294321403234567,0.008962794633089535,0.016925398363360333,0.075089982285093,0.013910723877688652,0.029157411847416836,0.05452028724847789,0.029711402307390514,0.06488746248376265,0.05885137929682525,0.02316520503952405,0.020531559538402622,0.03956456672282883,-0.017162904116737317,0.0032603532145236164,-0.0023566993930809665,0.0,0.027451377168211312
472,0.04693536695886827,0.018156134687134052,0.008990483211525095,0.005709279733872557,0.003096172548781668,0.01863657125364299,0.07609919089763888,0.012211841218540371,0.03012137667810326,0.05344146733176916,0.02898197401449955,0.06454844660533417,0.054419930921439146,0.022419159390199395,0.02220405832745014,0.036376851215262115,-0.012490635994340206,0.0022094168855788005,0.0,0.0,0.027394445784014503
473,0.049693486674752645,0.017612444747172957,0.009934639065252429,0.003931353737754807,0.003862646689467687,0.01932788918010372,0.07765469224110937,0.013637689163579407,0.03025829416863986,0.053714020701176805,0.028780967571801996,0.06517273032836594,0.05338156082048226,0.022322843082437507,0.02350359637975048,0.03769885826300102,-0.017995262987288048,0.007582004983656009,-0.0016247584027017168,0.0016671809997029986,0.028454728397943583
474,0.053454897505645416,0.01985224261934289,0.009681637860001568,0.00356057876850636,0.0056397078600906115,0.014577404367654444,0.07667011309388001,0.013071156303003706,0.031879947378013286,0.054038239276568624,0.02747720066290652,0.06575405299904502,0.052853698659562486,0.02201970282817154,0.0200906824490404,0.03755863499085939,-0.013291227786855002,0.0012429471561911636,-0.0,0.0,0.023623370971084027
475,0.04996299665864132,0.0198983613155357,0.006448198960722619,0.0038021018979590023,0.003763892219877002,0.020509101922742523,0.07589120579375146,0.015782925009318768,0.030327176858451464,0.053325703364716565,0.03214590256493034,0.06632292601420062,0.05559513832492434,0.024245639259258007,0.021599677748822887,0.03763828862270472,-0.017325636175770064,0.0027965500664910055,-0.0011403909868164725,-0.0,0.025909769261383626
476,0.050416607766527115,0.017981023662864925,0.011059810708703892,0.003936433729195168,0.006563578632795891,0.014174698016250622,0.07835564450543522,0.018008070552277242,0.030797000673639902,0.05484565879076029,0.029782880810199305,0.06388639992863665,0.05246450475811909,0.023035172384708865,0.020689490291209752,0.03732591689491906,-0.01749736421461355,0.0025882990024113247,-0.0018781689520342042,0.0007406532773297299,0.026420588937848093
477,0.052650757186306144,0.016428117014218445,0.011476716763872623,0.003862476148565526,0.007392397086804744,0.016550070983163703,0.07420544406310578,0.013712106310701922,0.030438084927957076,0.05345633467790967,0.030903729231988943,0.06414588522388166,0.054836351987062736,0.023571038793150364,0.020910548735043555,0.03900540440514548,-0.01727473278519815,0.0031334778405332684,-0.0017938938085666574,-0.0,0.028256047155251797
478,0.052397485838410716,0.01839209192849871,0.008162571739548393,0.007126603186009535,0.002613721139117074,0.017859419079164027,0.07967516801885428,0.013282130141035782,0.02910554354029944,0.055203533969455584,0.02966580665435324,0.065088482807821,0.05669048031194726,0.022518383731047146,0.021901123023145886,0.04099551854174542,-0.017533596437945265,0.0036959721864000313,-0.0,0.0006085889082089517,0.02929565497235179
479,0.05137145291770723,0.01734274702497353,0.008753260190115679,0.0038126809227751125,0.008016091531754126,0.01793322525034101,0.07627785470019724,0.01716105716069541,0.03156868233691017,0.05569172132719807,0.03171540097015449,0.06279368272814739,0.05743687812867228,0.02225289443791592,0.021851561597456937,0.037824287107268324,-0.017291574709312238,0.003858181286190115,-0.0024739628679088313,0.0,0.027817046603280902
480,0.05327595560152643,0.01817180207514762,0.011034114198192706,0.0014033574665902452,0.007878231758046278,0.01971913970714133,0.07851206082713699,0.01104908324943109,0.03069537439797706,0.05295313438823792,0.025866767356464402,0.06555593688530481,0.055013472250058995,0.02391001224868902,0.019961306099652312,0.03788382277491701,-0.017278231401297285,0.005184210441648012,0.0,0.0,0.02586670104390839
481,0.05078704435273098,0.019105997866362842,0.004832133493086582,0.002607410063096451,0.002952240133669554,0.0178005558940186,0.07780634617211789,0.015460071223132678,0.03299494841026043,0.053668100434332455,0.027968645390690886,0.06484646077942997,0.05361901488713458,0.022221887873196556,0.017758318781836525,0.03569466905591711,-0.015390695138841977,0.0038842813170559677,-0.0,0.0,0.026885585116140708
482,0.05314067952719061,0.019646030453791156,0.011098001750760334,0.004182532042485612,0.005739554643911078,0.016278769306341388,0.07607110376829788,0.014277890002137023,0.03128303153451002,0.05488775408309361,0.030610523711484344,0.06427009398999464,0.056986567499185174,0.022950794444407528,0.02496995411771266,0.03660058339623819,-0.019161506348132927,0.0030080003267477944,-0.0015217281429640605,0.0,0.027555587637364893
483,0.05228440226071511,0.01698711348049136,0.009796196769665689,0.0026308135073137267,0.006720373206670535,0.017035664977295355,0.07798870767105072,0.015538161173728592,0.032545204144202325,0.05601117204775592,0.03175459185888482,0.06401828488425572,0.05574343180880878,0.021609871464026896,0.02235553874157396,0.03701186079232152,-0.014531016882884577,0.00200792372513525,-0.002361010331503093,0.0,0.025295234838811544
484,0.0493429765940828,0.02113485371212554,0.010681618908797022,0.0058183920535768525,0.005185372857148144,0.015056230308252745,0.07646170388254506,0.0140925768895137,0.03054894243515341,0.05288028578879057,0.029512279597004955,0.061824570720458306,0.0571622110361682,0.022112637869306017,0.018812121083240506,0.033526632745209534,-0.014798506238674883,0.0040051719400263025,-0.0020590305544359476,0.0,0.026434936388169808
485,0.05280727690420115,0.018530566199330353,0.011653270961093268,0.0038319145759639376,0.0053996749548159695,0.017260374410599723,0.07655627881305802,0.015815056581323143,0.031142359956701778,0.053951204800528216,0.02798694276534398,0.06461017848887815,0.05324942272714075,0.021878159218967713,0.021854369945132162,0.03656862491986561,-0.01827622120627475,0.005875364980603831,-0.0,0.0,0.028665156557814476
486,0.05191069237363916,0.01913489525048789,0.011794524962885742,0.0042424341019004965,0.006277087867307815,0.017412562914627148,0.0788530867968046,0.014852709511905465,0.03136112977636827,0.05601965124765615,0.027976684809628803,0.06361665503493756,0.05401058227386321,0.022900703392723657,0.020563119964614313,0.039999738494353586,-0.017344410054022912,0.0035994448390340135,-0.0017767486553705097,-0.0,0.027026626600249477
487,0.052091080874607676,0.01821491969488585,0.01037252118183037,0.004439209453269987,0.006773934615769156,0.01637339055047989,0.07710881669822352,0.013012323110751052,0.030084633884985036,0.055301858580382834,0.031387846176890104,0.06472860569900968,0.054140392502278034,0.02201143524732385,0.02150556520660486,0.03670706937004522,-0.02002278854309114,0.0027220850847709025,-0.0010404077470775456,-0.0,0.02589222718730835
488,0.052096273447289954,0.018088374733694405,0.012910688683176647,0.0015892371117358778,0.004810335913905933,0.014990113462855883,0.07773332376757357,0.013198781585714433,0.03011867186279787,0.05294606610774428,0.029729519493776196,0.0637961971582368,0.055755159235993834,0.02534670545598089,0.02084792584615923,0.034840997731637915,-0.018681231697944205,0.0015203472507097132,-0.003689866846494371,-0.0,0.026350920270425883
489,0.05485788614958604,0.015668093928143896,0.01174160767257286,0.005077254319851584,0.006316521659233074,0.016478207818075796,0.07638960889544348,0.012283654655797909,0.02996231934899655,0.05658103961658924,0.027632202977943648,0.0660257044518947,0.05448991617851182,0.023626174060825428,0.021902846185298554,0.04009525767052834,-0.01385870598880386,0.0033129577762851413,-0.0022477085283493384,-0.0,0.028715209416546726
490,0.051137875196160094,0.01916923096545179,0.009751321588976652,0.00239550059765638,0.0036562541576427837,0.01709717894718464,0.07770111728919771,0.013778138930503855,0.031585660777345634,0.05318899663170433,0.03128901974196994,0.06391641423116254,0.05541732578236493,0.021113751774862514,0.019196136064515337,0.03778860911004143,-0.016878061415526398,0.003098839883809675,-0.0,0.0,0.022943046761727905
491,0.051320651873681324,0.020627730569245217,0.010531237042375203,0.0013639028168807277,0.0059427469750422575,0.020670420626958258,0.07717535278967774,0.014667280592057552,0.03051395211121723,0.054801593544514006,0.032595814092567336,0.06619333437590075,0.055917246773675884,0.025767146029314264,0.021317707366237806,0.03894410238078252,-0.017309461304079798,0.002872191232959999,-0.0029877970881309977,0.0,0.02694704377975058
492,0.05198482863307727,0.016504588237238615,0.008013565859979655,0.0,0.005711326156805618,0.018037715647105202,0.07808027087678863,0.012611307183283571,0.029218689223795568,0.05357764680780708,0.030152762050742802,0.06457262292480553,0.05570692542562858,0.024090018024441412,0.0191268374276217,0.033850803358175655,-0.013798990211037959,0.0,-0.0006291077177917989,0.0,0.023372652289351658
493,0.05299016424971014,0.019708965988203254,0.009313519712594823,0.005084145775510515,0.0042930299656563685,0.015308881193193466,0.07493263993296886,0.015386203464708263,0.03044037328193117,0.05625625195706719,0.033474493895964345,0.06716231966310743,0.054899791068228954,0.023156359219693952,0.02073818237205503,0.03639514203758254,-0.017051626790349453,0.0039515050070889676,-0.0014676513678880153,0.0023681163846491953,0.030076506213928
494,0.05015277693922896,0.021127371829735737,0.009686868774270583,0.0020606966007580348,0.006347902295372851,0.018553914796689344,0.0768641605817022,0.012900988216606549,0.030660519140594075,0.052647775899459924,0.030572079854333536,0.06737425459504519,0.05422159366286403,0.022232845442846032,0.022682262515009113,0.037290449801728215,-0.017195723979744088,0.004056368656907046,-0.0024050519980784776,0.0006859334243458334,0.0257702606815129
495,0.048906161814921606,0.017989084209754966,0.011701449602452578,0.0029668699505057535,0.003405416115366442,0.01736258385467182,0.07940529246465962,0.014026649607722015,0.0306070998256137,0.05558957303223313,0.029245646477979777,0.06298058537094699,0.057757412461627,0.0242185154699633,0.022772900415443605,0.036630770005461936,-0.015964224646205564,0.0022728608050527005,-0.0,-0.0,0.0279310582285052
496,0.054371448069653966,0.02042418993878786,0.010468027917048796,0.005841500613870425,0.004970842760143105,0.020588861395353784,0.07846290941086953,0.016543649002858617,0.029243847162641945,0.05392971671947294,0.031156669641507234,0.063920298583021,0.056934842664828934,0.02475106593902208,0.022250355140745973,0.0390142621615065,-0.01673734229654261,0.005887831498942061,-0.0025905881142206646,-0.0009983035898637924,0.02838050253319407
497,0.052884663496249124,0.01601275693429907,0.010844359159590674,0.0024516399226629493,0.00581543007969987,0.015263826327437325,0.07504497090948375,0.01439614255990246,0.03342848937059546,0.05705566877993744,0.02940408817317432,0.06454218629493998,0.05458921566666884,0.02275421585617007,0.021522682820228758,0.034027551386951176,-0.017268377811991992,0.004187218559352445,-0.0,0.0,0.02813546255381496
498,0.051177183638080465,0.017913729677889723,0.012643117788926761,0.004207249724541149,0.0072382674073901785,0.01622148660452124,0.07969214046543566,0.01570176213993242,0.03339669979976384,0.05489229473902766,0.028392178353913947,0.06276366333419806,0.05300080682576932,0.022046428443689283,0.02229835962978592,0.03854337584853259,-0.016034852449481933,0.004627890236815925,-0.0027034376627058966,-0.0,0.02778114356548218
499,0.05325413561845517,0.016554789198913518,0.014165555086201225,0.004729653580722345,0.007357270986813895,0.019325582634555902,0.07632672448127502,0.016372694563592066,0.034102308923644846,0.05407315855429305,0.02895064120325427,0.06566181674807439,0.05529871007041696,0.0232144412664083,0.020624305618994972,0.03586215436508015,-0.01629527134898354,0.0045591192423555605,-0.002127776325371488,0.0010789747140247021,0.025402071980853876
500,0.04875009792661302,0.01981149561799831,0.011912352532961587,0.0038129003632557234,0.006045527933473446,0.015794379831871343,0.07641960123051374,0.015223587962233283,0.03396697068744613,0.055075352143237166,0.030084611909444534,0.06308335731455951,0.058513125193851406,0.022604355725046345,0.02187581214253803,0.03899052079282055,-0.016233655648393578,0.003998956495733939,-0.0020048525437613564,0.0,0.024826967703096517
501,0.048677102357846246,0.01666428834052501,0.010314948752684513,0.004796143304839507,0.004876188624837429,0.01996309392873294,0.07808681912622972,0.014444405919780185,0.031377093580149944,0.05580976560096959,0.029081136360570473,0.06593479689952428,0.05717404834526718,0.021951820736574146,0.022163834954589637,0.032345179470711485,-0.01766646701073656,0.004366300174177529,-0.0024356674550401873,0.0014172484806726662,0.02578712294225727
502,0.050279051763418674,0.019180736707805273,0.010629467392722082,0.004866081002258186,0.004980680065563508,0.016355442039355763,0.07707650500605019,0.014599271983705583,0.029596504949423588,0.055455039356786424,0.030493086193984904,0.06723118372898508,0.05123806381692043,0.023302436120770532,0.022431923847824643,0.036760147784207754,-0.017651397087799083,0.005488531012303372,-0.0020768020704910665,-0.0,0.026459082571211174
503,0.053027606119293524,0.019807806429722612,0.010661845722954939,0.0027835929203144975,0.005472080154223467,0.016536692794814966,0.07579261534986922,0.01634873387167931,0.02675207794920317,0.056259627866255095,0.03148665695763728,0.06643847994548148,0.05570250790753207,0.021916165471824345,0.02155215070930857,0.038533016195883986,-0.016911753650514057,0.003783449704072726,-0.0024243939943361034,0.0,0.027925230488261444
504,0.05183013543752267,0.01752894981304491,0.010948341406284553,0.004043382329756036,0.004069563908224921,0.018327944321490555,0.07772522850076487,0.01426657791469889,0.033886838687819436,0.055094218710720365,0.028189718499042896,0.06550252862414437,0.05489693206488494,0.024845915979539165,0.022487306762597994,0.04092066005296856,-0.014206079099817446,0.0030827330826154213,-0.001476489996625761,0.0012085114843329488,0.02823327474921948
505,0.05284124810786334,0.017381055495719788,0.011168415193550552,0.0034833618759064315,0.0029770543845728426,0.01976026422890921,0.07665493915075998,0.01609050778177861,0.031156032183258887,0.050938916310519285,0.027694651518138717,0.06552366576485368,0.05481933245994122,0.023909994126660273,0.02053991178126269,0.03660748203533066,-0.01703950209524169,0.002891692475569224,-0.0,-0.0,0.026195331810125472
506,0.05393752443798225,0.01828870292660265,0.010519912474564996,0.0032464114158485924,0.00535880610910128,0.018187887636079994,0.07875633826149096,0.015971346786634612,0.03192956846288294,0.053087948930024116,0.025368272494167815,0.06422631037307361,0.05444341183669025,0.025514449710591518,0.023287405868280223,0.03437213882205533,-0.01725613720744187,0.002919160330991529,-0.0010409036706282154,0.0,0.026844556832102066
507,0.052741321601291996,0.02008650230488276,0.006686075465179836,0.0010776453885353752,0.004857276038397427,0.017228322013932394,0.07708094461411395,0.01540913067332969,0.029350689260252333,0.05433736906407175,0.031058726969820934,0.06597061329947217,0.05324798925046003,0.023937506152314526,0.02170428671216531,0.03663678726422308,-0.015462556190177359,0.002762414161051923,-0.0,0.0,0.025645132579122824
508,0.04949220920924291,0.02061072097044951,0.007327697245308946,0.004204234434438625,0.004181855820024822,0.016016456169434614,0.07787704196483697,0.013758507661641769,0.028798342295096892,0.052701196108212105,0.028668582078968052,0.06319095565762711,0.05540119309886091,0.023145380043674457,0.021142662764549233,0.03766728278508428,-0.015269121161200869,0.00274236425008898,-0.0,0.0,0.028256499885738015
509,0.05072239800536483,0.01766530064717718,0.006774209453168489,0.0,0.005209753966784663,0.013009735290140932,0.07854786054224157,0.0146713856668509,0.03246073704407133,0.05458036564361886,0.028366539063749727,0.06625328710189538,0.05362787083570877,0.022183952556020726,0.02085168649704325,0.03513203820996855,-0.015259771412313631,0.004627612074012433,-0.0,0.0,0.02558073465657869
510,0.05218254234430748,0.019185648574606116,0.010215467620658858,0.0020817579746128163,0.0034647169509036436,0.015901182380900644,0.07445763605317166,0.012479378306287418,0.03029609170981252,0.0561796225352238,0.0292391967831438,0.06191979241620299,0.05578145988056152,0.023720458798709078,0.024140678137059935,0.038346177241450626,-0.017690409100001275,0.0024202152209553494,-0.0023865849091940857,0.0,0.02675246021911101
511,0.05116677232008373,0.018796512260178005,0.009698454752917791,0.0009853999696513608,0.007300411736397583,0.01208246560878452,0.07989350297385008,0.014958995260878178,0.028709064008203056,0.053075445198165754,0.028386737914223477,0.06358890541114283,0.05493991453962801,0.023796356858133926,0.022684288200220813,0.03929299391159366,-0.013359541136749562,0.0035125903917780305,-0.0,0.0,0.025077643963185157
512,0.04859388020383286,0.021080057137138095,0.010233560765300671,0.0027782120029237706,0.00715218565988036,0.020025472720751194,0.0796599935065371,0.013791536384386533,0.030375327518301486,0.05357420970934265,0.030465642890771354,0.06452843775689936,0.05610252920034022,0.02199796618334202,0.02110420161482294,0.037657090936084076,-0.01782169461311507,0.005235762758907455,-0.0009905994731465443,0.0018187516453668506,0.029599638180396622
513,0.05144282526552192,0.018571173455197494,0.011296913267394688,0.002100743919695107,0.005516318645622776,0.016381857053285886,0.0774113339991512,0.012468196318531952,0.030621843793899515,0.055664306529250786,0.029139991027380532,0.06524016632383979,0.05539480705942644,0.022883652014132415,0.0208892559020834,0.03700760880649676,-0.017053987992954153,0.0025598487545656023,-0.002327503415236548,-0.0,0.02919644930385242
514,0.04938083146351947,0.018722210976077028,0.010419644368121221,0.004095826590688667,0.005797136927270514,0.019227377107668482,0.07688323371346563,0.014828183709268881,0.033908689698244614,0.05492213659610412,0.02756077131033779,0.06395819080601488,0.05413056367770638,0.023971221340755657,0.021390792068292364,0.035842386762679916,-0.01861171091720659,0.003151657230676971,-0.0,0.0,0.025024723255668655
515,0.05059941675897249,0.0201973235575022,0.008171680518004836,0.004486779576884769,0.007915680917796443,0.017290237928164028,0.07690894206378004,0.01602478669134394,0.029217845874354335,0.05546116508241964,0.03025644974136797,0.06465278217550838,0.052516505462161064,0.021686978715730706,0.021211834924484165,0.03918414390206485,-0.017491094593159794,0.004445862023709483,-0.003485628673972648,0.0027292100594030638,0.026982495828442817
516,0.0496640275558558,0.016696369746980605,0.010867336058165696,0.006057893121667739,0.004915171258295608,0.0154495859958521,0.0798658411825092,0.016819549590766838,0.031243609031692397,0.05514894010804217,0.03153540621869332,0.06449789549236908,0.0574620616985567,0.023716104252505716,0.022658158647502324,0.03715503477467914,-0.017090544929242446,0.0052454448658700885,-0.0018360907203700285,0.0015679035642692037,0.025371259189511507
517,0.052211764750041856,0.020428935951227925,0.012129880241608455,0.0019571979779222887,0.006369145757486857,0.01752185992952985,0.07545720374231214,0.014306774458309838,0.030384508187116712,0.05317440698782851,0.03070017933765395,0.06480519934884127,0.05535189424428431,0.022196980312501575,0.020149910371668467,0.03578605329700033,-0.018265399748368695,0.00410163440882669,-0.0,0.0,0.0277274847825744
518,0.05144340498803102,0.01897376224390008,0.010561990798734532,0.0019694395493870783,0.005861696502109188,0.01762889394995944,0.07764060312232438,0.01271193484677136,0.031030236315967533,0.05545965217402224,0.030279313416657464,0.0656288638606001,0.05821094152810549,0.023609234018792277,0.021366492063433135,0.03981609606899205,-0.016877498768646113,0.005049185862936668,-0.0011966339392348966,0.0029112070805299996,0.0290815417056655
519,0.050778080826762634,0.01784001553395102,0.006635850450573933,0.005112860625639031,0.005486453914807984,0.01847987668652014,0.0784992504865607,0.013057479918314062,0.03273799136409525,0.05543352222595316,0.02995396920968723,0.06462878780308053,0.05486920795566823,0.022465554993530715,0.020043835085771705,0.03882139103062654,-0.01497399658971022,0.004814581780350722,-0.0031822109569753275,0.0010166125190490514,0.02826169168626367
520,0.04894776367761229,0.018117369622885005,0.011649511204043601,0.00263709446805014,0.006515056128189858,0.016132804850868626,0.07939713867314219,0.01549817428727638,0.030142419317267185,0.05468973349559642,0.030428862651166524,0.06549462910025278,0.05293224602426205,0.022338751547116086,0.021203392485104007,0.03700396863032348,-0.015893058326166155,0.0027025253047058204,-0.0,0.0,0.027043425661630385
521,0.05063444489105316,0.016446005690248133,0.00936707887676877,0.002665966101246935,0.004764863170622163,0.017972598469163995,0.07689962595856664,0.010939594602655827,0.0322183713982246,0.054243285975409346,0.02833252892147304,0.0618688153926829,0.0549129096049671,0.022413781044908467,0.019047382459491877,0.03755287672455919,-0.017112572227988846,0.002314898160502817,-0.0,0.0,0.025218411581563977
522,0.05193485337350094,0.018866891395968925,0.005367708249038072,0.005136642512473384,0.004664950720950852,0.017007107673382666,0.07738531638467801,0.014036402670455634,0.03141093813809004,0.05562279471418569,0.028946163699718485,0.06623334115732984,0.057314672886007806,0.02302874602129041,0.021267927258875188,0.038521892133061064,-0.018316236714319936,0.004440938254992434,-0.0012387455432168158,0.0,0.025549472165756162
523,0.053305348966810405,0.018373913814029197,0.009712554371134286,0.004126645085240635,0.004037513188888638,0.017202776243006798,0.07678479331960626,0.014049068867729272,0.02956966966407741,0.05666912997167509,0.028070282471420918,0.0640134411715337,0.05277931649735981,0.02313914159269017,0.019896738792265865,0.03825544101338762,-0.014922188838177126,0.0033621744587951996,-0.0,0.0,0.02599812542348036
524,0.05223090160359674,0.0181682312966028,0.00796287484888615,0.0,0.0025743103481115897,0.016827503906373185,0.07663353576528026,0.013855493754335728,0.02839429640905894,0.05362426617348643,0.02970311933194457,0.06103473071964399,0.053194705473597295,0.02114111324882271,0.022485354174306388,0.032716292862340464,-0.014634066162337001,0.0004348112961513204,-0.0,-0.0,0.02740642677303674
525,0.052043339814275474,0.01839193735123509,0.00790074241983792,0.003810288880371367,0.004088824284892059,0.020783967631380948,0.07654651279527397,0.01400490083547341,0.032698450998071005,0.053068395873843884,0.028572571856006604,0.0663380591016856,0.0556254529870577,0.021662219879830472,0.0229073693017363,0.0362203925139339,-0.014788286050205412,0.0,-0.0,-0.0,0.03069069175423564
526,0.050281991291944196,0.020139054802731003,0.01143613952339453,0.001340621722583013,0.0062872639312899865,0.02043419145357367,0.07832725778470265,0.014505745793350977,0.027890439887290782,0.05374961356861531,0.030014832615766044,0.06690831410617896,0.0543433663538041,0.022140975890156882,0.02111188719702123,0.03846409822446286,-0.01724073486163221,0.004527996803969243,-0.0013202963833650941,0.0,0.02895698151676041
527,0.05105203127131778,0.019323756388211173,0.0115767104134758,0.0023991685138514004,0.004647951478673911,0.017649321026042157,0.0755967286450658,0.011057620188188528,0.03135648470797498,0.053226859505824564,0.029509544898792383,0.06524754227974129,0.056352277031590035,0.021329813095377285,0.01952960441426564,0.03952769383975253,-0.016119970978524294,0.0027897293688154724,-0.0,-0.0,0.026500322061008177
528,0.05303143751522065,0.017494815299517498,0.0073976521977940305,0.002433897571138021,0.00327297015020953,0.016857632404763862,0.07751587860307187,0.015766157357165758,0.0315025009336382,0.054157246232821435,0.029049404494695546,0.06479119268571035,0.05657890673093185,0.02195452633460337,0.02117323441215228,0.03821659023265199,-0.0170609417860788,0.003562613171062152,-0.002818514319379075,0.0,0.025910025143293706
529,0.05273680941344123,0.019167019778450964,0.008682534885325738,0.0057934266171884114,0.007518462794423532,0.01764750334668684,0.07728631678330601,0.016453654082871368,0.029437657704546243,0.05604440139979383,0.02858071074959565,0.06483811498721827,0.05495415918757221,0.024043898296068775,0.022489265259871292,0.03649117633065047,-0.01642205216722801,0.00416742638654206,-0.0009228910043364038,0.0,0.027853623380324714
530,0.049449543859599265,0.020134766339389397,0.00617597189404547,0.004611693805626778,0.004484175857846268,0.014851612611902175,0.07799452883331191,0.014458266472170753,0.029257667863625096,0.05517846860486684,0.03008217712275653,0.06164358406331513,0.0518181105458605,0.02143159765559209,0.02188795369634406,0.03365826512138805,-0.01232867239834052,0.0,-0.0,0.0,0.023933797389629405
531,0.051262570898402214,0.017664240747442758,0.009907954276294057,0.005718276091503713,0.005975852346287553,0.020851792161603863,0.07831091249296282,0.012503020901862325,0.02860410303298467,0.052745683188754305,0.028375542674379504,0.06365593828761393,0.05792047461792186,0.023436543714599762,0.02154374254414184,0.033336752989806484,-0.016785398591546905,0.002498639032591348,-0.0,-0.0,0.027621255519449713
532,0.05442038100977713,0.019333656287614784,0.009227171654100532,0.0032048087829511652,0.0033227422219690647,0.018653987319510325,0.07775778785297523,0.012295275449997707,0.028563007729412202,0.0522466014555986,0.02788164052646787,0.06700843449854849,0.058692360030443515,0.02595617211139616,0.021160273799474397,0.03428583242258074,-0.01627203582223761,0.006232347389264283,-0.0,0.002235320725112056,0.026014222510585824
533,0.05037904366649953,0.017949351476044862,0.011863082637648452,0.005346165523038057,0.006709202527313302,0.015305387691424333,0.07782265727609429,0.014959196154057082,0.03194801838502231,0.05506220915074203,0.029077708215765653,0.06452677694690537,0.0523694443608136,0.024286508735138497,0.023295167778361558,0.040618430970341256,-0.01793720071177694,0.0050783108201452095,-0.001140236040560489,-0.0,0.029325127446777583
534,0.05111819151233782,0.018506170985532127,0.008776595979588358,0.004267176800454234,0.005003006105291556,0.017362028587699148,0.07693945535828903,0.016106624466938686,0.03307806756085518,0.052113685078543706,0.02889991700365907,0.0639246812512725,0.05547957311837487,0.024913264917583677,0.022090821829612344,0.03829291021469758,-0.01577227289472944,0.0031504937647813744,-0.0026918735136362273,-0.0,0.026416976711550296
535,0.05248899656739698,0.018470986896723267,0.011354575189395368,0.004421122200265034,0.005061045458924418,0.01617492646139217,0.07891977813187243,0.014754398868727706,0.031842926051674735,0.05482444757754134,0.028075034367263402,0.06500433789196339,0.0535708743419036,0.021064882774129896,0.022785350386399065,0.03519183812618961,-0.017200812643134656,0.0037929863054008174,-0.0,0.0,0.02780919583855886
536,0.05198213895940551,0.019333759357147998,0.013700697463641892,0.0020993826397697137,0.005252536408654773,0.018293649978025163,0.07600502523821272,0.01373972292445676,0.03300686938952168,0.05374619776362878,0.0320933310758045,0.06377222708046128,0.05453061799900063,0.023162386752873864,0.022985501076900103,0.0366475026694602,-0.014299566035725,0.0038278189652678303,-0.002634901607636809,0.001095181771951056,0.02571573697902957
537,0.05327760290733379,0.019855468813743078,0.009896121658713654,0.0031108542867971964,0.005867554382322008,0.01590079050822281,0.0790386337185049,0.014959357598487932,0.028060960061848418,0.05335186610941125,0.03168494479558664,0.06537313376123094,0.05536097245821986,0.023014374555653604,0.021095685808785368,0.03660528404008452,-0.019353238476233065,0.0037734624329582855,-0.0011133135688331062,0.001183928151183926,0.025742190812053103
538,0.05266134595960567,0.019117293248665717,0.008527110170934549,0.004144205654193612,0.00525799531603428,0.017180890069362145,0.07623860434119452,0.015667229440020358,0.03481887124114641,0.05204802941784265,0.02888649327611808,0.0632356752839325,0.05796434777626259,0.02210889821743134,0.019510118967862766,0.0393531481793465,-0.01599990271447301,0.000682708100782267,-0.002437562506214783,0.0018036002269870316,0.024546800274356392
539,0.05258424861350391,0.017532712201766984,0.009361457566999614,0.0006914963435401368,0.004414751106042109,0.017662624724830413,0.07988704867787239,0.012934306635511537,0.029384660455137077,0.05307255085550527,0.029294402704165504,0.06525074322802123,0.054623853753807156,0.024232805505870786,0.018717703799381046,0.03334019143154754,-0.016812973811108304,0.001553950238536319,-0.0,0.0,0.029378118173607175
540,0.052443765141293314,0.016868672278945798,0.010561058914885065,0.0027828806910403154,0.0044287777786646,0.01602808115742848,0.0772470824243827,0.015619297783326037,0.03206305445477404,0.0495528506641769,0.027830383103641086,0.06222227356076477,0.05678849277452028,0.022354127865266176,0.022002204109246047,0.03476451753803242,-0.015763141925753312,0.0,-0.0,0.000767075748312233,0.025808169576937233
541,0.05388045762573901,0.018952136935728642,0.008323065940121723,0.0031958296789806,0.006168673120352812,0.015000091267032731,0.07634632171622492,0.013610668219144879,0.032193683254402125,0.05259926405212558,0.031036918831908546,0.0638240152307874,0.05517676741321826,0.024089264653157492,0.019914666532083354,0.0380370565472326,-0.015813245491102093,0.004812969393754737,-0.0008614142523489678,0.0,0.029004684736282767
542,0.05503297300941256,0.019333746914287096,0.010306552186389432,0.004643975697633836,0.0058091158802535256,0.01955414522125504,0.07721294873899637,0.012732689606791333,0.03255318953632907,0.056306674563111614,0.029762465678396462,0.06564574784567,0.05414656548478675,0.02440888634706062,0.019941461298368508,0.038588097475721554,-0.015227456012614911,0.0029693136584453754,-0.0,0.0010759004016542568,0.02610612304316014
543,0.05226090143765743,0.01934591905829842,0.011789926789156949,0.005103299714924526,0.005410061291902608,0.017282252202094155,0.07623994875667894,0.015150818606450914,0.031117003348530004,0.053279284226079,0.02860982597964335,0.06266047348275071,0.0539367332112721,0.024194373427831244,0.021078661440239472,0.040900096768217827,-0.018276407460706093,0.0028058553681968115,-0.0,0.0,0.02880958830758072
544,0.05267178770624183,0.018599899979170935,0.009204766560502611,0.0043854906325999365,0.006460943408443265,0.0199345463095603,0.07904518507576813,0.014452171398408356,0.031392256193529,0.05540524821436714,0.03119548353054844,0.06516362790019035,0.05484428804084237,0.021253428120593734,0.02101913553705843,0.037893196164832596,-0.01431939468079373,0.002208700484644009,-0.0,0.0,0.02603243304746912
545,0.05136610700949578,0.021389388705364776,0.009956578566862138,0.0038205585177342708,0.004976077138158238,0.016771331132969632,0.07539116969847824,0.01463986430492077,0.03150286988334569,0.05554998569881549,0.029965954023910897,0.06261972126555834,0.05413800653574226,0.02159440036207959,0.020984020607983107,0.037418363281740884,-0.015593583374647106,0.004796362344350187,-0.002121818454069365,0.001174556294145663,0.02993903270960937
546,0.05095249066741996,0.018620243554840106,0.010119864209328663,0.004350456067485847,0.007462263868761715,0.019557602823135522,0.0802433982286528,0.01330072256371714,0.03225123918867619,0.05497070771794059,0.027304096251118667,0.06458340319454556,0.054499120288345644,0.02292810550490861,0.02115678634947373,0.040307885810966324,-0.01791921937847632,0.005298635143788918,-0.0022742491803952663,0.0,0.02551924820961333
547,0.05310208586992087,0.018699993350600092,0.008516719111620006,0.003842467482034394,0.006647790106316357,0.018452936158084434,0.07933172010252765,0.01354107446133467,0.03168283762346481,0.0546394008076685,0.026131645111681333,0.0638556475301294,0.05466580649816713,0.024244575809742496,0.022839753361064183,0.03266146848096396,-0.013366790246809987,0.0,-0.0016231513849878365,-0.0,0.027075416419201397
548,0.04944462653481789,0.01790868870913529,0.010125712952553356,0.0036443523484561875,0.005765987990869452,0.01807899571867375,0.07707806062482989,0.012612705217879173,0.03081109703819496,0.05495107794156533,0.027902327346448194,0.06527336270907635,0.05475987685611579,0.022690006282454538,0.019941561905683403,0.036992193919961204,-0.014868197548804203,0.004660198852556516,-0.0,-0.0,0.03041152126039749
549,0.05476566749012231,0.018503515943208895,0.009852235697378519,0.004396018498315106,0.006116515494596488,0.018202272539588185,0.07814443505285468,0.01572788428559849,0.030693393659197366,0.055394629348235545,0.029974113761536112,0.06558562047532433,0.05377911049550962,0.021631795262338903,0.022836154554623962,0.03565552128916957,-0.015485393393364863,0.00462336214201694,-0.0022077758288426338,0.0,0.0262242956512817
550,0.05069784018562181,0.01815518543088784,0.010525143140114322,0.0031630861545592953,0.004526925302803474,0.0178580948904572,0.0764110505509278,0.015475282986697715,0.03192327352233158,0.054066119571531436,0.028104648337446476,0.0639138936891186,0.05389239076478821,0.022522134789235322,0.02123528056145054,0.03483279069712446,-0.015810597180021257,0.0021579274400854833,-0.0,0.0,0.026137651810124108
551,0.051858782212078854,0.018906790087394307,0.009663183492899277,0.003347587750817405,0.004987483735092163,0.0169044021137865,0.07551105688767636,0.014891389878352885,0.030632307567319148,0.05514508380756849,0.028809425153269095,0.06495005238458174,0.055406109483024414,0.02325015951520856,0.02310221881251833,0.03816184315062296,-0.015812546219404824,0.0022031320278261737,-0.0015596006302081816,0.0,0.02972013601869858
552,0.051182540454806406,0.017615549019414607,0.009504529543955075,0.0028928337007304047,0.006230419737452421,0.016702681054574002,0.07584375175792461,0.014270081345035572,0.03232343970134251,0.050909295009222234,0.02849335613274009,0.06475255323012764,0.05574190234761294,0.02148878786668479,0.023360619236650868,0.0379365257126718,-0.015154031678304342,0.004465904860361865,-0.0011529339256879647,0.0,0.025524678548951837
553,0.054460194018030664,0.019554948151885916,0.010555420927175268,0.00491005456435819,0.005389890958755957,0.014908649002809849,0.07644933129725447,0.01511141797979237,0.032417787020038405,0.053970745919025474,0.02964378900087439,0.06570089714982424,0.05720662237038911,0.024721532597172614,0.023167934691066983,0.038291875645551886,-0.018988408010157193,0.003480003548120487,-0.0016510096970115732,0.0,0.026725779524348178
554,0.052707631903528465,0.018069985605009994,0.006087031296573358,0.0017419074400842173,0.004760843592203506,0.01586844385195442,0.0791532555645761,0.01271991282315295,0.03217370518368427,0.05466404704959499,0.02664891237934859,0.06611362453659844,0.05459777250652478,0.022583822849302135,0.023105512698297394,0.03833763791628058,-0.01663251406158177,0.0025457622466195104,-0.0025180560571892814,-0.0,0.025441801171588608
555,0.05081404492159424,0.020482933711822544,0.009617710665845894,0.003090343696840452,0.0052765335096841065,0.016326427518987368,0.0769033988340352,0.013927672060329447,0.033161675393943955,0.05406764736352042,0.029005981219401157,0.06515957578938004,0.05732197145393635,0.024117862853388555,0.022035820591413284,0.037930159916013596,-0.01712261065394964,0.0038057123351875532,-0.0015010153212098988,0.0,0.025374209736045976
556,0.05248280137240085,0.016829333560828812,0.01131065987426612,0.0025727314492396494,0.006615677789318028,0.018286085172596937,0.07590203065340914,0.011762774449276396,0.031006111769388795,0.05399768818141765,0.029652066197851323,0.06724852422583924,0.0549897894174128,0.024105022126468114,0.022225975055796612,0.0377416440978449,-0.018479359516806883,0.004436589353206452,-0.0025177259501390787,0.0,0.026591031051970027
557,0.052877827365315704,0.01730603884050374,0.01063667257386247,0.0024478542206947864,0.0036518741876009958,0.019871681586995392,0.07722410563891466,0.017039846413856127,0.034252114171046615,0.05497832913053561,0.029753849875886983,0.0628630755603212,0.05402246344007696,0.024181493418592152,0.021938252346360775,0.038666615541274235,-0.016859564488508144,0.0032696868069924546,-0.001616070110614378,-0.0,0.026477211996291907
558,0.049298543571002586,0.01636925512886881,0.009218683494132839,0.005176869560663826,0.005571473267197688,0.016346908966208905,0.07612613612053891,0.014153883451394896,0.02701367226216215,0.0537241407203626,0.028081473824253342,0.06764813529145144,0.05801474256623883,0.023028630477842624,0.01942290001883291,0.03759969015034154,-0.01544948872626795,0.0013605512587160822,-0.0029941525875507406,0.002236003018530875,0.028512409406095198
559,0.05230181080714958,0.016875187023988863,0.010856274820081837,0.004158123017234781,0.0024350334935511623,0.01999062858664633,0.07786461468520019,0.014192890185417917,0.03350004213374411,0.05341014671738044,0.03153906768862638,0.06369464158681913,0.05356815012740866,0.02289499024470528,0.019914400331421094,0.03586864223008407,-0.016751435793179417,0.005874485301899849,-0.0,0.0,0.028529966656081863
560,0.05012068590878114,0.015839937494347586,0.009144974507927933,0.0004991939177118293,0.006397327701310825,0.019964472011251747,0.07701628208489764,0.013257308378392728,0.03140057200233499,0.0538414434975273,0.03035133179059589,0.06320035529388769,0.054533777682957016,0.022336863817591816,0.02350791259775084,0.03621370686158244,-0.015263446701558846,0.0031932152869597525,-0.0031821715508267017,0.0,0.028112323660731405
561,0.050873525151714956,0.019261770192131284,0.009964222011953652,0.0036490833759485483,0.006916247842293002,0.016795001019976885,0.07830255569175015,0.013957476030402309,0.02947051219042776,0.051677897301116264,0.02948452185380227,0.06375269812335398,0.05375401374499433,0.023834098576317516,0.0203646592137533,0.03942540313726118,-0.014846902500499871,0.005407812247846446,-0.0009858084278115652,0.0,0.02518695353107943
562,0.05324126247993765,0.019582673951406872,0.010902991920726435,0.004983668828656933,0.0029981517900073205,0.01719846538215762,0.07687418294013743,0.014481825106273912,0.031982216604555996,0.05271823087385917,0.03038804563221965,0.06575738563039331,0.05477510381400241,0.02320681541073831,0.022053376599471985,0.03665014090624955,-0.01554497055199368,0.003952666358964364,-0.001988204240667936,0.0,0.02735661295808236
563,0.054032855396869556,0.019426330764885136,0.008654135221732724,0.0032722789795120583,0.005238037987149419,0.01880709474757423,0.07914447629179813,0.012995167919642822,0.031060245168362508,0.05466933106656298,0.029017650234563968,0.06571840954005756,0.05241184135992971,0.023270632917357075,0.021707898923828173,0.03665104355079466,-0.014616415565922929,0.0036528295162391996,-0.0,0.0017087607920260235,0.02777337202972853
564,0.05232885167420248,0.01878875110240809,0.010037981663005447,0.0031059485685400023,0.0044536056568586935,0.014926887160368902,0.07797457145859664,0.015293438578890766,0.030376048638635657,0.05391778414440525,0.02911774098947364,0.06391638534910499,0.052956481259278154,0.024762400651267703,0.021376214234990042,0.038666635183322244,-0.01471255964034873,0.000810036191155661,-0.002136408750349908,0.0,0.028918624792018538
565,0.05201032944798103,0.01918038419054829,0.01166973323732424,0.004801834228816983,0.007131358649593549,0.01964914209662333,0.07811799533268304,0.013329797604044655,0.03186244130492066,0.05473254309122772,0.030492699833737827,0.06434274310324052,0.05505369291115127,0.022560034649383137,0.023719863305850727,0.03618486022054094,-0.01775655392054653,0.0014286607172737287,-0.0,0.0,0.027372628243237475
566,0.05215412145607934,0.019317922644767185,0.007649887140586821,0.004746437102743266,0.007104853975969247,0.01721571213618239,0.07749779159540045,0.015281508024278282,0.032964561160564926,0.05355004586614831,0.030580976267122632,0.06520883675119522,0.05301019856388404,0.0225703571650121,0.021982933310388895,0.03293323356070463,-0.017305223639498893,0.002088414906416773,-0.002451831195573778,0.0,0.027876124241175977
567,0.05044951005942919,0.021259557457089476,0.014427916436710854,0.005484549954365708,0.006877556141335251,0.016577184435860672,0.0763007177667002,0.014782740652829605,0.028965797289781922,0.05422094859583508,0.03137623391432684,0.06748965660264264,0.05778330587131619,0.02471211601494667,0.018972947179424694,0.034838352068798074,-0.014973588402621906,0.004120971545588456,-0.00115294899623214,0.0,0.02867999529463694
568,0.054539200699552634,0.019383895691035477,0.009487524232120528,0.005450841443047882,0.004700128979013136,0.018204933044407012,0.07791093263309816,0.013234020681169249,0.031731919247674,0.05351973028574993,0.030151842566505632,0.06477087277653054,0.058741745350130554,0.02464970004865989,0.019316294346543354,0.03701377890516554,-0.01631709777190628,0.003333285571901754,-0.0008712922031382739,-0.0,0.02366172061951035
569,0.05402491710132819,0.017532459988100015,0.008853283890368591,0.0036441749186795717,0.0075413396865027914,0.017183865893972885,0.07869142819774685,0.015814127256605484,0.029881046907903844,0.05575422950234071,0.02926758345081585,0.06614140040214952,0.05300110107726457,0.022446516950772256,0.020878967103237535,0.03893213561797504,-0.018606822096885686,0.0017785885030668213,-0.0,0.0,0.026142388424102127
570,0.05283050657275328,0.018319634286369266,0.011681089342880395,0.0029317528084174833,0.00652890986421388,0.01656000893901835,0.07675673753649045,0.014118814625750108,0.030655061018725987,0.05774067028645035,0.03043115155260418,0.06497159428955665,0.05273295557715235,0.02205316659344809,0.02091364609306014,0.039390182400351546,-0.017329837222311784,0.00481295637790919,-0.0014599916802326485,-0.0,0.028256903475919897
571,0.05306316220161627,0.01926745925812555,0.00962446990060131,0.0020425369866528993,0.0065338339977298,0.01811667281988364,0.07727149053921063,0.012709581680245843,0.030987334043749027,0.05288002012853802,0.02906817312438783,0.06283793958065712,0.053340745216694734,0.022040688065315738,0.02244929534199334,0.0356229916894179,-0.01878245413720785,0.003477982048191193,-0.0,0.0,0.026643501257782542
572,0.050469647632245596,0.018845233113985317,0.012798734155944173,0.0035999654334140795,0.00447634968144506,0.015159989573491803,0.07704425160861177,0.014440663931612144,0.03212105829663781,0.054021207212315965,0.030931126308448,0.06349109674377688,0.05373250538168798,0.02323491384366105,0.020840727110766302,0.03899254241246907,-0.015900752343663265,0.0018284147678106811,-0.0,0.0,0.024871846440196393
573,0.05243294640772577,0.01966648561963812,0.007225732207836922,0.0,0.0065211592300025946,0.01597712698781561,0.07785213955474184,0.011380802602085882,0.03124765799245839,0.051714570424978304,0.026754594942919332,0.06441971271891268,0.04998320978150241,0.018433121581154475,0.021077343707231806,0.03347044150643087,-0.015092868988846674,0.0024402928074236012,-0.0,-0.0,0.02215080343286157
574,0.05191380903159063,0.018452254342851727,0.009886334837750957,0.004427179034511877,0.007593987706605268,0.016116708593673645,0.08008985323309428,0.01757000561621555,0.02851479245057127,0.054824143111004905,0.029938817739382017,0.06490485908230963,0.05510261588168983,0.022767894501787317,0.02260210938382216,0.03662383781098749,-0.017675061712206917,0.0048396214865187885,-0.002528601136412608,-0.0,0.026821830152413247
575,0.05333903889304163,0.019528751758661637,0.010361745095479566,0.005309043100498645,0.007558951646759094,0.017766136751092208,0.07640499679522923,0.015038962856767422,0.028548145435461362,0.05637023716109699,0.030394354798525026,0.06805073560835392,0.055741216990162226,0.02509162484017579,0.022092776647024928,0.039686736903124534,-0.016249567589441048,0.0021838639820424104,-0.0017775042002835658,-0.0,0.02942669169948035
576,0.0533988804245884,0.01856203810418308,0.007934707710442667,0.0021834617208295612,0.004077878191275398,0.017331565657191773,0.07692049989819721,0.011342088604338552,0.03276723506304425,0.05463387254384538,0.029347447851597867,0.06114056513053197,0.052910565668411895,0.02176665681938922,0.023476365638194746,0.03766951055385597,-0.015077865856510152,0.0026885780342498756,-0.0021876848390837062,0.002170953597322305,0.026737691442456232
577,0.05412194788434521,0.019236891757175516,0.009086351989152208,0.003630970107929134,0.005795297884806427,0.01929282681622847,0.07437322499302072,0.011908218260240919,0.031099608978652882,0.05505703614709978,0.029938951965071518,0.06409849420696208,0.05663303740875247,0.024264426663388385,0.022056009705282313,0.0390275878506679,-0.01755523630527819,0.0010708501283679301,-0.0035801049526857616,0.0,0.02329032354447778
578,0.050069629236542096,0.020169795335757718,0.008919161883378655,0.004687231292198508,0.004692106592603908,0.016589461117986364,0.07645923813107049,0.013832179993185305,0.03246005564102361,0.055405533985101875,0.029826601374866295,0.06529545503649803,0.055674629366839604,0.020884381720993637,0.022170683151094397,0.03592988790182539,-0.016878096799754813,0.0014959015923314404,-0.0,0.0,0.026745387131829633
579,0.05234836820469194,0.01857106428618487,0.010963802441249863,0.004440709411448622,0.005300334345758844,0.019735884315503417,0.076917441055048,0.014686776765648349,0.031498155787202164,0.054749172981737336,0.03202441058557404,0.06460754562538697,0.05530043041499443,0.022979280480713085,0.020126154073650936,0.03457179287022245,-0.016580904354990014,0.003630471407297945,-0.0011478349904114158,0.0,0.02919150557336582
580,0.05064799817211655,0.019194729098662388,0.011317016259754533,0.004332593892152121,0.004154871485867047,0.017841410263348328,0.07915680539043062,0.014057964728527942,0.031365641069656974,0.05579073976702262,0.029383448838674962,0.06519896434987626,0.05757187493172684,0.02240156437926644,0.021975593808933994,0.034910727357244174,-0.016246282491648806,0.005996886829309496,-0.0019549885502204733,0.0007512634946389135,0.02822370146091915
581,0.05297075595732537,0.0196923205009162,0.007763004687589094,0.0024498981089993302,0.004728255037672342,0.01640123128378836,0.0782053734231911,0.014923739090079135,0.03026264757402771,0.052126864850417724,0.029653860827499528,0.0667950979884558,0.05743577913687096,0.022416717144417918,0.02211307562912068,0.03744838538236896,-0.015276192380761578,0.002056058082438127,0.0,0.0,0.026261879496669766
582,0.05127538075261919,0.02013749744865587,0.010513237553040213,0.0035902912823204715,0.004009055301147331,0.013448262266352656,0.07669101550225282,0.01697584724133415,0.0305436630690256,0.051118459050150535,0.02856363379553329,0.0667183292156494,0.05374654107237074,0.024058955274957487,0.022890490568305704,0.03923965433952409,-0.015902749150306747,0.002088171525728538,-0.0029311862838097206,0.0,0.026184046525000233
583,0.052791980161973964,0.020355837852647513,0.007141231212212973,0.0020890244268761625,0.007354646976015085,0.01712788342899067,0.07744461806774,0.015329965331675395,0.030611908443984107,0.05676677829986236,0.030340756948659533,0.06294903490436861,0.0552050683311951,0.02328800413583666,0.022504499593638625,0.03743607032931835,-0.016296655311800634,0.0009403510275881136,-0.004358582152914312,0.0,0.028977946618375425
584,0.05479213871686238,0.018714414904917667,0.007365994233156626,0.005055717321289043,0.004530229969903089,0.014450722448920464,0.07572051452560476,0.014020736778346378,0.028242174569276905,0.05399343236788116,0.02767433237394303,0.06451712356225783,0.05443401782390141,0.0219276240854194,0.02207081171346315,0.039657600216924806,-0.015872031997561698,0.0,-0.0,0.0,0.024750519291753793
585,0.052327432745577364,0.019400906377391107,0.011358355356276672,0.0031900141051479512,0.006123610180813913,0.015240180436996374,0.0792797898628861,0.014153687266596536,0.03066313553014524,0.0568454061994306,0.02883295080058897,0.0655549415923141,0.054566365783954976,0.02441240088891237,0.019816197792086175,0.03782701966832983,-0.015751000065840973,0.0028802129347463112,-0.0027054068462165595,-0.0,0.029300088109151703
586,0.05128493059758642,0.01959692607203726,0.006854242150429014,0.0031440663179949585,0.0052052606378988646,0.017165932041434954,0.07833514003817496,0.012490013554656346,0.03138509743452047,0.05352310889719546,0.029691068868207892,0.0641773061456923,0.05491779748721913,0.02550850110335506,0.02138894474214896,0.03812590347115941,-0.017203166793387837,0.004430542355776465,-0.0015212689870517705,-0.0,0.026707671883751647
587,0.05051396033765304,0.019103524510798685,0.011492693385479417,0.002855098548551673,0.004613557371425592,0.013949901078981775,0.07935955343163907,0.014821209432769166,0.02833118018762429,0.05489579901625688,0.028230053952539583,0.06643959873152906,0.05575961941523774,0.023306750581939508,0.02107664721525001,0.04008437900869029,-0.017025527579695537,0.0026726761577564725,-0.0013827059563848079,0.0,0.0249179833870427
588,0.054942047564541,0.020013481221851023,0.010417487255030746,0.004705173289603456,0.005826694427519216,0.016467815053922835,0.0756327873845201,0.015522830729034832,0.030596635328843873,0.05328868395288188,0.028483409533587824,0.06729451629357852,0.0536057199193486,0.022821631430852383,0.021998735595012503,0.03677452501862534,-0.015879535184074645,0.002852313414872567,0.0,0.0,0.02692909445540076
589,0.05148328841593897,0.018506744518383942,0.008922196746511415,0.0038625070236123433,0.003908099537424175,0.01773756095393198,0.07946132263076582,0.013630675319288955,0.032803463384410134,0.053043334194883135,0.031097597194488038,0.06536133521875238,0.055374792487437145,0.021136031125510237,0.01909796863062397,0.03850416784259457,-0.014729824167175038,0.0032157503464251497,-0.0,0.0017555746039862818,0.025239254059349722
590,0.04913987520253137,0.019821370074869574,0.009024475672190108,0.0027219560352273096,0.006913758549334562,0.019569193987153354,0.07458141880977708,0.01329231317790115,0.03352742268036338,0.054906823895964234,0.028680039624800466,0.06326854747853677,0.057207325240751464,0.019752608873440405,0.021529174028203944,0.041576879775285076,-0.015926917702597347,0.0039559567576055955,-0.0,0.0,0.02579243824781152
591,0.05021317642249842,0.019836203629957604,0.01091371999528548,0.0036432421948158584,0.0032675468896718,0.018967135425335045,0.07628213322776162,0.013638896725374192,0.03244829323765154,0.054155153981189155,0.031205753944599072,0.06444845584458947,0.057735750796138054,0.02541765929086984,0.019234587982871375,0.03946960488026961,-0.01790589291551995,0.0043828956251855886,-0.0,0.0,0.025326537679144855
592,0.05372622078469583,0.020214905426081033,0.009603983608506136,0.0029903475219653962,0.00565383375528419,0.015271818094938456,0.07803325505657652,0.01596445198161688,0.031036600459042298,0.05458934200808393,0.030127594536222102,0.06209985452244681,0.05199962447248801,0.023039382353065775,0.02196626780150635,0.03969425955652455,-0.018700449219553623,0.006411810531231054,-0.002406049291990428,0.0,0.026587113886416158
593,0.05315090107073927,0.019517249225944687,0.011488974243269471,0.0033515263007545585,0.0032331970497387207,0.01691169114983612,0.07573635001815544,0.012883183794363779,0.030613736283168824,0.05481850276609281,0.030007741372636884,0.06378926475791295,0.057110204226584145,0.02245335107062895,0.020919421046459493,0.03447884293952884,-0.016246392698743475,0.0025370496515010822,-0.0020463974496442417,0.0,0.028564732452760654
594,0.05019163584133541,0.016405271470488363,0.01124335441175123,0.00312448368427209,0.008335507222685716,0.01798487958861292,0.0770133654353547,0.01358442156332821,0.031170127244033508,0.054508812253696366,0.029892406353419585,0.06462648222438169,0.05272168651688945,0.02218270751967118,0.023243957927755396,0.0373817851854499,-0.014735966025635564,0.002370505927649197,-0.0016905489349221107,0.0,0.02590653211448449
595,0.047905541080466234,0.019045668251333848,0.01202155341006598,0.0034157135394261022,0.004538995711984046,0.018942257202896225,0.07959770940313103,0.014308221443087422,0.032580079504347076,0.05297840232687467,0.029422476392305125,0.06542035246928593,0.05325046213922683,0.02390437063262097,0.02214750366783109,0.037342975990265564,-0.017236893614313225,0.0043965322940245095,-0.0017572388421875323,-0.0,0.02876644603119215
596,0.05072120179160805,0.01819064790569465,0.008670607684348929,0.002368720558009938,0.003427779775587371,0.015518295448017673,0.07805099331064548,0.013801950998977323,0.03350352482173168,0.05390305238615095,0.02938784402006483,0.06660621221077292,0.05768673855899784,0.024643345596875248,0.021494141130467503,0.03707489069146166,-0.017255884075494464,0.002289527195414324,0.0,0.0,0.02738374724422739
597,0.053582721206361934,0.019322804589072064,0.011526818871061653,0.00660554836785881,0.007862758721806353,0.017083510716089493,0.07977083058288081,0.017259503130646895,0.030314369844897975,0.05394955548575781,0.02834827131994451,0.06766046278748074,0.052177240860550776,0.023797603149778898,0.021596852740854988,0.03703956327262995,-0.01760349258869002,0.005082346865203318,-0.0,-0.0,0.029127190288276632
598,0.05167114526230275,0.0195595333583242,0.010981837864270884,0.0017776892129699265,0.0032902721177882153,0.014541726968928846,0.07771314686422155,0.012241716767436484,0.031021232608755788,0.05424085567544582,0.027267445733590526,0.06586044656788578,0.055907274647075685,0.025131733247589428,0.022867349844656326,0.03666462371864639,-0.015158361972273632,0.0031492654025685593,-0.0,0.0,0.028762033559834473
599,0.05132807145968052,0.019386794400392,0.010806296233523862,0.003374462832734641,0.006041243017153007,0.017538029564856384,0.07631525889538963,0.015063144738584233,0.028415861487059695,0.056803942477823874,0.029904596915119944,0.064334036516525,0.055087243887353345,0.023483420592905608,0.023074340853818855,0.03755168434931364,-0.018551068125484113,0.005331082302416573,-0.0018710009234157,0.0009268389889412442,0.026386244687292906
600,0.05463392990279959,0.016927494269049177,0.01361514841035553,0.004420343463982015,0.005195701827516299,0.017437619382612037,0.0771682149850108,0.012475591216477925,0.032082259736956914,0.056775099801476436,0.029210215625152466,0.06871254090595234,0.05734609261673162,0.022663424069660244,0.023145052711430743,0.03654621690427166,-0.017338333553878107,0.002655562622771787,-0.0019455141754972161,-0.0,0.027137283230027023
601,0.05281448865560087,0.020130909427466547,0.010856130299428472,0.0029202110832928455,0.0044928736463575696,0.016014257459569886,0.07644274227696046,0.014503422664949991,0.03168461752393188,0.05649262153088504,0.02989018627413761,0.06812115587796175,0.05713053622211387,0.023763462540506222,0.02249236491979881,0.037629175596935946,-0.01715378053066118,0.001964670165005612,-0.003404730050301088,-0.0,0.02542677041753552
602,0.05120970098976384,0.018901767974963037,0.008896088608283914,0.0028195544217825244,0.005984081928100077,0.019015130315743266,0.07769985641264514,0.014823897066599253,0.030741001200469468,0.05394695725695345,0.029234686915635952,0.06570056137547117,0.057768561126087754,0.021676159523260845,0.023034281886352675,0.0359395842009571,-0.016450151887073952,0.005137473404406171,-0.0017959198324365617,-0.0018844951598823586,0.029945829137221745
603,0.04953689222156608,0.018658052988118196,0.010241800721052345,0.0013595876532684595,0.005572132254875292,0.018460514217295342,0.0788611299633919,0.016057247062778172,0.032767399376501645,0.05569257707913536,0.02985846866925648,0.06595735443482102,0.05392888019747627,0.024537563050152762,0.02174111592859355,0.037466884680534454,-0.014277738899603187,0.0032170672307844745,-0.0033434322301304723,-0.0,0.02573927315586173
604,0.05196151945448514,0.018922500421657065,0.012604301256701258,0.0014625066665859398,0.007927586503401389,0.01929750774431459,0.07814125395330587,0.011791204674392373,0.03205569784952747,0.05367251364650544,0.0290577825742356,0.06614805141693376,0.05330927865981621,0.0250958971787399,0.021724824211870566,0.03963055569695573,-0.017722074295920532,0.00509376200591427,-0.001967364935957405,-0.0,0.028640375377121503
605,0.053833219290507044,0.020031817986308993,0.006065180629204824,0.0043286479730500985,0.0027116182330319863,0.01754024622127462,0.0767263586670085,0.01827431707765199,0.030792965464046418,0.055758266892839095,0.029692167209292866,0.062155656482468395,0.05556387199830946,0.02076176170513624,0.02280536810903536,0.037364871052327844,-0.01723415250099235,0.0018642169602482138,-0.0009872582188307786,0.0,0.026461328699596987
606,0.052097719793209325,0.01809851441611338,0.010691973941091849,0.0021808512005536936,0.006333665687034212,0.014326589513334518,0.07803443998132624,0.01593251262501326,0.03085398528959926,0.054072392172356994,0.02503509402863767,0.0662699371557297,0.05142009132011291,0.023677625878957307,0.02110120849545556,0.038718248481492024,-0.017904691272512305,0.0046104883088539245,-0.0,0.0,0.025927488921089654
607,0.050513214113605404,0.017323271488487002,0.011929707095411789,0.0011488576269875939,0.005469888824466071,0.01739335318774883,0.07521045269061165,0.015217243493577042,0.03387573023723136,0.055558470258305,0.027011806313378985,0.06493473270050698,0.0559656335568625,0.022262556834354918,0.02110223078313914,0.03791712908767408,-0.01707939153692795,0.0037919043540808007,-0.0027451258228081343,0.0,0.027536071886205066
608,0.054051110333398725,0.017453032962148025,0.009188174310655063,0.0052710935643096165,0.0065130313586553605,0.015727549044930903,0.07767078846351373,0.01608622624232907,0.03215115990602046,0.055162090222165096,0.02943070441493717,0.06477445268386046,0.05611382337087631,0.02412317461193811,0.021160252020903464,0.039589021358020844,-0.01842356980570677,0.004131593171693662,-0.003092513125064843,0.0,0.024913752704502988
609,0.05212515779779826,0.018201061676208115,0.007365031997354894,0.0034250720815458386,0.004455761257110263,0.01676290785939447,0.07711928975837089,0.013905810866798636,0.026466914033633715,0.0543027292608359,0.029157902445405504,0.06185910527084336,0.05211523746546372,0.022448104932985675,0.0209205803242362,0.03996295525342464,-0.013909587973736195,0.003207266312484048,-0.0,-0.0,0.023840102251207713
610,0.052128471671241655,0.01731818398177095,0.008950546546892726,0.0029164611073071345,0.004540415017527349,0.01643190292337676,0.07682076652745913,0.014914681900125381,0.031208501686425145,0.056139114074300944,0.02928814542417224,0.06405304454109081,0.05694803586141551,0.022371708365790915,0.02067799947146648,0.03655313476863281,-0.016835519425340024,0.00546780080673154,-0.002503350242733841,0.0007348945056361742,0.02979725704718131
611,0.05155068800251475,0.018832777218791712,0.00894061195729207,0.004408576795894504,0.006011729764387696,0.01823021249195743,0.07709588320199443,0.01424238465447172,0.03247314023211923,0.05548353323259053,0.032106332235487214,0.06442587425736394,0.0547945290816079,0.021982998363961805,0.022755703459992588,0.03343216281784821,-0.01770738397958938,0.004101223026316419,0.0,0.0019405135377510907,0.02714391764698586
612,0.050667568758915614,0.018979908750738204,0.008140638058598899,0.0043661929081115665,0.005745797844387509,0.014545041976825124,0.07717512542215264,0.016296287610133332,0.03058984240067286,0.05608519456336533,0.028823775481576438,0.066686852177599,0.053311444910703276,0.025070497226075773,0.019918760692903225,0.03760471321751958,-0.017490453106323536,0.003983468438009586,-0.0032353672354974586,0.0008287382932565963,0.03137174123851628
613,0.052193032654419116,0.01780820847640772,0.0062527008401135915,0.0029917064751874157,0.004126999372387054,0.017855485773764054,0.07962768125012416,0.01358499186881006,0.03117073302365703,0.05569542459144266,0.02920039264270911,0.06503583265120952,0.05310058692139312,0.02397792172262639,0.020624157182943616,0.03728257977557047,-0.01646079885350799,0.003581446471617785,-0.0016871106787629464,0.0,0.02567158472550073
614,0.04873443292327755,0.018827352505660516,0.010540667705470038,0.003719737165243864,0.0039592166078269665,0.018312753298508778,0.07637124184053878,0.015231599467169088,0.031034721092285552,0.05272068702206748,0.03036810869119326,0.06503484033883204,0.05503326055365302,0.02098036153944013,0.021808871703836167,0.03559103895754618,-0.01679083429589603,0.005258849278813377,-0.0,0.0,0.023111804589487094
615,0.051365610345358095,0.01895536653735889,0.009602089045513617,0.0013438566281397406,0.0056132739200933,0.01850930345921419,0.07693442442651835,0.010488356125468837,0.03259761084494668,0.05478105141797151,0.028784636338715947,0.0630497330080302,0.052692071186435784,0.02222794675843931,0.022789965465302296,0.03534035745759561,-0.015088029354275124,0.0024220482524096166,-0.0,-0.0,0.023945365148543073
616,0.05069182911049926,0.017872004781032787,0.01110295708636344,0.0027108051907540325,0.007243839093885291,0.01581452565436785,0.0753697463304458,0.014303956067405593,0.028219262545442114,0.05607957602422355,0.029851823712594837,0.06629209796420248,0.05728894927720054,0.021819883919153474,0.021236790177533806,0.03676073573537032,-0.014996471115066076,0.00295558987067321,-0.0017123361060774,0.0,0.0251708961200941
617,0.05087543790824052,0.017621983344726106,0.00942769042510062,0.0028307304708193354,0.005080299453406107,0.014161275255598054,0.07831273380461579,0.014748950599825311,0.03209648188900202,0.05564771837136726,0.02996990004236089,0.06357379951980212,0.0569636063076899,0.02356111085159126,0.02319115924884647,0.034250898823737205,-0.016252186468992368,0.0030790900911372553,-0.001045500038979351,-0.0,0.02608654231824426
618,0.05251067527548902,0.018535005934341812,0.009094015417670303,0.005034437019137246,0.007517599866027539,0.017638646189660778,0.07909732727701488,0.016027458863698465,0.03383493482134331,0.055133137875245215,0.03262543348346508,0.06519583306116275,0.05527055818131641,0.02396914407009396,0.0221266148838392,0.03673315222581342,-0.017674330327758413,0.0038252276884619472,-0.0014899926381025056,0.0,0.02574144058558601
619,0.051775011965269485,0.018837301273210847,0.010811870264205886,0.004098873233542472,0.0059230617258167525,0.01805232205708021,0.07998790746262392,0.012932993037734148,0.03095078071046757,0.05426114777200354,0.0280037349190582,0.06459772233655377,0.054181248993835626,0.02319235480802138,0.022832582475807283,0.039406343134763065,-0.015844974124512915,0.002655094840626307,-0.0,0.0009657089365154038,0.0282046305739325
620,0.05274879168861185,0.017104145678251765,0.009422540905575648,0.00508720646260214,0.004517525650527605,0.016175533734023185,0.07730226499152545,0.015281842186305723,0.029640635235551823,0.05268820962936966,0.029823389066458022,0.0638217016888934,0.05313442649314578,0.021465092907709614,0.02009296188357469,0.0371201435435772,-0.014534753844078992,0.002588673164003812,-0.0,0.0,0.029185476159361918
621,0.047486184575966456,0.01830666459763835,0.009381845846574845,0.0017300926126708473,0.0049315587206463455,0.017480264799702248,0.07579932851843389,0.01290188703241821,0.03182113865404,0.05346191211975094,0.03075037374617836,0.0646165053725699,0.05008896857899312,0.02330577052938453,0.01956369676340836,0.03576820778920165,-0.01624238287475273,0.005143228493712765,-0.0,0.0,0.027010877525579426
622,0.05364196518951292,0.019116505554474594,0.011331610155046346,0.005723022769741167,0.005543719763972572,0.018790249395236568,0.077705955687211,0.014500109389094526,0.02759145006069109,0.055624772562035095,0.026865656182638736,0.06617459082930163,0.053912702458150344,0.0243392595410267,0.023176719890837433,0.035687957477466135,-0.015241329747633049,0.0027643480829335305,-0.0008850802174754809,-0.0,0.023986877899864006
623,0.05195214311564709,0.020355162769137406,0.010359912748838004,0.0034108874820840632,0.004495331574323117,0.016587885296570005,0.0762493423583793,0.013783195703797456,0.030375070691646276,0.05308480730646179,0.029771971697298994,0.06302045568225134,0.051460120991005984,0.024014871861177567,0.020732618644567866,0.03856526210744437,-0.01798726056851419,0.006300098368488742,-0.0015979206205119973,0.0,0.026995849772209222
624,0.050896375966200925,0.01755755348453903,0.008319385083999419,0.0027910905471688866,0.004363158950286243,0.01713825844896415,0.0767465807160943,0.014839206650811312,0.029993128949556837,0.05256141785860992,0.028420678362884103,0.06612136216346089,0.05198820576076499,0.022175540250963934,0.022261541250949497,0.03987732357212893,-0.016457260335140105,0.004697347385410553,-0.0021473669449742355,-0.0,0.02583362206368784
625,0.05146521705244981,0.020129260979802006,0.010410513716951716,0.00324707017601713,0.005240703701742405,0.016118290828322005,0.076581309165951,0.013997766969851265,0.0326958659346609,0.053547761753461924,0.02869003457284289,0.06860459364249304,0.05538060572662417,0.024971252126839028,0.02014233213547802,0.03747513922245729,-0.0168961175867077,0.0026570761800572685,-0.0,0.0,0.029416408987304885
626,0.05065327201061237,0.01822327733198721,0.008687088985007505,0.004201055672784628,0.00492347230054341,0.01683334599003371,0.08089542844432397,0.014291991960402942,0.03330896715890879,0.05172118117857279,0.02968570969484472,0.06619429704784134,0.05399364300453709,0.023978958816125467,0.020776388212025036,0.03280511599871,-0.012496509383559461,0.0015425437894769983,-0.0,0.0,0.025523157373755788
627,0.05234054373722172,0.016850301928564036,0.010507324564793254,0.0028125418430261185,0.006364264557522123,0.016071098227008463,0.07640530686449015,0.016619592593592167,0.030392991234717448,0.05277422888341501,0.028411850766471035,0.06423461823929215,0.05607688514222741,0.022768846997074557,0.02183073672999862,0.03580970340573993,-0.015457235125414215,0.0038664310132942637,-0.0,0.0,0.029365505860407766
628,0.05426107163998229,0.019091601085431936,0.010008729543151566,0.003982910098102586,0.004485884337611925,0.018488463701110715,0.0778130620621532,0.01618816781014147,0.03375309968568773,0.05542494248128786,0.03074599786427543,0.06490143728317115,0.05249366190932823,0.02493624641278223,0.021030303625904204,0.03435582252754072,-0.018778532868042104,0.0056105661668681755,-0.0023645823852205474,-0.0,0.028096301683808143
629,0.0521347726990447,0.018880669697358615,0.01151238451278644,0.0031153075492018505,0.00427172701668527,0.019623456920341086,0.07587011826138894,0.015501772090603006,0.029923685380564446,0.05691900247295635,0.028775980580912804,0.0667678940591844,0.05609753960216892,0.024381750122145777,0.022469364954023463,0.036439024190359985,-0.01629496477249702,0.0037041817141802826,-0.0010317399252752527,-0.0,0.024550265225304322
630,0.053271795239591455,0.019209818804581252,0.010565728865263652,0.004896369475819421,0.0054272005250602185,0.018990312432100573,0.07632100593418488,0.015484132670044636,0.02917704953671868,0.052030296585410564,0.031629855110631204,0.0674316794948028,0.054630219239888665,0.022782865051432254,0.019813901898984836,0.0361422150566967,-0.016600675970085615,0.003812189230899489,-0.002992803649492921,-0.0,0.026385608301060744
631,0.05092075624758068,0.017969796567261387,0.00983315580290826,0.0030884621362498137,0.004296562204491751,0.016452485260348322,0.07464311254575969,0.013884134790207555,0.03039558425872169,0.051459144129393224,0.02887881447277527,0.06402871438736096,0.05451562776332946,0.019545984640985198,0.022504448931369842,0.03751015482332017,-0.016972450652046406,0.0,-0.0,0.0,0.027245124850388394
632,0.052459401242240036,0.016067604333549142,0.013805662062553249,0.004603343524543796,0.004301368485495453,0.016394052226476347,0.07711002085798475,0.013239778272510501,0.029509746143683013,0.05667627575586687,0.03123856553372184,0.06586332458099231,0.05554182859678819,0.024750225525334717,0.024037858738974627,0.03606471536634126,-0.016115823428364387,0.0038864463255781486,-0.001278486449925962,0.0,0.028202853590024477
633,0.05192050125931841,0.02003017897697401,0.009465193576372903,0.004164454882516821,0.0055913263941535715,0.017674658073519235,0.08005760582589441,0.014295256490269324,0.03024793081911342,0.055712705303090485,0.02958703256287077,0.06556030725598792,0.05323104289250474,0.023947218954795603,0.021765493932598256,0.03815944484189284,-0.01782274348940262,0.0012336264632231359,-0.0,0.0,0.025721573305350413
634,0.05176052288944634,0.019552465973025592,0.010041865222309336,0.004782209950557448,0.004586895948491121,0.01784321201465886,0.07747112863966836,0.012436064192072521,0.028291172352528437,0.05551535534485718,0.03342321682266233,0.0628105035244607,0.056570361436658764,0.02043747684812752,0.022020164872045347,0.03776880152121586,-0.015146580701461852,0.0013652303832765557,-0.003497754818364444,0.0023761839064937013,0.028036476089405023
635,0.049701384003804305,0.01954313848377542,0.00737321305477936,0.0036130365137972565,0.004602597479512507,0.018907653079739368,0.07862869653466888,0.015407882399040725,0.02986946115130632,0.051232422717572314,0.02914109623409153,0.06470147562711333,0.05822063153115175,0.020100295959437974,0.023637043402494742,0.0362790419434719,-0.016639654427618816,0.0054963002910829095,-0.0010364280960927581,0.0,0.029084704260597956
636,0.05287259955793,0.018302102856939364,0.00809580538650181,0.003506987486262931,0.006637892199061572,0.016889401475155337,0.0767238526235835,0.01591091733227431,0.029636709857775972,0.052785598462720865,0.02962938957057642,0.06477533168032253,0.05498689807339524,0.025648887839044152,0.022740663658542642,0.04028712832293552,-0.01757408296978678,0.004943001899040901,-0.0009971778094263544,0.0,0.025343112000548302
637,0.050898714054883595,0.017439382909990444,0.008043088191082208,0.0037067359720592973,0.007002411211773271,0.019196205776254627,0.08128629157732419,0.014926768045683,0.03187401971248961,0.05326320645911861,0.029760076753719753,0.06527907170793609,0.05330977974436256,0.0239518980532621,0.020243793878810774,0.04222862063906285,-0.018195200527973205,0.004117367896783587,-0.0,0.0,0.027314925450528778
638,0.05311112794321007,0.020372883592312315,0.007822818375922002,0.003451175018319362,0.0048478324611956405,0.016671201054018214,0.08019205639442159,0.014108953243672574,0.03207226890450422,0.055044058943040666,0.030700443304069958,0.06681888610020066,0.055768739097504114,0.024503452874461498,0.021151100421235594,0.03622007137181396,-0.01809569836899213,0.004381291234985516,-0.002205483512135462,-0.0,0.024878690192364373
639,0.04964479801058378,0.01825665939835643,0.010893746765251152,0.0010973121484219787,0.004842731750885817,0.01621778700951145,0.0777156785007425,0.013181501504642689,0.0302882347985079,0.05457739461773172,0.03078147915387074,0.061505119806907926,0.054166063924379254,0.018601277959007873,0.021324818930371563,0.03307757207079369,-0.012022676847543613,0.0015562618280720478,-0.0,0.0,0.027492179631402536
640,0.05140356001566722,0.017592789211430027,0.007509740118190432,0.0015490366742184592,0.004207615570843241,0.018379220068559753,0.07599026013381607,0.013815623355045154,0.02862009788914247,0.05321604352897502,0.02936783678979102,0.06313120485421163,0.05454710465611804,0.021627579457166164,0.023147190327981786,0.03403803938692007,-0.012522499730865591,0.0018700715203123716,0.0,0.0,0.02831718229563158
641,0.05121791403047595,0.02062970970173296,0.010503848912871346,0.0054551135466179715,0.005072985831729968,0.01826386012922653,0.07686438588104959,0.015456255884410854,0.030122726474656022,0.05601058879945849,0.02941504147719408,0.06442982895340334,0.05618347442533781,0.022273095867466754,0.018988677505912873,0.037535661412463645,-0.015115260865977299,0.006398734683087435,-0.0023423766980889696,0.0011456907650887096,0.027515715918128347
642,0.04985441975095935,0.018939749538574805,0.009895821195578728,0.0029624287288383517,0.004851656759380189,0.019482831320325265,0.07487086340926123,0.014984570908360988,0.02917762622253825,0.053053808597586696,0.029200315677393313,0.0653927015269162,0.05577801667605275,0.02267615780647676,0.02093582817944379,0.03701437522499789,-0.015719957330024428,0.005033229614375599,-0.001441602232187103,0.0,0.0281775398512385
643,0.05199537900987636,0.019050915778881176,0.010003603597671593,0.0026068463424060565,0.00545034786618252,0.0178208337978091,0.07792412321905215,0.014654073592999785,0.028216050539928064,0.05507851022180322,0.02918591026257296,0.06537426524200658,0.05483743705728577,0.024278414222104375,0.023036107905354354,0.0383343018491897,-0.018309605821332234,0.0027141040344341415,-0.001568351360572417,0.0008164806669046619,0.03034165949793823
644,0.047326199069080886,0.01916793814995677,0.011324268072017212,0.004043597338438547,0.005971077881092127,0.018189702855613145,0.07621212940890139,0.013610116340095475,0.031593348999225564,0.050679073348945905,0.028505977235494417,0.06321671749721004,0.055510284795154526,0.020226832377538962,0.023319610363307985,0.03878658730716234,-0.013696750418369236,0.0017695824195794482,-0.0,0.0,0.02567204385027368
645,0.05167245880132085,0.01781674740132854,0.009253616344831577,0.0029926966782110507,0.005420074890569811,0.017871656116062944,0.07615803981842197,0.0160106904587086,0.03260672055565649,0.05458028135524952,0.029738598712541735,0.06632631920563338,0.05867787250612412,0.024615619342088103,0.022706919802617458,0.03680934850783607,-0.017477705773667723,0.005047966902217701,-0.0011160695224843105,-0.0,0.02702491754456538
646,0.051718665677137815,0.018236696986471984,0.010544678360981106,0.0028245115811192587,0.008119084255907407,0.016835564650831955,0.0763616356704253,0.01184012175717304,0.029296691130590333,0.05524562454520883,0.030157656366413897,0.06462466616791501,0.05342249857716147,0.022764499447331252,0.022413475447237468,0.03345038101894264,-0.01549305493811241,0.00429567311323143,-0.0,-0.0,0.028829634649992757
647,0.051605478514088816,0.020308284515390844,0.011274091712494117,0.0042652631931171525,0.005975409560762751,0.02011376757657628,0.07582492086698214,0.013922543953299941,0.030961271055386177,0.055226802735942875,0.029784005804180558,0.06497606884483088,0.055372002400112835,0.023915710153746605,0.020353381439440855,0.03803907577957668,-0.016254296375648496,0.0052416755975883455,-0.001410619550762767,0.0,0.026080091566312136
648,0.05044020297727453,0.019001871295819112,0.0122149861080115,0.004984616887612054,0.004910269971990912,0.017344471732719403,0.07703173344926555,0.015876886844820384,0.03266840627936439,0.05398810622185674,0.028825478513891424,0.06593063620111007,0.0526796042831682,0.024974156089617623,0.02244714006446644,0.036796892937842,-0.01871198977949481,0.004509128909240054,-0.0012811588981607104,0.0,0.029706293911736358
649,0.05344100730662564,0.016465029275470767,0.010658068470254143,0.002726085184101462,0.00624433106766263,0.016123558962755736,0.07756074895329797,0.012640299747968584,0.030768529223678388,0.05082882998883059,0.030130665555224874,0.06305635829172368,0.05699009775386212,0.02403231371053708,0.022068940439484416,0.0347180581374664,-0.015258923387715253,0.00102246291384008,-0.0021237569242781454,0.0,0.026595611480191204
650,0.05274073921648895,0.019342057710368465,0.007814206087389445,0.002294084782286746,0.0041176882273355085,0.015867147312200198,0.07675359444836419,0.014270508660279535,0.029532151626639105,0.05346208298910209,0.028512968548052412,0.06618799734705987,0.05362701287410651,0.0239446808371224,0.02082629977723926,0.04015225980702444,-0.017374392201215044,0.005274279887477216,-0.0013416649154105163,0.0,0.02790037625404145
651,0.051038048135636754,0.01675879420906988,0.010094510736912733,0.00395879693834598,0.005374895453575999,0.017614585169879196,0.07700005160471167,0.012494394849724649,0.030929509125660278,0.05227294432497182,0.030743152964590258,0.06541288564805482,0.05376374516210178,0.024883846904459453,0.021383263951838566,0.03682045941433416,-0.01760300750369167,0.003048583365538017,-0.0,0.0,0.03218082197025293
652,0.05126359287535604,0.01852562257242361,0.005840056196574262,0.0015839334697223288,0.004841846400193244,0.017833300011585024,0.08013935802177566,0.014768168051428903,0.03252575873860637,0.05497371909865084,0.031180589036606136,0.06569777810120803,0.05441434003170683,0.02245972539915564,0.020715264462332426,0.0377071168313263,-0.018156671063790878,0.004953581145281167,-0.0,0.0,0.027354426837284666
653,0.04992725632163784,0.019090184537105252,0.007765149553048514,0.002557533123464689,0.003689201683136508,0.01643613284311415,0.0722838240312658,0.01655783478495578,0.030350485596629694,0.05108995801400036,0.02921660095641505,0.06344848900468654,0.05528269383124423,0.022464168342504493,0.0221019041381079,0.03781978710350104,-0.016563810143535477,0.0027494217019639697,-0.0,0.0,0.02727098777567684
654,0.05383406827331352,0.017853559724694535,0.009689647641593219,0.004653719042836311,0.004349146303874171,0.018343289850489934,0.08001810342667479,0.01435306471352992,0.03262270935672249,0.053248816206605515,0.028551112229200436,0.06582072142184997,0.05332570985556952,0.024332841815609924,0.020496563431481193,0.03761942136453302,-0.01615983334657028,0.003648560094613905,0.0,0.0009219208302625777,0.027990848200579566
655,0.05135837502332721,0.018925704512319015,0.010963092782491288,0.0032735379213501524,0.007695721414541951,0.01796773349095346,0.08007044195652654,0.01503250931066282,0.030215582698191298,0.05430538014466021,0.03250846095519851,0.06353902105062374,0.05514536900985909,0.025517994984160998,0.02098283605341447,0.03409098964382104,-0.016433898881413566,0.005583035040359596,-0.003255876409433054,0.0,0.027803014257159128
656,0.05100043929291212,0.01822954122984851,0.010937522518842675,0.0035437952736211897,0.006823323169903833,0.018080650745383772,0.076421629093876,0.0141381902138624,0.030428175267561614,0.05299723926091718,0.031456410195909064,0.06455941703758926,0.051279292347182405,0.020917252260302978,0.019031792475896328,0.0368478576652945,-0.014513079942291831,0.0033314083239445605,-0.0,0.0,0.027726708643248745
657,0.053408574261491835,0.019268616842831095,0.009434764872130318,0.004689466446332241,0.005371130563162203,0.01750927875712307,0.07902970308875884,0.014354782732097322,0.03274842344883061,0.05442124096999145,0.027868824375584588,0.06834903459797892,0.05626158814456969,0.021833311875935926,0.021761848256468923,0.03510778835503046,-0.014939673739828725,0.0019324735119504793,-0.0021086880403538514,-0.0,0.023406215649957297
658,0.050541760454340286,0.01946058004366826,0.008418904680610236,0.004150526903596304,0.005502659517505037,0.020158206226075642,0.07727183162963996,0.014128997417762672,0.031935463394798524,0.05160923024197627,0.030327082648390107,0.06244311548965861,0.054039608470149755,0.022323685941772444,0.020466596444139677,0.03517109168421972,-0.015420349351662945,0.003483131724231579,-0.0016792291768261511,0.0,0.02811270456543741
659,0.05203544170318573,0.018707994112247304,0.008479100766334347,0.0036540476258265604,0.005213842346614265,0.01895390898299614,0.07835168829813115,0.015382687678459137,0.029314901459321325,0.055862163733468376,0.028954377756657178,0.06551553900924421,0.054088638525310255,0.024236465606519736,0.020669299477670183,0.034903147087567886,-0.014931395801871158,0.004117817824253692,-0.0,0.0,0.02620609227296114
660,0.05285741234582693,0.017579000661517134,0.011232939277223686,0.002257018029492759,0.003962705989493118,0.014841492473964544,0.07768580144186642,0.013184296830464317,0.03318060351112613,0.05448448520225579,0.02982879418562958,0.0672203371378991,0.05578711167740413,0.022512326442509632,0.019636369783623465,0.03642117081789419,-0.01805581679237325,0.003857604696088927,-0.0,0.0,0.02744435041808538
661,0.05210147087859997,0.017502725736136367,0.006165725433469233,0.0014266560635175548,0.0034705519236816035,0.014817914468757395,0.07610068419855553,0.01444505686284973,0.02994831707572815,0.05370363867153626,0.0271359555121624,0.06600244084791947,0.055668401693176994,0.022736544704691344,0.023093037099779293,0.03714197883671141,-0.017022631591095228,0.0025617343858393635,-0.0,0.0,0.024905556608528136
662,0.05278175318982015,0.020912990273486313,0.013140142219406835,0.0018020364249193605,0.006301670366959563,0.018528341506982966,0.07514528913986426,0.016555524187735957,0.028956378475625304,0.052831587183155726,0.028029332140243154,0.06532177113994794,0.05372971253928293,0.02336227402214059,0.022354030867886718,0.03803229909022486,-0.018400950949602868,0.0031962398121672965,-0.0013948121061579976,-0.0,0.025143582688077884
663,0.05246545042783346,0.018552319188956157,0.013515588746147823,0.0019177620812443885,0.006393732309688401,0.01988171672658354,0.07906952125892812,0.014293993981091789,0.03096123558925081,0.0546132824237853,0.029311373557915923,0.06515178077991758,0.05695670597339135,0.02294433794390895,0.021459000078197944,0.039561734697809055,-0.015249538381234518,0.0030942549068272676,-0.0012974444956205201,0.0,0.025428219860832026
664,0.05162122226287184,0.01686195509383019,0.011744051439520117,0.0013580045774050668,0.004829829556223979,0.0178831181711589,0.07813078284830448,0.014317539846479658,0.03064658672705522,0.05277122231701542,0.032444421861737474,0.065585848490793,0.05547489565714442,0.025256604937568934,0.023259522064309146,0.03533443564821931,-0.015071668492186713,0.0025733851635884506,-0.0018788432755776842,-0.0,0.028326774737556584
665,0.05289388096111717,0.019947598163646416,0.008434929876401353,0.004617958725902945,0.006467905228689062,0.018165028179907936,0.07893889222572244,0.014273504796974406,0.03149566426323674,0.05565606282749168,0.028326469519965945,0.06720625777451822,0.054547816549604014,0.02442668126852514,0.024172753051176773,0.038696226224045456,-0.014014640069626322,0.0073857716156085825,-0.002251066798121251,0.0,0.02921884481744143
666,0.04983411196783218,0.014916386253268417,0.011260297713485698,0.0023477275428146665,0.005379321771928748,0.015118565561481391,0.07864336728882056,0.013082368290220485,0.02900465170700762,0.05582413010023811,0.027273688313856268,0.06365438547905558,0.052157813999193406,0.02064704200128557,0.0230465539561137,0.03756438618902306,-0.0155832651223271,0.0,-0.0,0.0,0.022828225416351988
667,0.050015461402827,0.01819106155595362,0.010023330004469231,0.004687173474376863,0.004034725691935522,0.015000440581272508,0.07897219039803433,0.013061348823302295,0.030346350299072317,0.0567833238027179,0.028701906523502085,0.06539505835378423,0.05431160320747831,0.024016325883077564,0.022841782927802836,0.03875408219716275,-0.015520916273581677,0.0025231696150686935,-0.0008625780647449836,0.0,0.024913891913086655
668,0.05160502429391086,0.01973132236435427,0.010741979557064648,0.0034321828196325127,0.005544874213844982,0.018802711050755753,0.07598446134853061,0.017089557787649975,0.033437940522133204,0.056295879402308305,0.027888676005202753,0.06491516322071209,0.05563167920240537,0.02342560579001882,0.02433022498828196,0.038114173673942944,-0.01607694418920454,0.0018939631183928292,-0.0016705651525376417,-0.0,0.026889206588773223
669,0.0547512654636173,0.01887241037960531,0.013524402793758673,0.005729972890947022,0.005019404580917462,0.014124160608391497,0.0770729910070734,0.014474340363306937,0.028066145572128484,0.054659218087020414,0.027980869917204984,0.06510910485125244,0.05362615342427008,0.022105385692709416,0.021800233392616292,0.0390018951415864,-0.016215067147187852,0.0007457474353602483,-0.0,-0.0,0.024504885350255495
670,0.05105304307235839,0.018389967611086067,0.009035245819265148,0.004700996722705353,0.006878982709372212,0.015420638013372082,0.07930728644135811,0.014302337483730353,0.030261360490483228,0.05439958220661818,0.02825680727798489,0.0632660628275043,0.05226687048784839,0.02258529459080509,0.023394323151217068,0.03566993128094163,-0.01741669456648692,0.0021873121678941745,-0.0021423995906605826,0.0009280888488911746,0.025312872582122687
671,0.052232703395280584,0.01890001674462532,0.010262626878970468,0.0014151901973334564,0.004429712458596018,0.01589656058286121,0.07599341067494424,0.01578194744741165,0.03146071332728712,0.056374001608293374,0.030008244858938108,0.06610864658420847,0.055843987447512046,0.025109810917649116,0.020609454118366212,0.04014182004322618,-0.017445227712376735,0.00429661337262784,-0.0022256933938623762,-0.0,0.025589055637588533
672,0.04972729617464176,0.016795801210261935,0.008904110925078864,0.0061127698691139445,0.004409388798038502,0.019126283105041785,0.07780046397082181,0.01387394470580836,0.030110051277916248,0.05502166556115853,0.029026342809775164,0.06462958267499613,0.0550847153972749,0.022272132866609423,0.021165019664566853,0.03576396314052463,-0.01679510931580274,0.004266443809268937,0.0,0.0007036885746644645,0.028625832210065236
673,0.04984873295626322,0.019389208467775986,0.010264286558244146,0.0025406027267505667,0.004484314988179518,0.02013034013451044,0.07718185824171551,0.012004244881240633,0.029373730338534625,0.05609181894507509,0.02921875725970164,0.06798062938924611,0.05154629600820032,0.02340211202237138,0.020587057552494,0.03815774121252216,-0.014447786935915535,0.005315380282575567,-0.0019905460717972796,0.001705353144402429,0.025843145078813762
674,0.050932405089502635,0.01906566664540149,0.009911028034450847,0.0023777904055922194,0.008769428418876034,0.016478309442375244,0.07605157563687141,0.013922648055647089,0.031226788359367198,0.0521361079122151,0.03065638126649192,0.06423845626135563,0.05081585601126811,0.02398938373985387,0.021587330880782067,0.03977380383673388,-0.016597445576183978,0.0038480275326397972,-0.0013871496925091545,-0.0,0.026249576333330926
675,0.04825923426705754,0.017712023535015508,0.00786367409021253,0.0,0.0014398940000541246,0.018577996180610543,0.07617443909433619,0.013263876424626238,0.029549054778613706,0.05511494006438162,0.029625424840081346,0.06243789917628376,0.05197436583809532,0.020011367878406804,0.02163556220150753,0.036807223609316674,-0.01467607527642262,0.0005250755175533857,-0.0,0.0,0.02729848990768456
676,0.05135992092812387,0.018739272396789974,0.009475710769742681,0.002954435735781741,0.0041463921855989004,0.016828261544048522,0.07655822256233981,0.01405319807896696,0.03509749228431077,0.054349637587128234,0.028724087143634978,0.06588216055489687,0.055473314137020335,0.025454104828348884,0.020553753560042246,0.038421747185984165,-0.017723040947709944,0.002354560582060218,-0.0035020245655872496,0.002355088764969869,0.027798996052803265
677,0.04694311092449883,0.019206305379278428,0.011493314102589766,0.0013119807069492345,0.00429649180895301,0.014798891273968832,0.07779218221198839,0.014495651539128351,0.03266177563144998,0.05505327911282515,0.027812661497022394,0.0639763048276935,0.056729968309718264,0.02202495090503588,0.019317929962140327,0.03590881525092007,-0.015944804985455675,0.0,-0.0018473119799013937,0.0,0.025231018958609575
678,0.049065310652772094,0.016806402880599276,0.009286111050122984,0.0010680176526110504,0.004251860508275925,0.01777003161526336,0.07559704219152766,0.014191410121463806,0.030456502581539247,0.05277936673695534,0.028875535408760554,0.06194868000691057,0.053401288746095885,0.02143979953318047,0.022427119985674225,0.03679701873014645,-0.01412800798002906,0.00423842289017695,-0.0,0.0,0.02277370489146772
679,0.053620939858598185,0.01846111241665975,0.010261298615261224,0.0042229101082713475,0.008079291066342826,0.021962082692756523,0.0781814210793889,0.01588710417747154,0.030238876674401182,0.05615349540543153,0.030387936711944123,0.06606023513048216,0.056362130089109924,0.023281587131506364,0.022325937727925134,0.04091373234234008,-0.017023798585555323,0.0017220445351807813,-0.0033070656792277492,0.0,0.029922589147677477
680,0.0508689878272597,0.019322558611459855,0.010960085773685724,0.0052997699178452375,0.006505439395183509,0.014203883200528008,0.0764301938378105,0.01589283506886989,0.029692364939928453,0.05412170802540089,0.029415123424595943,0.06369526959234113,0.053776179492431436,0.02540819920005816,0.021745779559035314,0.03723947547929497,-0.016732820650319617,0.003185835250760922,-0.0,0.0,0.025147900997603192
681,0.05169065743516482,0.01903085094266516,0.009074911776219526,0.0019574135123062966,0.0049716304612233845,0.020195305048141758,0.07796861272519523,0.01649874832868568,0.03304379617777417,0.056902886143642153,0.029298592272075426,0.06406570194800469,0.055782576901228495,0.02374606089023016,0.022442265542906917,0.03877565636411977,-0.015726055652080125,0.0037518613042362508,-0.0,0.0,0.02118973213977718
682,0.05145806765794529,0.015571970321407627,0.0093037233493362,0.004511219656305031,0.005118641076994741,0.015641180601498314,0.07583126389756988,0.01366737882464679,0.03399814512876016,0.052377495685104976,0.028806679245564282,0.06540625965902919,0.05411767422736776,0.022723371209366,0.023303647387547678,0.0345470548656556,-0.015987291044418612,0.0016445735673572689,-0.002393888948841572,0.0,0.02516124337239665
683,0.053682630441400175,0.018586093603044456,0.010185729161782358,0.005232587422129394,0.00769115719581256,0.01730963409848902,0.07890866866449404,0.013436991230181312,0.03198183542109656,0.054095601626985235,0.02895408304854305,0.06323059839445906,0.056261764104700934,0.02476076684971019,0.023919418524692634,0.03847222623433588,-0.014358195395948816,0.004422941344511305,-0.001210603735838248,-0.0,0.027601069217555722
684,0.05191089162362368,0.019603118166847185,0.011777967925168187,0.0037694556470956545,0.007304964486159926,0.015989949260365018,0.07757012653638559,0.01121909484622843,0.03077996164444224,0.05725649009261167,0.029202042925471974,0.0657367926214079,0.0566591598503785,0.022078229126329157,0.023907928149026765,0.03578347293729009,-0.0178196271720973,0.003964253873148283,-0.0025295130891925042,0.0007896571040190718,0.027451985923428134
685,0.052772342580445844,0.018259195166768303,0.013208220155844655,0.0018930825809522658,0.0065158016724085974,0.01686937338512216,0.07863502566946064,0.014985195831141745,0.031506962507912066,0.05445408574737591,0.031114990752920048,0.0661014228804794,0.05823314156939924,0.02449858561087733,0.021836407084860576,0.03642339370740693,-0.01818790588537216,0.004071141000170156,-0.0013812501773546142,-0.0,0.031720892053889144
686,0.05227143733273682,0.02012393917015036,0.007362430189039095,0.003126723282394741,0.005092803442487264,0.014021018519857745,0.07898816227804684,0.015571533448556496,0.03296547196038576,0.05427642811764369,0.028713326830475523,0.06556946767254875,0.05420308368583176,0.0227873237480672,0.02166284264255265,0.037030096285526,-0.018058559224627752,0.0034733203048859735,0.0,0.0,0.02701363405988801
687,0.05238391765941483,0.019906277195099704,0.012994696053044524,0.004115669194125078,0.005517984892956986,0.013443913814392704,0.07729175506300216,0.013458195767620853,0.0333186249126295,0.05465670050318365,0.03136209518060701,0.061981650109173565,0.05384718806957108,0.0233036491929364,0.021097717109901278,0.03712187700540066,-0.018187623050159554,0.005586161090695244,0.0,-0.0,0.02788911504570531
688,0.05029658898841949,0.01817973727202915,0.010753965852316139,0.002713677531230052,0.004203690518379255,0.016901517058199794,0.07595807448607585,0.01623527863352032,0.030477671246680976,0.05281883801808709,0.03152327918948791,0.062323087388297664,0.05387376989903769,0.022641941477147137,0.021810345389055106,0.037914183619863845,-0.016599647696383182,0.004394288195818527,-0.002638769360760681,0.0014468533814304383,0.02556760459755587
689,0.05107621822257141,0.01905805705518588,0.008590790730049435,0.003353020060759536,0.005946803065462176,0.020184231298553113,0.07587302758560041,0.01562290478310545,0.033296302429333166,0.05401459578533658,0.029168145680572303,0.06660362267807637,0.05409589879910448,0.022066054548179993,0.021940711103232962,0.03780977582950204,-0.01764913872626124,0.0015876753687148917,-0.0020283057124324834,0.0,0.024617872918496982
690,0.05270811593698154,0.018976683873798902,0.0095476783926052,0.004683394456034442,0.003784688149801729,0.016304423716192156,0.07613407813197555,0.014137327620098603,0.030498893834870255,0.0532345141325304,0.030880005155503196,0.06521315695983262,0.05521231695077945,0.025221512560058834,0.02160383386051187,0.04155277927033744,-0.017564773235008466,0.004362673864510438,-0.0030670004381168096,0.0022208605184627964,0.0272469409056197
691,0.055300353841075955,0.01747859396132606,0.010586440381864683,0.005833872119528902,0.007165959010520702,0.01615762331522346,0.07923986755466418,0.012534387478018954,0.030860561010538582,0.05302336810114398,0.02663902060539468,0.06419570079321044,0.055760454254674,0.022563937133018408,0.021145516786930385,0.037532182204085184,-0.0178575679903971,0.004543549962498819,-0.0013018922291932777,-0.0,0.0290410648758902
692,0.05202458304994512,0.020765660017636738,0.008048011362499892,0.006108838301346482,0.005730771253429096,0.022559881587568855,0.0776022051919543,0.015969599269672986,0.030266295301966156,0.0535834987580516,0.028945106430520562,0.06297416018757986,0.05454476832570995,0.02274877820320805,0.022604573427805096,0.03886970813156539,-0.015323738061071145,0.006406218364967462,0.0,-0.0,0.02596878920148377
693,0.051492321668588664,0.01710227638655479,0.010522559437613387,0.006001138103761322,0.0058586126752989765,0.015340561574086722,0.07734928042806967,0.01640182213748778,0.031227693494001185,0.054880868917670515,0.031463509997253336,0.06608866562868901,0.05252832345942224,0.02294728268151535,0.021695554699956262,0.03784910056053783,-0.015661521381864687,0.0015742506303686717,-0.0023254770922603147,0.0,0.0279831324736332
694,0.05164287153075319,0.017624505811425748,0.008677517786841445,0.0041167833146209705,0.003335913381090666,0.016828598589183497,0.07648255736220798,0.011339035294718622,0.02831408339815502,0.052355278783241754,0.029234911291690605,0.06375353339317129,0.05471984455716714,0.02079104711162731,0.018714379976730623,0.03650766812804416,-0.013137509084971332,0.0,-0.0,0.0,0.028767756590345722
695,0.050268569915650145,0.020704946465218,0.006852813327252008,0.005435993906773162,0.004807818399757816,0.0213082250365237,0.07717804186367169,0.01538785340105757,0.0306766082901194,0.053973237150145195,0.030138994539962705,0.06412524738529923,0.05506198088830734,0.0231451868267071,0.022388974686087,0.03998442392251806,-0.015136740251064658,0.005052118771940755,-0.0,0.0,0.02628099618810688
696,0.05205746334917216,0.0183338802366323,0.009513977566156533,0.005186407597889765,0.0035161532994616505,0.01825288775814582,0.07800183172917254,0.012897567724750033,0.027983816813315833,0.05323508078444885,0.028647702976410706,0.05948107417527962,0.057564099896244565,0.022851531402942278,0.01935383400367473,0.03754886679969077,-0.014104993443277376,0.003194520179093608,-0.0,-0.0,0.028489716037096928
697,0.051429927359678,0.018264578019036717,0.00816948879329911,0.003587152980674273,0.003456411763238689,0.01886592343172466,0.07515337616430828,0.01548152427956112,0.03179759406813886,0.0553453768677803,0.028173762504769866,0.06367667874819252,0.055495963727360084,0.02082599808506384,0.02378534856534888,0.034911874478205304,-0.0152913364101016,0.0034552662600108915,-0.0032548119938080856,0.0015774522245905255,0.022473059947063265
698,0.053009560033948196,0.017367784978971963,0.007937556408164615,0.0040085604857297945,0.006850468704507533,0.01638806642640511,0.0761380273122919,0.014805642527150342,0.031887808898757024,0.05748733466544045,0.0315538673649305,0.0642662888194182,0.0582036511466838,0.024777899936440556,0.021715489699146433,0.03787649246897757,-0.015331223387225765,0.0008868360237891794,-0.0035871762020655835,0.0,0.029309866198887303
699,0.05190275804090533,0.01948569998815873,0.00878976513187858,0.0039003493581699442,0.005112421955214006,0.018832764844197138,0.0784719106286005,0.015140259618904552,0.0313064001565218,0.05171384733043239,0.028961105494905593,0.06474539004501138,0.05773388860532422,0.02438802323405703,0.022118427389094523,0.03952428308888509,-0.015108109056218183,0.0032984103357854592,-0.0,0.0,0.025551717062631978
700,0.05364383254336301,0.02042063591512214,0.009192919400885187,0.004878323961742115,0.00714928797336137,0.01603672813002461,0.07808380104449461,0.014239621220387244,0.03088413702097296,0.053418308714118054,0.029841480155576403,0.06469156956723165,0.05111201956364597,0.023775488101130143,0.022464075070249903,0.03802250244683237,-0.01708000722877178,0.0037381457550567797,-0.004764891636024834,0.001531638943381124,0.024686205533262888
701,0.05223230518768043,0.017523261410030216,0.011486432061677843,0.003670553243776158,0.003986082405110343,0.01707170696044146,0.07576756891721224,0.01591496176469086,0.03414418015382185,0.058568634930913736,0.0286565943179362,0.0631836456399548,0.05523564318372939,0.023635965017988893,0.02304741755352425,0.04003945561241246,-0.01731159876487449,0.0030827984681052268,-0.0026377941828016767,-0.0,0.030503985683219437
702,0.05222670260580681,0.01895289516305584,0.006288597910227941,0.005335450875601539,0.0045519020204152025,0.01939018341146722,0.07761203073101028,0.014500241912225681,0.03142544994603758,0.05218991513069597,0.02983147857570777,0.06440371922645362,0.05439660318578911,0.023675822343435203,0.02309603748683835,0.03577380871523983,-0.01762773553676805,0.003521101572993468,0.0,0.0,0.027670315878212937
703,0.052554751780835324,0.019060714537072306,0.00952245760479755,0.006845664093021067,0.007455472352164314,0.018792090235479023,0.07789179778103737,0.01393007036556015,0.029871511437931642,0.05539162010443342,0.03053673569936826,0.06269003678156405,0.05763183643923676,0.024949602379041903,0.021434275816960262,0.03859940959054112,-0.017732196911933028,0.003947991448625334,-0.002386653596701644,-0.0,0.028314712508072555
704,0.04964069579163656,0.0205761100306039,0.007891229835055212,0.004959598212487258,0.0036974324266853178,0.016156028425576233,0.07636438712854167,0.016483987771690096,0.030246987067738627,0.05601538674883964,0.030892568737107353,0.06514602355694131,0.05561168645254141,0.024055795635903043,0.02203682728396725,0.03661095662927364,-0.016035583824561887,0.004201776493171481,-0.0030688178885957818,-0.0,0.023898706823049454
705,0.04984905527415934,0.019949089223449866,0.009712858672566391,0.005764911377867074,0.003733489975931048,0.021811059349188946,0.07685194529014729,0.01404288093532059,0.0308759606569009,0.051930689335749736,0.0323322858003521,0.0669658265351545,0.053059131055748165,0.022212310396997188,0.022308515457905683,0.03435498797510639,-0.015501160362825523,0.0025191568664040486,-0.0,0.0,0.027013580170644425
706,0.05437916669047734,0.018104202021223384,0.009497331822326906,0.004407324167263256,0.004511432746005979,0.020212827590920905,0.07559138399415613,0.015880093964223223,0.028962941609768044,0.05538915516807909,0.031956365296087585,0.06503068183537744,0.05647709599925304,0.02281202982364296,0.020253975193573488,0.037058485558601334,-0.0187120212066475,0.004279861346729867,-0.0010026009173264522,0.0,0.030053007760400142
707,0.05292542489012029,0.01887096310851508,0.01057043189324593,0.003920292701248332,0.005204987189581363,0.019784534270011176,0.07722210040769907,0.015834925917111494,0.03363719100523812,0.055328718662828055,0.030631092464168702,0.06491347739639666,0.05445829324898888,0.021958024096023602,0.020558841516525084,0.03408570210772633,-0.013575249098017923,0.005097686684435105,-0.0,0.0009701685160308986,0.024104532427594434
708,0.05185137650671241,0.01806556312296116,0.008208066582518036,0.003977344673215478,0.005487493156309264,0.018381927789277157,0.07937335505532007,0.0170317978617173,0.028579763642071092,0.05306867828851151,0.029896505919391702,0.06319071951097392,0.053761946905248166,0.022447760237301943,0.022845134718861126,0.03382394425329482,-0.016216877034089125,0.004523767199180415,-0.0025873211947056215,0.0,0.026017519615167396
709,0.05184121524421946,0.019308515825112765,0.007098542709890091,0.003295362598760581,0.0066478589911198776,0.014834372698684014,0.0783088665686022,0.01500287834651905,0.02979521110284036,0.05758741737455113,0.028412987568321262,0.06678648504006976,0.05696071020734115,0.024548225311743825,0.020640481418976227,0.035154151755793984,-0.017652820489432442,0.0018982917761299252,-0.002948833126327578,-0.0,0.02731442090287915
710,0.05106947020519348,0.01877785403180671,0.008715368595658725,0.0029420370564664333,0.004088987338686056,0.018114095905753233,0.07588722170616637,0.015419047450675367,0.02942075716336886,0.054158579356387626,0.033569480523623275,0.06458603369880359,0.055078093708207106,0.025003400650040884,0.022603735210219453,0.03947187809364373,-0.01900001562874157,0.0011398477396510308,-0.005151179564192081,0.0,0.027494734275856667
711,0.05354502496665645,0.0166659412110977,0.01048926836706434,0.006436054804270102,0.006901725985176738,0.018950515047702805,0.0787771566283602,0.01247443813276662,0.0307447213909677,0.05473062332829463,0.02834760856129884,0.06394554531428386,0.05513269276151685,0.024467823128515497,0.020072891349584045,0.03632077622789483,-0.01687304943330214,0.00618358342396971,-0.0,0.0,0.02692467461214791
712,0.049958061798373046,0.020239957469293666,0.007761706620495179,0.0026683679918576755,0.004950293483909357,0.019126640937495366,0.07781571913845296,0.014095488784068227,0.029336724940795523,0.05632577147329495,0.028929832687204175,0.06415687296953586,0.05751230236121252,0.02187812326119509,0.020266000780429033,0.0369099691372234,-0.015627531785815715,0.003622887820582613,-0.002175774549230826,-0.0,0.026411846152558177
713,0.051422455235980366,0.01911561466545389,0.009484244688704669,0.004937016679881258,0.005614738004526973,0.015930475814856564,0.07423770868466582,0.014240378134660319,0.033405346367111115,0.055631317060405305,0.028446976492864772,0.06503789783280932,0.05363606481102374,0.024000914648973897,0.022535271672056073,0.03715682743742497,-0.01619536656213068,0.0013931978157393856,0.0,0.0,0.02532884025744368
714,0.05149106625348503,0.02058899507819848,0.010267506281015446,0.0033102853936373003,0.0029717629304215776,0.017978684875453052,0.07851989781270084,0.016445208597870256,0.031097053782384473,0.05228809513248391,0.03077521358025671,0.06455432325261326,0.05541547149832718,0.02534203708740045,0.020583405830575323,0.038449818100968494,-0.016776642191713046,0.00434945725364256,-0.002205239846883881,0.0,0.02374953326423563
715,0.04874567234989218,0.016845593974046696,0.00799419179581998,0.0030910113943880264,0.005431268590654741,0.019290402598612564,0.07794899364586538,0.01247700367140845,0.032073420193529836,0.05338494885596929,0.028974845799851785,0.0641965075314765,0.055966550397035304,0.021918987209492487,0.022216757609891752,0.037299550531969455,-0.01414951696928736,0.004914055844813006,-0.0,0.0,0.025291331577449602
716,0.0526350711248613,0.020732941476977396,0.00844341335673567,0.00179390298626734,0.004688173652015429,0.01669747766456751,0.07720383575839201,0.014586135895223762,0.030568363368314,0.05549029321071338,0.03204364995420998,0.06526850202181128,0.05686586744256461,0.02261991782470277,0.022490604703366963,0.03641740734641079,-0.015109095917586588,0.0030386797733959227,-0.000874381437174704,-0.0,0.02574515381603871
717,0.05031659223297724,0.019803886484481004,0.009059578153399448,0.0010009254369152793,0.003855329454708974,0.013725908056144938,0.07438089886583057,0.01325291817054544,0.027847604802270803,0.055295895281919444,0.02715343165838638,0.06360581362440342,0.05279862216063931,0.022375324807767886,0.022257484029479243,0.034211140069234196,-0.015492782447783146,0.0026720510641502623,-0.0,-0.0,0.028811787672305
718,0.05304338489240493,0.01908616817818632,0.013865991792094594,0.00520079849893718,0.0061858520307319495,0.018559252371357058,0.07905371482290882,0.014693866368402232,0.03472604996548827,0.055165334046070234,0.03167142907285379,0.06617129209338889,0.0551618473307511,0.022688440599217072,0.01874128086828523,0.03623287048995682,-0.016277929982166622,0.0037432444516134465,-0.0022534099772558375,-0.0,0.0241344119992407
719,0.05097666033559191,0.018848050992672696,0.01064728380956568,0.0012910183796960282,0.003996626492261447,0.01631377004397944,0.07804412881972711,0.013796677309315955,0.02794845408857874,0.05373001996862997,0.032253368403174304,0.06544215503218062,0.05565707177211075,0.023307048145542904,0.022197328503134786,0.03488890838027183,-0.017642769124555743,0.004621386168974117,-0.0,0.0006413726777873536,0.028584434991617922
720,0.05227955119338109,0.020120978249902298,0.007338178670709231,0.0009735032647419011,0.006622011222697439,0.017066942715074716,0.08022350211652576,0.01415257025806035,0.03154724659384468,0.057873863766319034,0.028240502132749375,0.06374453313351262,0.053697086416520066,0.025432333594028425,0.020137758833617996,0.03664575767265011,-0.013463922905997728,0.0041787349284110814,-0.002568055601971892,0.0,0.028174967980624355
721,0.04862385931339864,0.017505184265024412,0.010468676401330361,0.0034066128677392093,0.005523376391010698,0.016237541004214245,0.07776130772424036,0.015330743268601427,0.029824038629512453,0.05349819354673521,0.02880136894143056,0.06430265774982985,0.05346111243521353,0.023678848097843874,0.020699187896621705,0.04311407506972633,-0.016947328288236096,0.0019404165588117702,-0.0,0.0,0.02699154687031138
722,0.04911133534415969,0.020268330737582843,0.009457039319811423,0.005034779831605315,0.005946666007447704,0.017436595726324135,0.07752629363108594,0.014228702822865645,0.03298713871677396,0.054422287887796225,0.03086098183592904,0.06617539732504799,0.05400033660508367,0.02093390260255331,0.025471975964908074,0.03547737995314051,-0.018090240156663176,0.0036517394435053945,-0.0015278190730619438,-0.0,0.0271878270653369
723,0.05254774321845513,0.019896231709791073,0.011806722088733781,0.0039013881162351456,0.004121896920331671,0.01987168680880152,0.07524888608849713,0.014239682318197028,0.03159299103381146,0.05681201934218651,0.030652938875661978,0.06562385161202432,0.05596374008866688,0.024080231102453258,0.01956701428124905,0.03966977997086946,-0.016732980425763794,0.0043608759461059,-0.0015276247860125643,-0.0,0.027799385590684917
724,0.05212042614537584,0.018718097392121245,0.010472578462643607,0.0042642723991001,0.004601009317391541,0.017991163090750245,0.07948708283794541,0.01597912313389254,0.02915907715578906,0.054216015170864176,0.03018849190326209,0.06659678337560282,0.05694561510612086,0.021481566200507465,0.023087149828228765,0.03839161232390802,-0.016582819708293207,0.0031269809486755063,-0.0021698856295069126,-0.0,0.02605673471135566
725,0.052016053397118504,0.02006015045687738,0.009413273160030785,0.005961490248489069,0.0064190574748756585,0.014331913721270855,0.08008170904202022,0.014404957158066107,0.03170959046123149,0.05400211312057022,0.02952481752779403,0.06541145939164111,0.05800288907930927,0.02233722055752054,0.022926087343111547,0.0365762170295707,-0.01630398509675468,0.001972449375612173,-0.0009035914831069862,0.002042881290778427,0.02660054425049232
726,0.04975337005484846,0.01810497119542693,0.009739921589381816,0.00324906496468276,0.006604997377787539,0.01683268628723139,0.07870676504623328,0.012475853160381911,0.030726583765573398,0.05197002430144263,0.02950264396695757,0.06494052832798579,0.05455214862644833,0.021365297075491615,0.019111172781625944,0.036861593246063355,-0.01777854347986017,0.0018294762843886403,-0.0,0.0,0.024272107080258617
727,0.052005760986540216,0.018193021032702664,0.009165441570872599,0.0028859128484854495,0.006854099906282363,0.017255180577801055,0.07750788608760975,0.015653831798803274,0.032908683877341215,0.0540056223767623,0.030881920812647894,0.06728918023862338,0.05400928612486982,0.022975694225563878,0.02062139148811415,0.03827882424632566,-0.016896546628412053,0.00693407688060997,-0.0014819668474620297,0.0015354071796633896,0.027979585155072092
728,0.05353324312332111,0.018032252879916014,0.010794539851513237,0.002945098959784469,0.008143351202571548,0.018777884326662844,0.07865228347184401,0.015709835733190108,0.032328319164568874,0.053426854900346994,0.03239848649241301,0.06921836899607368,0.05480066459486997,0.025727814269315464,0.020779927610865823,0.03601842480394879,-0.0190276091586797,0.00195370745407491,-0.004643145769239195,-0.0,0.025918816982575667
729,0.053907367837942206,0.019817342590904348,0.009582055289394046,0.002636658621726989,0.008942858581021685,0.018377853332610692,0.07845908323515209,0.014497945419359885,0.03129005697011033,0.05420191542046461,0.02910951335335494,0.06716653138129425,0.056822006431198016,0.023858543159273042,0.024738630473635278,0.03604476322650578,-0.017536822195164108,0.0034029805156586637,-0.003076477990299184,0.002113956903125093,0.026836608719303497
730,0.054144806038414435,0.019540940589499425,0.007226863693801781,0.00532131732694052,0.005181606848469013,0.017660227929080504,0.07586010268271935,0.015461153732398477,0.028129398155538565,0.05249647971338263,0.029107013676800256,0.06295182092517136,0.05728930182023814,0.023115750684739807,0.021824179413076683,0.03961527928873031,-0.015614288970668128,0.0024999753224686336,-0.0,0.0021336254269517982,0.02775571529617891
731,0.05276008558092046,0.019225966269731495,0.009707822875494218,0.0025878463794117607,0.005645767590176686,0.020666385663895448,0.07898036595708967,0.014312518447842001,0.029376925564054242,0.050695807466500896,0.03116918075255445,0.06427534549509432,0.05608807757313101,0.023577473964734166,0.021768370486047472,0.036876099070359596,-0.01607466084651366,0.0020491405320812324,-0.0027516628642980713,-0.0,0.026344816896424712
732,0.050051140355808314,0.01986644401684126,0.01052975432272759,0.0015661754269510767,0.005183654248143741,0.019011647594568044,0.07667053746388107,0.014526078160885414,0.03272997743380079,0.05737550201229837,0.03015808152433674,0.06417765356654224,0.05700751069498722,0.02346688175574267,0.023218869638188307,0.03796634742636248,-0.01724995415207238,0.003035867882160948,-0.0020000697554311327,0.0,0.026888976929601332
733,0.0524163016896167,0.018490420682581506,0.008171165264982088,0.003579659623184837,0.004995050065968385,0.015280627557174596,0.07631082424439424,0.014828358718149868,0.03051244086413334,0.05491811000194796,0.02999073915090443,0.06553749814764274,0.05861257380593997,0.023662574757028387,0.022106126700102546,0.0382191664013673,-0.019046520725797007,0.003274808823190002,-0.001368491609345942,0.0014978651811251352,0.025885735924629987
734,0.05473408505999862,0.01715512347724408,0.010657724686064133,0.003987777025846177,0.003821247446427607,0.019076378182828386,0.07728606731001769,0.013223530893960668,0.0310414118283874,0.053304561451776006,0.030648289657335064,0.06329639785934835,0.05484776911980517,0.02064470777116466,0.02042178812425026,0.035472728194267916,-0.018153636299382037,0.0029321806067511918,-0.001652255194315914,-0.0,0.026422969517179002
735,0.04959348004761266,0.0191401800422217,0.009396461828458026,0.001598344830643244,0.0035214934329703897,0.02059339624587006,0.07904609467106911,0.014405421914602548,0.029363888581736042,0.05309733939612329,0.03138659166010414,0.06628748874617861,0.05147490674254935,0.024133925144989153,0.021751513626247835,0.03839784157505284,-0.014695575741752278,0.004148008680741686,-0.0018674257243520387,-0.0,0.0296490835086307
736,0.051050505290916974,0.020784879836147744,0.010522850321634525,0.004608549391714692,0.002459373340521067,0.01731829829134563,0.07653541689782692,0.01335063768040587,0.03079033263675752,0.05671450265410957,0.02841940550927232,0.06592044772219245,0.05453762614527081,0.022237766808397855,0.02162697204034786,0.037174048112811754,-0.01643955929741931,0.0025741455512412656,-0.001474379776177352,-0.0009647247929105669,0.029688359744786095
737,0.05339384685931671,0.020776320024330296,0.009522387994687076,0.004664484989293954,0.005522555261844673,0.01811671539228621,0.07722470472747062,0.014051780262534464,0.03231092588552001,0.0543527998326725,0.02800379010589466,0.06496029777183175,0.05566481672673859,0.02232412596111501,0.023438142897678895,0.03452121234484395,-0.01670662968223202,0.004639298237204262,-0.0019023603499963482,-0.0,0.026393120670487585
738,0.052339127790249566,0.01701275160969677,0.009840920526241628,0.0035488593944575904,0.00544938559182416,0.01319342716978154,0.07591768318717991,0.014151223531522792,0.031054643700227022,0.053772898038774546,0.028291793785246124,0.06462814402890506,0.055378357577338416,0.023377648471015106,0.021234179282331588,0.036479002653649804,-0.017578480619188895,0.00509259920661799,-0.0011063708503050017,0.0,0.02722754875483088
739,0.05175105530810952,0.02166987439201408,0.011177227311779506,0.0045175558527966965,0.005058820890492748,0.019223179921446478,0.07773390515136439,0.01549413451583197,0.03381055618659339,0.05437030906188257,0.03042343329663886,0.06441930328992058,0.05514446496680596,0.022675765381163362,0.0258701735615525,0.03988707169741599,-0.017072033923982283,0.004417647040430511,-0.0020678795736247847,0.0,0.027737980201286917
740,0.051717032141864114,0.020722413057113476,0.010141311398664308,0.004247310728294834,0.00421243913174908,0.017185149396359775,0.07808304133558452,0.014239989683752558,0.030781170808734087,0.05519411847805942,0.027538439189368873,0.06572006935796716,0.05435745493326974,0.023020323448162825,0.023177957818398646,0.03529327034596792,-0.01786666998872146,0.0029670053937439307,-0.0026182926056161847,-0.0,0.029222905457624543
741,0.050251102419875994,0.01833639184598475,0.0093919755282943,0.003001034397204261,0.007745935665220957,0.020858571223725985,0.07777532288601863,0.014099475006045442,0.030051418431939425,0.05451672937647196,0.0271692958189681,0.06421783529592999,0.056613276187859295,0.0239018556574124,0.02171012312864716,0.0368109218638251,-0.0167535466892025,0.0037439332671398286,-0.0023847913533682845,-0.0,0.029822656530521484
742,0.05306158190932193,0.01943808128126243,0.009470092052807704,0.003115543890755861,0.00473489897015093,0.017361180304170214,0.07807509671591412,0.015575046498465424,0.03243497859270883,0.055313976951503384,0.033130310599362,0.06436497399498949,0.05434911348442639,0.02155019776905898,0.017765597989194998,0.038877900016283454,-0.01652638449956856,0.0017290660884613598,-0.001255628637517446,-0.0,0.02575859937226248
743,0.04965578784693637,0.01935525786165785,0.008631647255925265,0.003599897901662147,0.005939963966833533,0.013535379194938866,0.07449904467000446,0.013281969746982073,0.02795129349213785,0.0547745022176032,0.029733885714037362,0.06704387473789931,0.0578417356567497,0.022820091723201097,0.020725361927544903,0.03671449502240423,-0.016777569554434615,0.005007130754155916,-0.0,0.0006690078780441549,0.024483815896292598
744,0.05176159813365589,0.017866085996762097,0.01151738427826836,0.004519000386782358,0.00561698403886595,0.017374608897798016,0.07470836737731393,0.011549634404935854,0.03192998641352681,0.052282794827594535,0.028792181348003754,0.06181693986434467,0.053864525530457626,0.02166988885620257,0.022101244605791253,0.03396887769654346,-0.01408434278558955,0.0022193751471355425,-0.0,0.0,0.028445097455669335
745,0.05078859825684912,0.019843318599128405,0.00975597191623661,0.0029775815739849294,0.005576026279204678,0.01675886112728393,0.07730674007211981,0.01434387510339733,0.03150309198631077,0.05334767666896737,0.02987550091676092,0.06476322676101794,0.05262160569803514,0.02342629600000795,0.019865938196229636,0.03766616166162592,-0.018403109514155584,0.00369235798143423,-0.001140644267768113,0.0,0.024399572776652424
746,0.04926064049317818,0.017957445988107768,0.00833940738553493,0.0030375297082757386,0.0037779632531155893,0.015885576293638716,0.07719689112250505,0.013986967401834464,0.03150143566646292,0.05440566510738049,0.029471071316591917,0.06505567838870167,0.05484031336533497,0.02312316602195414,0.020748067665067,0.03950190870967771,-0.016564971357834257,0.0033079482393237832,-0.0,0.0,0.027442613569980484
747,0.053241912371977305,0.019473618896514475,0.009353822191796736,0.002178916462767189,0.006036054034554829,0.01688439628099117,0.07885171305924746,0.01537249503931825,0.034598624765826036,0.056416521928493446,0.031122634018213805,0.06658903604692352,0.055557147981256765,0.02386731733532238,0.02090981531758897,0.03607713943250956,-0.01656662505690901,0.004830651551033097,-0.002623910966617634,0.001049364840955695,0.02893130414547731
748,0.0503175429330826,0.017295065458301475,0.011140590826156125,0.0036049142123982334,0.007399622426901915,0.017406239320980996,0.07805176152167925,0.015066452175248334,0.030943407777828655,0.05545209214001699,0.028408258589679762,0.0643190564267488,0.053106030432605304,0.022448713473508266,0.024557384058485808,0.035776465609967334,-0.014994212426296104,0.0021392062019061227,-0.0020089804873756638,0.0,0.029451794128027467
749,0.0521707546707022,0.017721086990383682,0.009417887409900093,0.001080973913804927,0.004504109884481466,0.020068713589194417,0.07819051729010165,0.013435918087103683,0.03225290602147694,0.054862713655197536,0.029627600066148077,0.06453255764412612,0.055731932183555585,0.024094498632476178,0.02180106002309403,0.03886803341241341,-0.016100214725227813,0.005267446729990061,0.0,0.0,0.0253378150560243
750,0.05112506105545547,0.017973907945399485,0.010323157379330728,0.0018504224548580481,0.006379122770847164,0.016714764199900055,0.07944849029023485,0.01201761918295105,0.03047125607082074,0.053526316068198285,0.027803739810842488,0.0659931443102248,0.05482969703573082,0.022326300479624153,0.020490821294523134,0.03518721443091807,-0.019121619053434315,0.003919071187600682,-0.0,-0.0,0.026747115885912182
751,0.05052436956842589,0.018479744582470686,0.00793477552733236,0.003594644182569273,0.002743526646385627,0.01783995379102912,0.0760230517058275,0.015420827868463206,0.029660184586401975,0.05293038312943915,0.03219257735078014,0.06488528002652569,0.056371961770938256,0.02208476913231013,0.02105010993751472,0.03749817295250221,-0.015025080912911822,0.0,-0.0,-0.0,0.02686192679471266
752,0.04911085598542667,0.01938198856029593,0.012955265477384605,0.0018434294308043227,0.008976996547469595,0.01653863199809359,0.07547878725568333,0.017089562497538974,0.03216276012706943,0.053931988884914954,0.02916754076268168,0.0643316624327785,0.057263398464822,0.02175582681642061,0.019394460268259438,0.03843226689601915,-0.014214615203005484,0.0038929385755451427,-0.003424611955901057,0.0013109434464754009,0.02692855530301325
753,0.051138125104190295,0.018305277105713606,0.009482888300256237,0.00494587151768842,0.0035764631513324767,0.01815761498356018,0.07754923886077643,0.016530736312003472,0.03295908835012583,0.054790118854484586,0.03148622830077438,0.06394744308587148,0.05463122896371762,0.023098659227852744,0.020010099472580384,0.04064879325638156,-0.015175770961832369,0.004204669548408616,-0.0,0.0,0.028289541916247492
754,0.05209706665889009,0.019446535254905493,0.010029538655875773,0.005506080092445711,0.008656887084049903,0.017681623648450072,0.07573107858994312,0.014755948039902964,0.032876982207666244,0.05367214786325417,0.028719234601237865,0.0669142738558648,0.054252861263973995,0.0226616873680137,0.023349572000697774,0.04055537314669871,-0.017732825565228573,0.003452430308223492,-0.0,-0.0,0.02635111771695438
755,0.05220151916264668,0.018069638827352116,0.009659024796911948,0.0045525748072442656,0.0065822875820715,0.01959524029698088,0.07722209430704052,0.015195794384195778,0.031249576510144594,0.05489105270059158,0.029717199972086564,0.06380956076166112,0.05484791705047989,0.024624385181947383,0.021170478754210145,0.03768481935081886,-0.014175660737929481,0.004618326046311801,-0.0,0.0005844381454680952,0.027077401831959308
756,0.050734769320006826,0.01675463378454605,0.00927356496666529,0.0053703792904761264,0.002262807681987335,0.017667494953043227,0.07610306351037467,0.0161348337010155,0.026839768904030645,0.054002175310276346,0.028420571424077185,0.06567699193166447,0.05752407861452433,0.023012211532653048,0.021452213122285808,0.03391020659632739,-0.017138805139153127,0.004874634434730787,-0.0,-0.0,0.02600384385279375
757,0.05001323813266916,0.019898341562156908,0.009531514780293071,0.00399423919527421,0.007103590187760195,0.017551936516287385,0.07780824854662793,0.01442233419491151,0.02988600713319428,0.052236482748884615,0.029609856081678595,0.06738099729044184,0.05526590350164814,0.025574613569943422,0.020714457840436285,0.03721469355839404,-0.018271063335173334,0.005789945021509078,-0.0,0.0,0.027375447902247486
758,0.049279838067073575,0.017741247376644887,0.012176696585530413,0.0036091236223414523,0.0069154132860827205,0.015017844869615025,0.07940431063749943,0.015218521744368179,0.0316168732766917,0.0552024026013593,0.027749505088371075,0.06511235660738615,0.050596056406159495,0.024181270141529782,0.020975604410375884,0.036259598836696105,-0.015784115187354446,0.003982232407081685,-0.0010231582022836177,-0.0,0.02992147661752205
759,0.05100331641867224,0.018558224658820927,0.008242109773865464,0.006020622908175927,0.006570655656474525,0.015431657735043902,0.07651990030647084,0.014344899677848948,0.0323733288231033,0.05363697040042354,0.02988163438577524,0.065134164316548,0.05588957895627746,0.022339970371743748,0.02229912467312327,0.03869430434054637,-0.016495120762899763,0.0029026532049926546,-0.0,0.0,0.02560704496781218
760,0.052094661781933366,0.018245023849694553,0.010344592424918145,0.0036202289117680604,0.005419641576331291,0.016477191448502543,0.08002267161948673,0.014296185613604679,0.02966546220677127,0.05517780981572152,0.03296315283852527,0.06586263158556437,0.05956688476986253,0.023429786786960206,0.021372805007383668,0.035341065779301954,-0.018229821505154238,0.00312415085675754,-0.0019096462560485793,-0.0,0.02393035730859715
761,0.047960028812038036,0.017351915501194234,0.009604516722816146,-0.0,0.001159027139255716,0.01557108761840898,0.07756517099257472,0.014065063931362556,0.030511842188568956,0.053260947005559944,0.02732864916357282,0.06415751554243873,0.049450025146231265,0.022405229212772923,0.020471377208347383,0.03774699605315254,-0.01189706741426802,0.0012941893200270804,-0.0,0.0,0.026832020817039764
762,0.049651734546948934,0.01706268370224485,0.010263862628710466,0.0,0.002180384348269979,0.014145606944010515,0.0778538129113336,0.014781858483309039,0.029668691819830513,0.05213050938793107,0.026634093113087964,0.06182962523214884,0.05581225502680083,0.020363859118066745,0.019282188348216975,0.03602325212775039,-0.014746552042292105,0.0,-0.0,0.0,0.025223318749722026
763,0.051445777737310856,0.019110822800397234,0.011032790207921849,0.0013217396335101293,0.00456761831493056,0.014921582633089153,0.0767071450830811,0.012039068682067586,0.031274708371875466,0.054817231508121074,0.030450278367375117,0.06481842930364155,0.05619746816890134,0.024341659354211054,0.020684936985795856,0.03874883252155244,-0.01683344730499267,0.004464259938959758,-0.0033038767444463915,-0.0,0.027250435497877715
764,0.054144221985895025,0.01970162605134345,0.010697129642824068,0.0029641894799264995,0.003833739643913579,0.014637361671904953,0.07946228077743846,0.014622818405907602,0.03365914363393746,0.05335101858566565,0.029951884861308013,0.06558409709483895,0.05373406935193123,0.023124154747890778,0.02262532009669801,0.03685998794415482,-0.019547718535138134,0.0058350118984880454,-0.002274767208128542,-0.0,0.026032753075798724
765,0.05175513838472733,0.016907135162635603,0.00665639066196273,0.001465331018593616,0.0043150722729920895,0.015382509210015017,0.07715462254509341,0.013700886571242903,0.030326999642285905,0.0548384850960779,0.02613130456378048,0.0625241020778407,0.05274489316429234,0.02413394464396853,0.020793122147324535,0.039578437140884826,-0.01707045397912745,0.004219917569406015,-0.0,0.0,0.03043359750305684
766,0.05393295217778093,0.019343692137353877,0.011347694421292017,0.0036469847662813385,0.00668531149365365,0.019018909565346583,0.07826889829552851,0.015011252264243257,0.03204533038384035,0.05333831748606105,0.03072584805081688,0.06563061065660038,0.05390072447863649,0.02110485746970112,0.02167836154059427,0.03988116564415198,-0.017195620803785033,0.0016814689466898905,-0.0,0.0,0.02553869019850251
767,0.04970920642856037,0.016906143648499513,0.009557541956770424,0.001741016644335479,0.006763811739581958,0.01982413741573998,0.08033915506699567,0.012801494122319974,0.03075763052164418,0.05361104652319092,0.03076818191620388,0.0641497817286348,0.05444469835508618,0.023482715245208976,0.022457522583733205,0.037386041672875674,-0.014472879232903151,0.002987526879363754,-0.001607995960140152,-0.0,0.02955765507279904
768,0.05091409663218181,0.01870499929421409,0.01068614928800108,0.0011124047039872745,0.005364921496186332,0.018585855126708455,0.07602896621193089,0.013863496702188439,0.0315073809694621,0.054184700197040025,0.02983858615542052,0.06376311299777342,0.054036018624329704,0.024487092326348457,0.02107439065472728,0.037685432352797595,-0.014612233198153033,0.0033146751983889025,-0.002476806420078007,-0.0,0.027649944989639696
769,0.051474548175339536,0.020196267532452,0.011766309454622082,0.004181637913547697,0.004617050488497623,0.018441010340052518,0.07827042401998853,0.013764385939367928,0.03181562737398121,0.05459619069965102,0.02656733016129164,0.06780269494457764,0.054189700025222325,0.022533273188340617,0.021005647433845986,0.036551888628127936,-0.01643588903144882,0.004201451651349358,0.0,0.0018533152199014852,0.028041406356435428
770,0.05151310905800866,0.018759630191665964,0.011586501272901804,0.0039310435197478085,0.007424545444934064,0.01758149623094638,0.07612157163144273,0.01420230533065688,0.030815872862557235,0.05564815009074571,0.026191565998675073,0.06384342576444575,0.05448299897574024,0.022144775237457236,0.023297995020512555,0.037872180143844365,-0.014230407182377685,0.00365815430506505,-0.0015611474260361121,0.0,0.02553738748766251
771,0.053646838702890734,0.01850022720813511,0.00812922370281789,0.0035705678430671224,0.0028757624862448144,0.0176842543454909,0.07544150648929107,0.012729553566725747,0.03090640133356083,0.054792610323754355,0.02930919602281739,0.0646695826943672,0.054466971703556175,0.02367562621408214,0.02213254012844269,0.033991857911956906,-0.015171046439972555,0.0,-0.0,0.0008292874385287307,0.030749176432447425
772,0.0516517591180938,0.020005419957411796,0.009883356217526468,0.003956437659155864,0.004637552147791538,0.01605323139479659,0.07804022742176223,0.01548703412472278,0.031420657277773344,0.054500953915646924,0.030813609322828322,0.06536029247219972,0.052635899547810824,0.02439778596266792,0.023545499613080802,0.03850247483194334,-0.01460758017207666,0.0033037218308034698,-0.0,-0.0,0.02966591249544569
773,0.05247990115752071,0.018478853817075053,0.009545831848085466,0.001664913878948033,0.003205987706377816,0.020978262243340772,0.07755234817841819,0.013444218698374965,0.03275718349112628,0.054427114335999074,0.02859898210765485,0.06768643744990803,0.05396459889555095,0.02145444427361593,0.022053031625816788,0.03535967646590515,-0.016429077955867434,0.004693886679490253,-0.0,0.0,0.027553612728240584
774,0.052116103249504726,0.020518082211816415,0.008175080416847755,0.0032851939178702985,0.003909692858167552,0.019373713263575076,0.07637397417774244,0.017249773224928086,0.03253764287367993,0.056240001014137384,0.028661699544308937,0.06407408912027313,0.05518491883209451,0.022028786265766168,0.019702843473541107,0.03704857892807418,-0.01531607788121506,0.004842116727366438,-0.0036545575728199383,0.0,0.03178868173433856
775,0.052443903271899024,0.018872161153697407,0.01067565718520547,0.005296309681993158,0.00433484830701816,0.018339100887884856,0.07600623638737825,0.016622484176109474,0.03195378213410261,0.05631429246326272,0.03224344930344637,0.0638497471257487,0.052312561839527656,0.021043340452573674,0.021734236941935884,0.03825425393742516,-0.014839976452685586,0.0022539890624329066,0.0,0.0,0.024437235378352608
776,0.05014446867505477,0.0242400009353629,0.01053326439559241,0.0037545056725901047,0.005271336860098256,0.020086762706537826,0.07785175607950247,0.015415130328899886,0.031057479393980247,0.0549404025759724,0.030521183448736573,0.06324395104878536,0.05228401258890584,0.024015297346032836,0.022676268278258582,0.036531032284310885,-0.015864336660030412,0.003019543776292546,-0.0019030749119130041,0.0009386927750396483,0.027507293024112665
777,0.04930071839082144,0.01791570979382474,0.009811798423177526,0.004672164933389172,0.00601816575199448,0.016488118118389627,0.07914689216911133,0.012882606344331174,0.032346476652808785,0.054682264360617676,0.031916503833090096,0.06731214882470647,0.05563280262138814,0.02323897698613227,0.021471848380556033,0.037951385787723974,-0.016398767266234696,0.006527132465180348,-0.0,-0.0018704785446137324,0.026947667995783117
778,0.05267808773213606,0.01789468907568705,0.009505307770783674,0.0015855870405311221,0.0046027852571607466,0.014518196386829923,0.07763923174481897,0.01506360414938093,0.030935765413166155,0.05340822741066838,0.029151489015147317,0.06652555650661647,0.05343382042206858,0.02306507556210181,0.02208121485153827,0.0359167779183948,-0.01375898447973571,0.0027939252540189917,-0.0022593806506202973,0.0,0.030505190471443712
779,0.051570792820377555,0.0194311571233009,0.010447902817934332,0.0025469631179773386,0.005870833109553455,0.015556842639647593,0.07760127897711142,0.014217089209454326,0.031675947771984764,0.05462093860887623,0.02939752996126794,0.0647859434477493,0.057995012121900114,0.02426696385585625,0.02115194469477119,0.035137975452949124,-0.015637487269550422,0.0033219155518662154,0.0,-0.0,0.027836163927423822
780,0.04975471229749967,0.0200708255380397,0.009011968306116969,0.0029447751499127616,0.0045410922094784095,0.01662531379718298,0.0770447057315894,0.014480982702038427,0.032175416525577934,0.05522049294593234,0.026199092289410062,0.06497937208853838,0.05306555073429241,0.023487272134325325,0.020184141588897638,0.03892868806995972,-0.014963507595325767,0.0006637400739536284,-0.0,-0.0,0.02583283984379567
781,0.052727110676669214,0.016118236898522792,0.011864955934391144,0.002205755129001081,0.003354368904935608,0.014617913343165567,0.07492038865866682,0.015029768702205022,0.030955982501041937,0.05515931475154608,0.03096913830799417,0.06601669130621848,0.05424276695595438,0.023845221050706383,0.02147529361424257,0.03532058690365426,-0.017317299386096274,0.0019988030920136293,-0.0,0.0011393804091813075,0.027322193040599484
782,0.052671363042161475,0.018341390671604247,0.008027331761732422,0.0015218800696076876,0.0034457336245238414,0.015786610305452455,0.07881585826661697,0.016508106386175874,0.03164045080733295,0.05367779983957728,0.027564514757328715,0.06624885832629032,0.055834588408901174,0.022348052992361093,0.0224739662424038,0.03794840230481802,-0.01575233556456345,0.0031155230221318613,-0.0,-0.0,0.03003976772622583
783,0.0531251444765776,0.017660024014878855,0.009351706684524987,0.002990912843945998,0.007205335871798225,0.01706861950953422,0.07840413936926814,0.015916659611684245,0.03106370376775112,0.05342157495133959,0.029209909062658173,0.06585265113844944,0.05295249303633265,0.023816701580456408,0.02304126860768949,0.039214616929652446,-0.015747269970162955,0.004039504904087681,-0.002724914408527051,0.001146382611944465,0.02818827069493551
784,0.05143500539784859,0.019200837117844344,0.011568926825836729,0.003574629702754995,0.0054621174571058955,0.01751597083150313,0.07651290767573127,0.01491963315380339,0.03264032476082219,0.05334752254985877,0.02860945226749469,0.06676177086441912,0.055646001095556015,0.025293284722658432,0.019914716048818712,0.03622122771032519,-0.016568512045699063,0.004488666732904017,-0.0022686025347012037,0.0020960427240934378,0.025827764140531007
785,0.05304097778343775,0.01576335782492984,0.008565479635698096,0.002708817492312461,0.0033051112725046286,0.013813394776555021,0.0762848740986825,0.01593780111857249,0.030096412222359877,0.05347565827023754,0.028288070423948965,0.06675615671768345,0.0553085444004168,0.02064867263248108,0.020288439611302198,0.037664697785315365,-0.01826505468752474,0.001876900528290353,-0.003487335793317182,0.0,0.025362328035136425
786,0.051189236719710776,0.019219990928815312,0.009301784843957656,0.005816733472923546,0.0064550374936059975,0.015499003673577209,0.07763967123903699,0.014026154505352795,0.031050886121866204,0.057271729893366964,0.02999822168234284,0.06609388228365787,0.055344680781661576,0.02116767186267117,0.020986835719207297,0.03717725066804007,-0.018207497941554743,0.005602399617622019,-0.0017085547181105258,0.0011336232456138791,0.02539554303195087
787,0.049931185238203196,0.02110426967974985,0.009874130134537203,0.0028259000264929854,0.009523978362431797,0.014073370047079328,0.07832388019718868,0.01445463390115481,0.0342707685931005,0.05539162388466942,0.03098787842431987,0.06457257188134378,0.055455049673487786,0.022707399590624615,0.020885824530658775,0.036259360805082796,-0.017163713940274192,0.004913672185623977,-0.0038653399889394457,0.0009182438628723395,0.029391268923481866
788,0.0507019620502815,0.020151479417556267,0.009796212826369631,0.004788476864276209,0.00595050484329866,0.017992666704744687,0.07683511612653939,0.01681906894093894,0.03243631637144939,0.05509714585377887,0.028071459374285856,0.06494071279104807,0.054715307866527896,0.023084838631548463,0.019282281458720945,0.03997398339162238,-0.017478817997778284,0.005917344499466538,-0.001370862287400076,-0.0,0.025282424394733268
789,0.04858507849758145,0.017672917655164936,0.010463058559127844,0.005533838310940989,0.006670080817265085,0.018550450900379906,0.07464957496168993,0.013880993867177338,0.02968169323038918,0.0557206391785855,0.029858408445629765,0.06436527813189513,0.05450244487964382,0.02107960277265917,0.02390034870790636,0.038507511789092154,-0.016812544187991794,0.0068429586811489355,-0.003282010860193018,-0.0,0.027940832159030066
790,0.05389196905100241,0.01710417629232718,0.008346638592209034,0.005271670200934177,0.005034596367104865,0.016493299427734573,0.07731090499614307,0.015451215856773086,0.028296879058994927,0.05426846860814951,0.02810947802996603,0.064123538710527,0.055829811082562165,0.022140344757569423,0.021094201951906547,0.03513523876383891,-0.01702062528266119,0.0034317019763214804,-0.0,-0.0,0.024927405682804687
791,0.05048004473963642,0.01922641396681685,0.006035762003477097,0.003569119084303698,0.00612507011122336,0.014402509579177767,0.07621311386987001,0.014211913815501095,0.031780823266055934,0.05352969171036479,0.025986957036616378,0.06476668093191423,0.05269759192373414,0.022894118955485952,0.019440195384662844,0.03635833102607053,-0.015288626713486625,0.0009789212094767114,0.0,0.0,0.028992705363568037
792,0.05074595054979008,0.019333119749418027,0.006091419467221367,0.0024699746404139773,0.0037860183952534293,0.015404864332137043,0.07981775335753148,0.013855418580762299,0.029918328501380927,0.05312608609315989,0.02942194837527015,0.06606684678745245,0.0541686669016299,0.022811700057152474,0.020307559335722127,0.032818843510445596,-0.013587017490042218,0.0,-0.0,-0.0,0.02394568134556337
793,0.053021051994642215,0.01637017225374835,0.012623472174344542,0.003463264042150188,0.006672097637074493,0.01820409992910704,0.07857002442886003,0.014903630962118563,0.03132334605842963,0.05254004090340349,0.02860642167677264,0.06289846818178754,0.054386375429078725,0.023183058699085234,0.021190023361301435,0.03697397018340384,-0.017294372723524527,0.003633116270226926,-0.0011441454780597654,-0.0,0.027869089902434255
794,0.050533097615335094,0.018853976523969793,0.007821366372669294,0.005214217098661793,0.006475018108091145,0.016727459309695086,0.07432797133029101,0.014450436645081345,0.029976264406227325,0.05320933662709815,0.0316983856142455,0.0648800211406872,0.05516663474124229,0.021340527954263395,0.021370222782953138,0.035035036299390324,-0.014149497419591787,0.003600701331968383,-0.0,0.0,0.022157494937068943
795,0.05194926732382017,0.020808479709752827,0.009733800176751762,0.002433989017798593,0.0071465025913518875,0.015378005226364165,0.07863781345589442,0.012036199435616944,0.03334846170188257,0.052271486174923526,0.029179821284743376,0.06451713443807192,0.05591637336513022,0.022999923481407874,0.02055308550734384,0.0378924749071346,-0.015664191363859027,0.004389585281723562,-0.0,-0.0,0.026057365930696384
796,0.05249229948742618,0.02125143125602005,0.011151001175275723,0.0038429094649552143,0.007568685498434741,0.01708633158368482,0.0781367134367544,0.015244531102067789,0.03370371626071375,0.05400389370184273,0.028471756133636235,0.06692402694890072,0.056617491769989675,0.02558455268539503,0.022541800513956916,0.03976842399372008,-0.017295867286656108,0.0037419740795111207,-0.001451054824050775,0.0,0.025274190068538798
797,0.05169895506792123,0.01766161935833991,0.009374759267611004,0.002052160451881445,0.002812531445389462,0.015235558356918968,0.0772185431691221,0.015519722375997587,0.029026958162493958,0.05208628017473806,0.029870311583147974,0.06377319237767415,0.052352427799186876,0.022932244374934165,0.023249657496449385,0.037118801881804574,-0.01589076551558284,0.0,-0.0,0.0008152573203740208,0.021019161365057316
798,0.05339074919427044,0.020524815674528997,0.007031046236837867,0.0038235466505665773,0.0048980299681626914,0.01666144470586841,0.07956053501155011,0.0152383688408165,0.030915909595637496,0.054855981496365155,0.028809941304397416,0.06440205158659407,0.05737374645086827,0.02413184235087176,0.02259838698873997,0.034207528429713176,-0.017219181100632575,0.005856907186562398,-0.001834762245056206,-0.0,0.028891030185260125
799,0.049835732711880555,0.0189775892333391,0.008681754360350269,0.0036406434094248853,0.005477860328545075,0.01501395941736928,0.0770074155605298,0.013967996487983502,0.03156888821888073,0.05612582948503432,0.030231470156276946,0.0684054246910904,0.05603090654566929,0.024556594022709738,0.022974901751996672,0.0416104468693393,-0.016788489899867677,0.0023718347602855678,-0.0040151762779272295,0.0,0.02856585625525703
800,0.052111733928453995,0.018740106442261914,0.01032010773856278,0.002531109170385461,0.006423790146551424,0.02126174062091021,0.07880104804471617,0.017221970430114662,0.03126903931493252,0.05729227731421562,0.029841288092876662,0.06631554324667839,0.05377199540844441,0.023037812859451355,0.020805474816560306,0.03744924024747807,-0.01782055597259392,0.005531669472827382,-0.0,0.0,0.027156378840725456
801,0.052034831566375464,0.019132405698776493,0.006394673165667319,0.0053110740715061,0.005421317731403553,0.016427689143881628,0.07910842421793446,0.016245426674220142,0.03106991342182414,0.055301392574383795,0.02644283433311946,0.06548039514635105,0.053626416133083075,0.02343156843746312,0.022494608021531824,0.03714937321235523,-0.01599613015164988,0.004032322557483764,0.00127779906844612,0.0,0.025620106823907036
802,0.052635941164383054,0.019136482458866858,0.009872536484715736,0.004167496305433247,0.006211310282346724,0.015653098304646364,0.07732732764994849,0.014535287267102771,0.030373705148973782,0.05660106191879668,0.03166316766404084,0.06506999645337923,0.05540548974598116,0.023304266357029365,0.021617186894433874,0.037981384561447847,-0.01576478504030729,0.006047854809188653,-0.0010435972137010478,0.0,0.02710875811740474
803,0.052671892264535565,0.020950267242010656,0.009918387965933178,0.0029663971204196924,0.00861450961894485,0.018164622946616475,0.07807381431643133,0.016670574118758913,0.031611176104598085,0.0553434231044948,0.029642083156776088,0.06756937785714481,0.055478353381917714,0.02183936735517874,0.023737434212516187,0.03548874480910774,-0.015806787231662393,0.0025640618937611587,-0.0014767265969835447,-0.0019208892166910974,0.027947428480360276
804,0.05165344326387204,0.0193544772941337,0.01031832885102409,0.005759201623554657,0.007290194546886791,0.01862086580686548,0.07571581533893823,0.011401929844046583,0.03100975944085159,0.05331857801979209,0.028517103508259763,0.06649802163176237,0.05412137302754572,0.025447714751023677,0.020938403364356043,0.03658349668231922,-0.015054334717231308,0.0032016045056163906,-0.0,0.0,0.029593609759115676
805,0.051167239784196704,0.01852931528416901,0.008258504992740228,0.0036032005884728932,0.007236658374244395,0.013438359638574796,0.07792033565648009,0.012927075944181089,0.03200097384562114,0.05289114473624631,0.02758903265603716,0.06915300106956661,0.05813832490832788,0.0243867025735404,0.020799302927299895,0.03490070577028946,-0.015484634110966683,0.002852179215685349,-0.002218918012826876,0.0,0.026013187583755468
806,0.0529926531451379,0.017612858962783504,0.009330127809249461,0.00369651568366371,0.0069339376125488895,0.019637942146129874,0.07817091806746522,0.01196317811081071,0.032025236166611834,0.0561748548120824,0.030113881395066166,0.06496610177415044,0.056738288423833834,0.024386727756795727,0.021078159141335637,0.03859413842222771,-0.017748618351378902,0.002548347396971916,-0.0012748931113497751,0.0,0.027407191254600834
807,0.051698745440856265,0.016308810418432334,0.00871740302408735,0.002334561154172242,0.004861724566424411,0.015166437183589706,0.07662224275303951,0.013361221495030426,0.03076279805079965,0.05257716837629003,0.03136852623243386,0.06444354598830782,0.05573778052067251,0.0225557013625166,0.01991144440195585,0.036683178399042636,-0.015424180656375349,0.0038311009602545716,-0.0,0.0,0.026182123167437163
808,0.051282409033299094,0.018809734619648206,0.009506914864638207,0.005107690450259145,0.004821524063933328,0.01524614423485088,0.07774187993900088,0.014644966564003686,0.03147462147480204,0.05092329311230887,0.03063533819279126,0.06347490998874535,0.05663571845628628,0.022545904619670695,0.022317257522981495,0.034967744639837275,-0.016753593637876457,0.0031064801309976416,0.0,0.0,0.028310674732576733
809,0.051868045211703205,0.017808283572168595,0.011199105095387794,0.004669269547076448,0.008716168622002059,0.016245714454521106,0.08042503843629016,0.014020874480772948,0.03197803468834199,0.052379931918590215,0.02931856136027581,0.06810447153705929,0.05720030897043237,0.021543322181919813,0.023084832495121776,0.035384185235253024,-0.016294053664990576,0.003194075897574186,-0.0038595860399574648,0.0008545633883114454,0.028794007607772905
810,0.050474658806048525,0.019571507143820208,0.010490647523914423,0.001768285786997221,0.0026513979564242833,0.014274996037839407,0.07546462588593662,0.012030204828925969,0.03137091053525363,0.053942508708275105,0.029633745117809192,0.06114940119918382,0.05201430269242907,0.021580065345674,0.022130357102319413,0.03477766585959192,-0.015303491850548408,0.0012114748508064812,-0.0,-0.0,0.02544859810946654
811,0.051707310384835045,0.01651429175938589,0.009133275943004254,0.0031021988691685137,0.005187065368600204,0.01596840829893277,0.07577320890263725,0.014113215336441153,0.02962294344304229,0.05447965514020798,0.028806602841288154,0.06667660435883833,0.054804728784698935,0.024807637706663194,0.02113291736980136,0.03545080154389251,-0.014176893538516163,0.0023432510689582837,-0.0,0.0,0.02566563783966736
812,0.054071418463893565,0.01833916289828096,0.011075654937794463,0.0033006338665801673,0.003566388625422343,0.018224111725088882,0.07847993580371239,0.013718157447675001,0.0327898659502367,0.05651238471474432,0.030095951453104775,0.06434289277239387,0.05404608883286945,0.021284716193061357,0.020554801165967758,0.03639509028295569,-0.017435522077336136,0.004795185488559835,-0.0012048832802502702,0.0014373442324288957,0.026561280841421352
813,0.053535680298577464,0.017186579822136533,0.009168458722557246,0.004643276574260867,0.0046835220450335375,0.01382329466693821,0.07396877952050025,0.016644839247376,0.02860560045490299,0.05595969185927562,0.02724746588938792,0.0648130639245858,0.056175208045306194,0.021999329088696527,0.020286314881231088,0.03518941754306039,-0.01545622840270916,0.004542496483545701,-0.0,0.0,0.028108384901132388
814,0.05236713718806165,0.018881180915682402,0.01061927802966496,0.0024065242407251652,0.006392393153307402,0.014758001300006962,0.07617447688565697,0.014800292697977651,0.028489966332602465,0.054100978057222096,0.029640824000308916,0.061365363528825025,0.053103504380599825,0.02242290073608479,0.022234226463570504,0.03682583560308583,-0.016859125810380238,0.002146008587778793,0.0,-0.0,0.028737789471180223
815,0.0493192087363804,0.015568460160606826,0.00703619903773034,0.0029633289997280424,0.005370832914475349,0.01323796316104275,0.0762969254403932,0.013695073897332271,0.029549032387330556,0.055760352992830914,0.029915037371983914,0.06695725438390687,0.054055425921523285,0.023456625481642925,0.021806908260407477,0.03777671172436208,-0.012068427110184897,0.0010788193053634706,-0.0,0.0,0.023676614637591114
816,0.05308078186934991,0.01891205203821222,0.010815153701374734,0.0030850044229961825,0.005385727765475963,0.017896601448603108,0.08067876858703861,0.015822492282246744,0.03171053427625694,0.05463357655568578,0.028494249039234008,0.06367083133352348,0.05608692810013568,0.021039557666300977,0.02231722668181668,0.03821815798351517,-0.016772958828221544,0.0030098746461431907,-0.0026397268751593237,-0.0,0.026154885901850732
817,0.05126861303517704,0.01987863620244586,0.011221104546276641,0.005603566635697606,0.0073927182747770374,0.016088734724557695,0.07722538473808441,0.013588889814710816,0.03510330495765619,0.05413081394645237,0.031002533977825,0.0663584832630241,0.05430830173039849,0.02096848433465713,0.01897408588093841,0.032503494102206223,-0.018149301002023593,0.0045433819342931,-0.0027984477848097583,-0.0,0.02566790502372173
818,0.048985575649470287,0.0207810081780606,0.01065332914904402,0.005190114182777403,0.0067333704368263214,0.01784272216488432,0.07790381942667898,0.013930090950483235,0.033144583234977695,0.054018973713708264,0.030679768311753473,0.06767570632354765,0.05423964081408445,0.02403343630377468,0.020225012766101388,0.03794610825859596,-0.01674506621450012,0.005845878986217884,-0.0,-0.0,0.029807084765110937
819,0.05177621328659108,0.01925478240030942,0.008398370948436299,0.0020755923347750434,0.004386372689045927,0.015659568755626303,0.07658858554339207,0.015530007218829042,0.029105927748936885,0.053269262547697906,0.026565747251565172,0.06502678318017836,0.05645836269146319,0.02333330819512602,0.02188426611044567,0.033395644100304385,-0.016393953136492116,0.0,-0.0,0.0,0.025025298733550846
820,0.05120231953252296,0.018364856743184513,0.01048036531078253,0.004757945376944695,0.006291886764097786,0.014983703223995358,0.07599562601872246,0.01611587870581619,0.029852611210154135,0.054011083697759844,0.02777736192995219,0.06543692401125137,0.05600922397650091,0.023273432761105294,0.023728279600193834,0.0394346197474023,-0.015441318248497165,0.00494145948620077,-0.002935731908485463,-0.0,0.02690520136722688
821,0.04810388311932303,0.021801567657564858,0.007720961520723843,0.0030798796801785886,0.00390723283797807,0.01787791426662421,0.07531081198880893,0.014340097768898956,0.02844056958240422,0.05124493252813239,0.029235489214411624,0.06281158419291545,0.052594644907598256,0.022875288598756233,0.0198438978615808,0.03415084644767764,-0.014177130653802189,0.0,0.0,0.0,0.024801562557782174
822,0.05102825228699026,0.02023573216515449,0.008971737217207006,0.001668621852127182,0.004778041232934982,0.016383323259012702,0.07654309678319222,0.01506453500855411,0.030708599722408195,0.05361157391734943,0.027665941807135216,0.06455552940325121,0.05411746172149035,0.023948329838318103,0.020798176974344218,0.03760782133662889,-0.018686589500995606,0.0012123359922234925,-0.003493169445076178,0.0,0.026104548647910432
823,0.04994790664387175,0.01801378703728016,0.009743524353291193,0.00622135630057861,0.005491004644964284,0.01849990513371255,0.08052373294635531,0.015607924286375797,0.02931182537634009,0.05533690964804672,0.02796787220347268,0.06476329762598643,0.05714721761667632,0.024480864640780156,0.022866207697800317,0.0370740320199007,-0.015557079040325703,0.00544739371347335,-0.0017862027040336107,0.0007862886742433518,0.02885592888986717
824,0.05185768066342718,0.020630494961743566,0.009750683187691228,0.0021296223321648263,0.00431412050400639,0.01952563990120169,0.0759668078646414,0.014071820846144858,0.033457257080895864,0.055181969526286415,0.027638231371788335,0.06535368591031353,0.05624788212824197,0.02163847125600402,0.0235110102989327,0.03980258892526355,-0.015659395505365322,0.0038462018521216415,-0.0020597499801783214,0.0008720736710855788,0.025771310209622093
825,0.05142137915367333,0.019713667231769774,0.011457973852761134,0.00407060129281447,0.0036422634479709843,0.015644255289040454,0.07904664769728174,0.015681166857487577,0.029738399289071012,0.05603190342538273,0.028015235950803578,0.06568714238581168,0.05271496788760638,0.023528268500305087,0.022136181937836376,0.0403651617237233,-0.01729554888989699,0.006439266019037194,-0.002136930263800664,0.0,0.02750201681702405
826,0.05189549261724803,0.018465124663560095,0.010317519705560711,0.003558094760767344,0.005141402756377621,0.01803216395022773,0.07572418210292703,0.014464641346136382,0.0296967723035794,0.0542915603117124,0.02891835908986382,0.06591632978742633,0.05737897012951327,0.022964354984498975,0.022192886133348796,0.035974781738917404,-0.0160743797874171,0.0047440409475875455,-0.0013150885024276829,0.0019834403582891288,0.026527080019297416
827,0.05355469403802926,0.017282588211673923,0.009995938661262659,0.003089325204645874,0.0069679242952033656,0.018090930059210215,0.07888314339462671,0.015817368965512384,0.03298162203964822,0.0544312734557511,0.028445662048221586,0.06733374043966461,0.05712483597112789,0.02345963436145465,0.019916936867332695,0.035461610441681536,-0.017784293371557354,0.005398694226265751,-0.0,0.0,0.02649486135282172
828,0.05006910563283461,0.01870923960736668,0.008657911205751545,0.004024514848934651,0.007711287716597741,0.01987527714526383,0.07949203003786696,0.01825971647939238,0.03184701338406021,0.05553773493678122,0.030251079507421355,0.06468836722900452,0.051363145485170486,0.02274873642832321,0.02190590625767336,0.04023395175416478,-0.015807599175386974,0.002960384162043385,-0.0029250233574685,0.0,0.030230739337199997
829,0.05120890932413271,0.01716803263391801,0.007998047736273764,0.0050628368801758925,0.00556913439202979,0.0153235518644678,0.07793285882338466,0.012839114383138372,0.03045441580542807,0.05757414843797052,0.02915713446099874,0.0643409823082129,0.052657064403694505,0.022371702991329918,0.0204795282426392,0.03991506604873711,-0.013850206240620663,0.004720167867328344,-0.0,-0.0,0.024954695108976927
830,0.05279895885794454,0.02018684166723151,0.010281506311249194,0.004941512003942875,0.006326845407182378,0.01771168093498928,0.07640743933382282,0.01722541719838401,0.03287011296457175,0.05409155745055026,0.0283888095882639,0.06387156466297748,0.053575324510753655,0.024132427073275217,0.020545803887942558,0.035208920144716965,-0.016238419941957936,0.0012919093800927474,-0.0,-0.0,0.02654584474684733
831,0.051127155941622565,0.018514568055754937,0.008403788104287045,0.003198586641938705,0.005833130246037696,0.015496045686837637,0.07984100862677249,0.015766095045309545,0.0313214398085301,0.0569374862931854,0.02947366107767134,0.06247008391497711,0.056496149558917956,0.021713859868269524,0.023669846050992913,0.03460149621448966,-0.018346040378194917,0.00293365720372653,-0.001861482617250784,-0.0,0.028730711725362214
832,0.05269473171534623,0.0164682340358523,0.009208181759980037,0.005294132056532973,0.006731157130268628,0.01295642432360171,0.08042071485306453,0.0165547646502163,0.028932238553342718,0.05564285009558054,0.02927084623671198,0.06436649251712934,0.055150020453360676,0.021448257039180754,0.02126971298044287,0.03753088289028116,-0.014673098332849382,0.005335123970049293,-0.0019692018297487986,0.0008626116438077703,0.03044065107104464
833,0.053877741668155246,0.018208644124431104,0.009926159812060886,0.005369286480933836,0.006917810387609673,0.014703778577558821,0.07567472528542109,0.015881202598429078,0.03138967881886683,0.05411788777017639,0.029295262720586083,0.06476309795187514,0.055083566463339693,0.024579489736039368,0.022199287729921958,0.03844215109175038,-0.018627308289782683,0.002466309838239692,-0.0020552711825880072,0.0,0.026350837514470298
834,0.052012509301485634,0.02060396256149279,0.010396438118897825,0.0035207013189492574,0.006287927404259167,0.016999151726323443,0.07812610782531743,0.011979711798517733,0.029475460213655484,0.052919695997304915,0.029812082436305495,0.06434224360119911,0.05779047510956783,0.022151914720553088,0.020405661780876355,0.042257287416052156,-0.015598591969945754,0.0032856217961317615,-0.003745179979301568,-0.0,0.028153798883271297
835,0.05326723646624179,0.020593320150567477,0.011622204040398348,0.005204218372842609,0.005784614940690943,0.020321422953002096,0.07790742012801019,0.013827564925786726,0.031439293530199766,0.05491678579988933,0.029912847437438852,0.06468533473167128,0.053228992397321144,0.022662852157106735,0.02034846649087363,0.03836846632590264,-0.01900733504749714,0.004103400672263856,-0.0021592808349938358,0.0,0.02793815378357898
836,0.050116930751291075,0.021826450889009513,0.009089325240621508,0.002864410084322079,0.005032523301637433,0.014688526596341449,0.07510553303749064,0.013630546271863248,0.029802102079794026,0.05396707356437942,0.028136703412317214,0.06367527010636659,0.057087350281989246,0.024744949646495158,0.022476538765271448,0.03714780760209028,-0.01581581896165602,0.00324243832475211,-0.0033615294518966918,0.0,0.025564377970915306
837,0.05181141136224524,0.017161998585127423,0.009754431867706498,0.0037252057197841543,0.005902492338497084,0.017416793904406976,0.07637896599665638,0.012766961478362161,0.029932750042294832,0.05243594183834437,0.030811096762540038,0.06385070081111764,0.05399539011408182,0.02133661867932443,0.02197591452093215,0.03565274069176189,-0.016493430151421424,0.0,-0.0,0.0,0.024662696661533774
838,0.05250884174468534,0.02129784922395145,0.008405961899835255,0.0037927449345696975,0.004682522251743114,0.01892973333776179,0.07872451992743573,0.01213279072011325,0.030483415959513958,0.05550698022665432,0.030339163009794858,0.06351787351097121,0.056559750447944805,0.022194876007990194,0.024020566495991127,0.03866923298524443,-0.015729855139049367,0.003208821854686026,-0.0,0.0014352757808064453,0.028077863445310363
839,0.049035366811417735,0.018505012288497328,0.009497937944867366,0.004164305710073475,0.0066275281485788495,0.014647603039073873,0.078686963393121,0.011803865088708423,0.02898000819425355,0.0535165797018369,0.029328934690937367,0.06374395517133019,0.05398491028748165,0.022257200338981934,0.01967589251243661,0.03525563781479262,-0.017019793042391446,0.0054016379527810415,-0.0,0.0,0.025482993576684158
840,0.04872915799058487,0.01959141812950296,0.009035381852224285,0.0035804376096646817,0.006279722683225957,0.01849422033655258,0.07511344066732321,0.014336551376336848,0.03298806998026975,0.054797373298454514,0.027791095577571607,0.06530464837355544,0.054429346239625566,0.02177522457874151,0.018610455122559315,0.03841249249239692,-0.017557894707009008,0.0035176605269936463,-0.002694170775361628,0.0,0.026567848183236015
841,0.054313948293911965,0.019071497570980915,0.009655576491030566,0.0036202398284977664,0.006070014573990967,0.019449591875680673,0.07777035158281072,0.014297835587782602,0.03288008318278754,0.05466110840859462,0.03137685574249455,0.06545574821960409,0.0550855652569757,0.02522351185725071,0.020792222202157106,0.0417855583401571,-0.015097211664009444,0.0025179922365081535,-0.0012319172424171167,0.0,0.030574613496890675
842,0.05151348597429344,0.0195739160369782,0.007679912444017017,0.001467226101361646,0.004057707732828145,0.017435437002680812,0.07731694789492666,0.01502690031129721,0.032062309193072236,0.05558485022960762,0.028821307714152887,0.06662754290594837,0.05362753024457391,0.024216996800212883,0.021352775637195877,0.038895268877060026,-0.01697238711221218,0.0031904870416011775,-0.0,0.0,0.026476894641535978
843,0.049549632274376046,0.022665429373762862,0.00966015559103697,0.005238896911568393,0.002825756765100023,0.0199335868816182,0.07795237256251765,0.012936436518603205,0.0301606698781575,0.05383374911305314,0.029144638067980486,0.06390194186894288,0.0524571636090719,0.02224758683421038,0.022297306372418293,0.03867839356256059,-0.01823562821335395,0.0038839921496032596,-0.0008763748073061182,-0.0,0.024425076014015494
844,0.05153709846275851,0.018762350343264407,0.011529121600658453,0.0030061480255549563,0.006009339979182117,0.017963421948588357,0.08004642316786159,0.01492261336054488,0.031541097465128044,0.054023475915291046,0.028254890430191595,0.06556320219216656,0.05409977437280097,0.021618077501826316,0.020442622850146336,0.041703496228777316,-0.019510802565479247,0.005201201035881659,-0.0017109637870165429,0.0,0.027132590709680125
845,0.0502533667485875,0.019072318768631327,0.010704108135992221,0.00525210312281897,0.006611639583459999,0.017223744281510207,0.07708433806948282,0.013955546218529643,0.03188672592327764,0.05757409060283295,0.029343056651586888,0.06523408001131206,0.054350914847212335,0.022546251504713163,0.021779746410673567,0.03748639971890184,-0.017319036742495,0.0031433146615083016,0.0,0.0018536441359732465,0.02762692997200737
846,0.05175061120993364,0.017865323350044822,0.009065107993630382,0.005673043881777211,0.0062817588044429325,0.014901888020451903,0.0756031488053981,0.014463299217530487,0.03111449119698841,0.05306654669501588,0.029494024060182426,0.06363298557352288,0.05050166156756769,0.023875415361114538,0.018478304689974304,0.03747100693493478,-0.017313416160617497,0.0032685118251562064,-0.0,-0.0,0.025359561047085352
847,0.05205647450378369,0.019916747812817017,0.011149636293399118,0.006402928273602655,0.005896030820393549,0.016964834176740204,0.07905600450109088,0.01581777268971888,0.028168884988690492,0.05487524420616762,0.02771587948296976,0.06479718285209582,0.05533003614378171,0.022034941034031107,0.022713360096615207,0.039202981336360326,-0.01629540105828293,0.004389556307210692,-0.0022296723931648724,-0.0,0.026232433906853956
848,0.05064874510862508,0.017411522574519684,0.00886749104526415,0.0,0.004910251814719392,0.019309739438608812,0.07820467032445501,0.011475045247685476,0.029865800573384116,0.055107358287213574,0.0293167270355008,0.06352178399664692,0.055592476280033894,0.02264401222008135,0.02028762123354738,0.03692083015905046,-0.014280963180343761,0.0034168172796636676,-0.0,0.0,0.02819655212754673
849,0.04977257787965204,0.01704447073059963,0.01220784459574575,0.0038676310714262033,0.004972420016414409,0.018682162220832278,0.07801939838680692,0.01384932092866531,0.031201618107717696,0.05179954421865119,0.027901917934066336,0.0644847083393072,0.052410952231682253,0.023567776674089828,0.02212829532048027,0.04058802461967122,-0.016648444761266323,0.0018053868621186841,-0.0,0.0,0.027882126590147372
850,0.052900996341300126,0.015884941438710824,0.009320794874440232,0.004107950399398035,0.0035531228540481266,0.01787164451988778,0.0781168338219603,0.013262419892465809,0.02859638049321653,0.05498224776733,0.02971019696384252,0.06564077157683522,0.056636305895541146,0.022638913175873524,0.02029058841851156,0.03559645711124936,-0.017298526235098047,0.0021163023986727324,-0.0,-0.0,0.025677412829600076
851,0.05169424637422433,0.018832155624424314,0.011926355326861543,0.0034769601182342313,0.007148789125394295,0.017593209876016924,0.07868290949885362,0.01409526723572416,0.03304410447735748,0.05403771109329117,0.02796854958963715,0.0642378586970521,0.05005059372411953,0.021221237938707643,0.020395940294592112,0.03870248850441587,-0.013751778636579955,0.0019690472820433065,-0.0,0.0,0.028513668276369284
852,0.055086723884230936,0.018081148300524392,0.012300270293943216,0.004752359540797396,0.003961990530280538,0.015791261452818957,0.07671583169346888,0.010643220427273385,0.033234317954056465,0.05610169481598531,0.028598139175599023,0.06551391878892399,0.0538935220208727,0.0225369295606139,0.02387387114164489,0.03654957058119994,-0.014573198130827839,0.0035984909285703115,-0.002494129501747686,0.0,0.027779879766884338
853,0.05116082098224731,0.018117719701208273,0.010841147509363243,0.0021518987798609082,0.0030310846861397026,0.015670980215867047,0.0777144564565791,0.012527224980471556,0.030290777252774664,0.055087853416015575,0.02662616171576883,0.06322901407104764,0.05763522934957183,0.024279703209100313,0.021031687293054824,0.037021489743185546,-0.01309663263065961,0.0030944750418256204,-0.0,0.0,0.026405981889445405
854,0.05307865497807456,0.018524045560776758,0.006243090525953669,0.002510000856113879,0.005504585347106042,0.015681614557800778,0.07844177924434255,0.015984724534274332,0.031988781014382336,0.0553662105377885,0.0296579345087845,0.0640747605084329,0.0575848825855028,0.023748361692839462,0.022411380272473965,0.03789604078256107,-0.017762772489800394,0.0047976264244394265,-0.001208293548429715,-0.0,0.026189131272054786
855,0.0531153093985031,0.019744272298784848,0.01078158620343368,0.0,0.00645447996549638,0.01628267760455865,0.07741101771340418,0.011828132586917516,0.03307141648409557,0.056862639330286034,0.028557533655050326,0.06146997794741401,0.053446019601323724,0.02470742421629295,0.020293006800199832,0.03863860136741889,-0.015711125494708645,0.002106240293876817,-0.0015884637798815424,0.0,0.028570461386795656
856,0.0496279927342409,0.01690579031847782,0.007739941064012228,0.0034443663202468606,0.003856429347898929,0.017345323085015626,0.07642506092577847,0.013566634204598194,0.029364458529283707,0.05566284624487601,0.027593236658188035,0.06432206235734755,0.05339181209105942,0.022705951852031763,0.02200195548001673,0.03529451456998201,-0.013190343039101476,0.0,-0.0,-0.0,0.02642372970903598
857,0.050093717785150225,0.01876353179532024,0.008669860708979174,0.003993407853982751,0.006841986792042059,0.018524210940557062,0.08141425646883806,0.010981903190088276,0.03121576100343537,0.054541832156701574,0.030869517376167378,0.06675002002848753,0.05426800162815676,0.02519878815566069,0.02424782556992615,0.040903908564250954,-0.01599839269140722,0.0029503402109332627,-0.002360606422056364,-0.0,0.030478245330427516
858,0.05063305671618932,0.017539995588486224,0.010282694518379766,0.004673874551479251,0.005673368538066337,0.017484782373124026,0.07969355877185011,0.01520881916021634,0.02972587379221089,0.05801216675421725,0.030243096805159637,0.06475937839110535,0.05353215848953622,0.02512747200310461,0.020546752678434275,0.03673582224804414,-0.017146212321791195,0.0051600717720130425,-0.0,0.0,0.028244208538976124
859,0.051652028639803345,0.020168888744773357,0.007627697680839093,0.0056507126082483514,0.004578589073930319,0.019141861754946008,0.07683091514874167,0.016219590411566256,0.02985507544412803,0.054649541412903936,0.0303504115142721,0.06551170582830233,0.05817181809958257,0.024290752453582167,0.01823429706808599,0.03753675774667476,-0.017049430226581046,0.003218699974994672,-0.0022089446023644925,0.0,0.025855810794001413
860,0.04989328570259472,0.017859542424534,0.007293769712089399,0.001968270816109242,0.003459746019275218,0.018956848020455663,0.07656382465888498,0.013296529802674243,0.03228913220315626,0.05671503579815747,0.030513179927396567,0.06594542372784178,0.055719499393147326,0.023919170222147144,0.018672729292749723,0.035858867619294806,-0.017137682841735447,0.00471667858413665,-0.0031044511497507693,0.0012676570065700665,0.026819227250706106
861,0.05307411807281181,0.01706790169960376,0.007206568112553075,0.003329620035200213,0.0033840785776634193,0.01775567687005273,0.07929501315170424,0.014931407923482076,0.03208708480495923,0.055972183457561504,0.028545239726131804,0.06423575905180819,0.056274351762514094,0.0244583957805783,0.020968885675366117,0.03360019615270069,-0.01648742341778297,0.00232772667432297,-0.0,0.0,0.027129977270588794
862,0.052968380211154166,0.019209859731192862,0.01002033193118727,0.0032803601315693483,0.005140299028365386,0.015208221522158885,0.07859566028583548,0.011667042624306763,0.03331554586985751,0.05708897337103712,0.03139721544559533,0.0670589355010891,0.05301541105495536,0.023864583773522133,0.02217114932180807,0.03577867663087177,-0.01885187789131775,0.003862946209685086,-0.00116116210395915,0.0,0.028610002149840087
863,0.05138312321570238,0.01732650917299285,0.012466720179848536,0.0050451172127554495,0.005518249647423188,0.017204509747601016,0.07792316416517374,0.015289110209179646,0.030009540172547196,0.05169727410660327,0.03065735818721296,0.06492386051878919,0.05569051531079083,0.02370491446656022,0.021488063128389415,0.035970752093290974,-0.015911155310917777,0.0038920968052613045,-0.0,0.0,0.026041677436752255
864,0.05459737598486495,0.016007658276230442,0.009743773724744463,0.004085869187170283,0.005066678967768441,0.017313439206954506,0.07696498883822898,0.016084747274864048,0.0280426885293676,0.05478988825727336,0.030347822748809566,0.06480621733848499,0.055323176864740455,0.022209854807986512,0.021570934356883512,0.03341291850257503,-0.016082596917326566,0.0015183352273382888,-0.0,0.0,0.025615215196779957
865,0.050217481910970176,0.01929739982706887,0.006984836304631824,0.004925213214929432,0.001830875525291145,0.014756415781537044,0.0779874974398445,0.013833540497183699,0.03056884729158916,0.055248327395314184,0.03100113966732536,0.06291030809195708,0.05548933040413688,0.022637216173389343,0.01951431075016668,0.03625359599686217,-0.013598870224771333,0.0,-0.0,-0.0,0.025783686408182554
866,0.0499407918722621,0.017726077884598453,0.010108697374815604,0.004880429557771842,0.0030890293203536786,0.018651905827236862,0.07542321551824949,0.015118815892376156,0.03279205885379858,0.058276350230283554,0.029440049792132668,0.06500181179623325,0.05502471472729105,0.022287877889536928,0.02173237733864947,0.03588211865553114,-0.016756295482050054,0.0040505186772626335,-0.0,0.0,0.03115117428095491
867,0.05154873459375576,0.019410472322219673,0.01022089356604013,0.0036677157603154605,0.0066892159665711635,0.01862760311765658,0.0761488231586021,0.014727304060318604,0.030271379947857016,0.05546622738693681,0.030825185107413645,0.06285614784277659,0.05417300758592386,0.024185430114532343,0.02198951702050361,0.038791125855657714,-0.020089634826000305,0.004124966534719469,-0.002917596373076212,0.0009634210549647529,0.026799144619571523
868,0.05016265262834422,0.020034345615919418,0.013119740913431923,0.004964838554128769,0.007082545976725324,0.015952749596341697,0.07753150089624748,0.01483577108035643,0.029669023333649677,0.05490415924432322,0.02939049011052375,0.06670127335840656,0.052095041633268745,0.02386065359484381,0.023653581136511018,0.0344035042856289,-0.016487176485272332,0.006144335572173138,0.0,0.002919055501622762,0.025628572638457647
869,0.051357796140410826,0.019080712637097152,0.006012255481975164,0.0025649938852909944,0.007314091529880391,0.015511263583688543,0.07921418069332184,0.015371784306958883,0.02939803863109364,0.05490747434573126,0.028811938579857786,0.061640999968075094,0.05152772722191,0.021865245630737672,0.020097376268415873,0.036522805418267364,-0.015172638151864698,0.0018382300579674682,-0.0,0.0,0.02478591313752002
870,0.050291208057351745,0.0203423903509125,0.008485284582422186,0.004770976395027379,0.005361964955808759,0.014380374403007013,0.08059966133181545,0.015599145559995604,0.030916446385405392,0.05228960183092598,0.03033479292341503,0.06657432080828728,0.05392292379343337,0.02370601827819731,0.021973742963572414,0.03612886539363189,-0.016155681407893443,0.0026657504007305665,-0.0,-0.0,0.025714386980604652
871,0.050314865477701164,0.017149293169024058,0.010411411516119903,0.0027635890622718464,0.00245702256526326,0.015422026164349895,0.07778848732147312,0.013187747921770902,0.02911392609165419,0.055189473923511735,0.02796825134423977,0.06430688957164014,0.05505802405731194,0.021691737208057317,0.021370513632336254,0.04021805809986346,-0.013063381807261793,0.0031839807665881748,0.0,0.0,0.022708481322658406
872,0.05265611627836705,0.01907445365914132,0.009034524415136594,0.0036252033869011466,0.007393014630047975,0.016484433416801295,0.07779716702935247,0.014866808874694052,0.02892670754165636,0.05398614105901851,0.029915292927476314,0.06647147358551678,0.056792117457667365,0.025257981401579872,0.021019686180951416,0.03561915999951665,-0.014230982066614788,0.004689563177668127,0.0,0.0,0.02770598370840458
873,0.05236108568662677,0.01855681990286175,0.008187448031102674,0.001955117480331526,0.0041841571695922074,0.01602951149609903,0.07859100370799675,0.015803658480433865,0.029426205459905628,0.055784279851497164,0.03081773010007024,0.06529197575548226,0.05592758430649031,0.025338748854361614,0.018542646988025862,0.03611976139093599,-0.01690074690303004,0.005895714953867228,-0.0012523709359915695,-0.0,0.030514625726256888
874,0.05295352103369859,0.01858865718917668,0.009829191613171704,0.0025824208337665937,0.006537372678505449,0.016645554606664503,0.07527190149366032,0.011751401264295708,0.028869234038589663,0.05226493452470109,0.027662192269514368,0.06271693301208069,0.05426520416679775,0.02256201065572596,0.01932292266781768,0.03432583385924589,-0.014459593567193996,0.0025767892401708722,-0.0,0.0,0.02627777488371117
875,0.05260071429571878,0.018939412895087413,0.01165183689586836,0.004095048324787377,0.006366722517856134,0.017575596998341735,0.07690466760301663,0.01374264030929685,0.03216638023399224,0.05324557706830884,0.028965786156555873,0.06418869784070468,0.05592639064483358,0.021056314866080873,0.020627330674541488,0.039320225347477186,-0.015317351091502045,0.0033397788078790135,-0.0008314935997924322,-0.0,0.02567646217730665
876,0.050857844594255734,0.015852163486241532,0.007958686076083866,0.004504133668853678,0.0046336606879409745,0.01563356933922166,0.07803863657453719,0.013348490577463876,0.029914286918098137,0.05327241176900355,0.030062116129648948,0.06291705866429878,0.050488220898223655,0.022759846641732445,0.01921109948197714,0.03712162971185035,-0.014690608151764772,0.004551299027784914,-0.0,-0.0,0.028987269060320148
877,0.05059976970972867,0.021190752007655998,0.01054874135934996,0.001991905919215631,0.0048041872639423755,0.01753069196271568,0.07707225490982,0.01629477596185756,0.030817384974784735,0.05588602934678819,0.032308859004133814,0.06332895482535511,0.05357583232957918,0.026163384322902456,0.02279631079721546,0.040220340012170536,-0.0167358930410033,0.0038692522550894132,-0.0,0.001130325241763495,0.026158369767030322
878,0.049406024704359425,0.016901724592945252,0.010381679337068708,0.0,0.0053644403408773505,0.013355693867206406,0.075601312032778,0.012314422403009253,0.029368731572120055,0.05132754066178404,0.029441530811536706,0.06714213796552844,0.05544106466086395,0.023544928031272835,0.019541390386963564,0.037685497322297624,-0.014774943430436326,0.002277639815431875,-0.0,0.0,0.024445795227095436
879,0.05425472324612542,0.01956013661556607,0.010560700354212669,0.002716510374607199,0.007508544687543808,0.01510970846584687,0.07890566167913744,0.014683756029115567,0.03372227471952329,0.05602165463300708,0.030565559094348473,0.06425653903952276,0.056277406691588365,0.023328411266051424,0.020464072707690278,0.03625032872502073,-0.019160428822365374,0.0006677520048406255,-0.0024690242759319377,0.0016834138220068627,0.024470667789650596
880,0.05112897244937492,0.018089641387493006,0.011079313572793814,0.004689330159113741,0.004747644027171587,0.0199548701518375,0.0777342551236735,0.01323030186613246,0.030665197654899196,0.05403085045381315,0.027833103298384006,0.06596605305614223,0.053331746669091705,0.024418754394940075,0.021641970097168395,0.03551237557109826,-0.016578664493108554,0.004001419893647622,-0.0013621791106576324,0.0,0.028370403242311604
881,0.05212828262044001,0.017916982606380697,0.009756950889440036,0.0025396536912352264,0.0037018898510595647,0.01686731203358912,0.0794434635812254,0.01703356329052938,0.0289477267077417,0.055424186819412524,0.02897219522285345,0.06566630144948415,0.05667185615953042,0.025309745441663842,0.023738756590366762,0.03454046371269524,-0.01784724597874263,0.0008540891340864543,-0.0016966559126469353,-0.0,0.02853289374163254
882,0.052174637965278554,0.018264750923133743,0.00977599388321947,0.004872447336312249,0.004918695835366929,0.021475208619737493,0.07813163998102239,0.01419107647135584,0.03377689143318458,0.055087311244859834,0.0315808993642809,0.06577722625345837,0.05459286378007906,0.021563648793278847,0.02103635193390544,0.03446796567510268,-0.0153527025988685,0.005803768709147763,-0.0010511335488623218,-0.0,0.027191571774798782
883,0.0543866972112913,0.01845524842924281,0.011544885796493896,0.003593518171821158,0.006686262135441607,0.02002433175479309,0.0794528196278872,0.016219959864981235,0.031915834077531235,0.055820486473804526,0.029124718399050193,0.06367343420865741,0.05081269357751223,0.023145989858127623,0.01936914064633517,0.03826005132653885,-0.01524537273475641,0.0038557263795303705,-0.0,0.0,0.02718108745865824
884,0.05282974421058312,0.01840004150416471,0.009903492085107504,0.00631898462147806,0.006095575098507628,0.018657861809367352,0.07765900858906799,0.015499283192726374,0.028965569715656687,0.05602094126026393,0.03304957639293859,0.06336680166797039,0.05607582801242681,0.021650672058745688,0.020077563569450535,0.03840850360395492,-0.016058303933085702,0.004311672992475189,-0.0,0.0014601504943561633,0.023506631111785074
885,0.051265399538863866,0.01625619002131825,0.010056626802258809,0.0037319884153957845,0.004504781697129253,0.019568382855566085,0.07571818390268996,0.014801994966278216,0.030791284941683157,0.054647320449546594,0.03238131392924768,0.06808235748265669,0.05594925929021046,0.024185075341921877,0.021322557141590016,0.03989927620566284,-0.018282933813540268,0.0044981679313899,-0.0027003767904840233,0.0,0.02767328678129554
886,0.05141731950098608,0.02270219193098641,0.01152063770882332,0.0018811473847360734,0.005643402447006964,0.017757615681154356,0.07719224601515735,0.015727737103031394,0.029642169403018857,0.05443577010054131,0.027543605311860977,0.0640464751184881,0.05394408008141358,0.02368120382848223,0.02158791792770411,0.03547516160526083,-0.01614096351766013,0.005738956680868937,-0.0015165030770112687,0.0,0.02741629163117339
887,0.04904304223580498,0.019679655380845665,0.011727753070537464,0.0031686066442481765,0.00581216361286582,0.017291602367101377,0.07792365204740458,0.014036073289586995,0.029309210141779358,0.05402511872590973,0.031191229540463113,0.06640003500705821,0.055092616722304436,0.022382365824578594,0.022117562782902955,0.03619280196911286,-0.015783312617155962,0.006384003257091356,-0.0032086937308931935,-0.0,0.028891473060386468
888,0.05154060349167478,0.016963644206065664,0.010151751800870431,0.0044149392981106044,0.004471875621152945,0.017579924315985478,0.07806449634315318,0.015145530991364078,0.031545576867554125,0.05432712627651796,0.029615486912844314,0.0670789048714587,0.05727776981025594,0.024074985888007414,0.023334676980137026,0.03468302814388942,-0.015008602153398469,0.0036244412930578665,-0.0032135611240323003,0.0,0.027803571615039345
889,0.050528293649248,0.01811373399186631,0.011243267894811799,0.0025276415446865833,0.004791991960505671,0.019932726375496992,0.07797462155143338,0.011877691532252184,0.030884283735606744,0.05101310471905983,0.02997755633929811,0.06512487908791378,0.05356672460669126,0.022300620126574106,0.021118860748991455,0.03806529158375646,-0.016625715493773584,0.005093676078117199,-0.0,0.0006748391729866186,0.028138432895104575
890,0.04994088969447443,0.02043654343934933,0.00813630629782399,0.003447400889879467,0.002402355197111631,0.016522426820808084,0.07624223704303669,0.012490246972142585,0.03229383290440473,0.05210112848830096,0.027810845398447817,0.06559982194152816,0.05273379815774103,0.021848594946571712,0.023828046948058186,0.03845989494374975,-0.013249977752560416,0.003263097640173925,-0.0,0.0,0.025523102617631663
891,0.053045797656174426,0.017825774179013303,0.007463802027189438,0.004425729301550774,0.004464951316381235,0.017255932926090595,0.08043515324597764,0.01441285308150647,0.030415809946822494,0.054763848964032386,0.029494447506402153,0.06469115683295808,0.053915653335334414,0.02275153473522149,0.02147206106102436,0.03910632859085636,-0.01777090350869923,0.005751193831033584,-0.002772094561684546,0.0006940797214675166,0.026384211692817187
892,0.050752758547603624,0.018959655926789498,0.011188382045930693,0.0024719661044004084,0.004801992277931374,0.013147079870625415,0.07732076065942312,0.01701815975746261,0.03426299258518817,0.05617164094278446,0.029420955613387662,0.0626267343765948,0.05379892092741675,0.024707491732680366,0.022739425182608235,0.03759581981189873,-0.017151011314434438,0.002410982638190972,-0.0020489805020452475,0.0,0.026967503512382633
893,0.05008567860475603,0.01665860516910708,0.009214844591778031,0.0019799641065127546,0.005079636235227641,0.018042428867861587,0.07807980335016002,0.014541749604443686,0.028234636390431826,0.05634275599498729,0.030632300071834165,0.0664448724748385,0.05316420426264647,0.025115006653198286,0.020927231432232407,0.03485933513408731,-0.016797358006079035,0.0035956217212909087,-0.001097252688306344,-0.0,0.02862315512503375
894,0.051995561735314985,0.020375887848178554,0.011255011184291515,0.0026967903409262322,0.006435693606174628,0.02278255500005009,0.07589908544147916,0.014999215078404831,0.03172781094604522,0.052681806141957284,0.030444457484668102,0.06516352555423001,0.054629250269255546,0.02259401196316639,0.01918698733824304,0.03786109793736897,-0.014544434123523188,0.0017441711162386896,-0.001975485997770487,-0.0,0.032279836400550994
895,0.05393056241946027,0.01743961101563193,0.010315257884520746,0.005881758123344117,0.005220919575307831,0.016607680640720924,0.07842164299561219,0.014150309775389317,0.031994418776899756,0.054883981674567706,0.029657306877956945,0.06468334455659827,0.05271032192876495,0.0221456473978665,0.021443899729098347,0.038087496424424674,-0.01389183223153264,0.002932263113814106,-0.002098060736993563,-0.001929990370297403,0.03225263556532125
896,0.05126421807998257,0.021442678259849187,0.01219098382786709,0.00506366011792908,0.006348323789490054,0.01635070873803667,0.07946283916161846,0.014487369697969236,0.03028042778586603,0.0531940157763948,0.029905131043533848,0.06487549672023993,0.05206148848980088,0.02420821019826491,0.022413469548792052,0.03694548689287345,-0.015410026172665304,0.004993614611113215,-0.0022396358458828306,0.0,0.02903496887324226
897,0.05076337037076372,0.015405995223121416,0.012367872376923252,0.003322145444716237,0.005701174503220801,0.017818491435574155,0.0764723736093039,0.012983853635113781,0.02914624457675013,0.05588087867854163,0.030454039041881018,0.06540922436030075,0.057001166332781246,0.0230198432014084,0.021867687272752085,0.040348968767917354,-0.0168401841641055,0.003153601893604052,-0.002027747694491056,-0.002048264336331228,0.026683485803526533
898,0.0522976228359943,0.018366874659185305,0.011274107957342787,0.003496327865977772,0.007601033893456047,0.017389766060379487,0.07725471361688645,0.01662113986367627,0.029432140584372893,0.05345994514081329,0.030407041518167005,0.06507874069976105,0.05594735825495206,0.022584332275409263,0.021295677656909883,0.04061976020175271,-0.01505294287445589,0.0,-0.0014681762413236194,-0.0,0.027763892483498937
899,0.048513074903996097,0.01759894245354952,0.009244900400403525,0.0061494754383184915,0.008096924954375468,0.018985233104931592,0.07615448821828896,0.012992303680947571,0.029538035364586993,0.05085900447159092,0.028531301907250353,0.06736772915125137,0.054329544441611526,0.024649694279620157,0.023077464838687535,0.03672893649153057,-0.017028531461553843,0.0028467821178802,-0.0022310764893393492,0.002082208066456554,0.029257985820500293
900,0.05183088212653756,0.016795939253326193,0.0109571718008839,0.0029895085363743122,0.00543880171399621,0.014710424660597262,0.07925960679363037,0.015759580617322685,0.031087600919870163,0.0537286353736243,0.028884878786658685,0.06481967096344816,0.05578867457703969,0.024235640579279922,0.02069307262081707,0.04023632923432576,-0.015440095863485315,0.00422067741304217,-0.0018517820302232097,-0.0011128489161323107,0.02835812539159822
901,0.04928027281010445,0.02008775797446738,0.008963017522743708,0.006039315593325609,0.007196625896820597,0.017884262804620642,0.07766170727169634,0.014856652419772428,0.031593957756647244,0.05559321952880219,0.02916949959090009,0.06501835858045547,0.05599288784638632,0.023817138640122634,0.02111991263196596,0.039212410232621855,-0.017801703888646145,0.0017076875991633058,-0.0036980395732501108,-0.0011362865329661942,0.030278959843412064
902,0.04824356453653706,0.019041714398852095,0.008451137830687216,0.003565782649315503,0.004420263211587105,0.018011670240824233,0.07618347412921535,0.013671612656668171,0.03096777681385148,0.05449123983236425,0.027801381623905556,0.06289571780144594,0.056456442026438805,0.023623696436062363,0.022866821093141056,0.03857378234408501,-0.017599418503170223,0.0058919656415453246,-0.0,0.0012749256387486853,0.02957647885139676
903,0.04749733547567407,0.019631331637567882,0.007732586106975273,0.003968594743863013,0.005689108757004521,0.0185001123437277,0.07835756311365226,0.01341985545257149,0.03212418847255999,0.05556258623186275,0.025536404590062317,0.06453413891407135,0.05366899744354022,0.0230439908833352,0.021924916973745212,0.03501346130519994,-0.016083410064905174,0.004861756671558806,-0.0,0.0,0.0265085749214156
904,0.051349788607810275,0.016819802105611764,0.01193491244791489,0.0033367363222503517,0.005851681021444881,0.018846571774879643,0.0784379745427484,0.014514277761706457,0.031652512166155514,0.052876097397019706,0.02979218740209701,0.0651519716487708,0.05541433680709082,0.023194093030460376,0.021819281841336018,0.03588952515476616,-0.01663470720726114,0.00358548000537261,-0.002592592762042238,0.001290710135742077,0.029964859772784198
905,0.05141903169428448,0.020136542461890877,0.013541914446139362,0.0035893104722516476,0.006112572729058966,0.015473509525800672,0.07777283123591683,0.01430907678871104,0.03099645765278432,0.054879140730033575,0.028326290468472112,0.06628339087721273,0.0535953822317467,0.02279292716850307,0.019578124370371444,0.03268038190102227,-0.015276708220272436,0.005589953920962851,-0.0,0.0,0.0260062464733041
906,0.051618284620444065,0.01905214900013398,0.00988660816515844,0.0027809437179226073,0.006948109074492509,0.015560068652163854,0.07896296668764671,0.014974857692351021,0.03330073146684418,0.05362303621627391,0.03047285944807251,0.06418884472069741,0.0534277181531608,0.022751906164065062,0.02188864996713074,0.038669529841078965,-0.014149553047101616,0.00376864311721232,-0.0,0.0,0.027505302007477805
907,0.05352526739364438,0.018425706864786222,0.012770108573977815,0.003989077256552338,0.004761501134438427,0.0161550375846784,0.07701577108148343,0.014224989294234599,0.031719814555356565,0.056057036213932626,0.0298642525804439,0.06491996586412749,0.05348489960534725,0.022257626385791096,0.023815023493260635,0.0380894185835448,-0.01598242315838033,0.005228582724229992,-0.003986626713565296,0.0,0.02635883294051087
908,0.05029998744252697,0.01823963759736165,0.008552608894188607,0.005242780982484398,0.006320464099834344,0.015506019878286353,0.07810574518639786,0.016443437414377374,0.03081892341781958,0.05590857660547195,0.028628117217965633,0.06650146443184067,0.054909881420112,0.022644032009664066,0.02302953757428639,0.03670169694251147,-0.016199221396092433,0.0011338302437234893,-0.0,0.0,0.028521821590386943
909,0.04854423212758139,0.017839850954398627,0.008714266933630694,0.003341535872067222,0.006719473635178312,0.018352394134761228,0.07614468296389446,0.012153441618962313,0.030429794293454982,0.05633022690943342,0.03185288436115985,0.06560249056210089,0.05316805881835514,0.02198134733555144,0.02251558979667477,0.03813535584320847,-0.016699680768396157,0.002060796643767388,-0.0,0.0004928363534723864,0.02762707700559261
910,0.05188173443335462,0.020824819385822167,0.008640174488051194,0.0026519242227276765,0.009573032003808506,0.019484096365269665,0.07945593323809173,0.01650609902905813,0.03268525008906667,0.05095936107581961,0.03141175329641374,0.06362055827724612,0.05335946792904597,0.0243731978887805,0.024180112171421506,0.036953173086138,-0.018200519578176807,0.006629448924403792,-0.0013882140974375969,0.0,0.025369265884942628
911,0.05198394936970464,0.018517897458180683,0.012688038593150411,0.002184959550572278,0.003986196552037785,0.015835257185134226,0.07898397477646069,0.013194468449887352,0.029421746039028248,0.05434311242427499,0.02951055619751444,0.0657140020921021,0.05443318595186718,0.024422501690393103,0.022453086655155954,0.032592178680950906,-0.017739748168538412,0.001553851545414592,-0.0,0.0024727267980806872,0.02821886697112657
912,0.049399568139491486,0.01764382654901768,0.009595129670046028,0.0018895758624279853,0.007230932068114908,0.015861286298872214,0.07560628302083046,0.01555601637994326,0.031983512366906414,0.05460724082735173,0.0274915247347989,0.06180716869886122,0.05610970643538405,0.022894662148668594,0.02318163305130215,0.03577184471987836,-0.016708362449176624,0.0035992820209753756,-0.0,0.0,0.02866850173817525
913,0.052235464548443744,0.01975168609422734,0.007349812885339199,0.003655297291508532,0.004561873242386046,0.019668781973675633,0.07683126568106897,0.015781728679771893,0.02731390647610531,0.054629998340532865,0.029607550461785603,0.0670882803849,0.053370619109565566,0.023412609827377473,0.021446142995204576,0.0367904741753551,-0.015794513891916783,0.0037688857191197503,-0.003089670007356046,-0.0,0.026684134603917328
914,0.05326079310482803,0.018855371453394255,0.010912295043495477,0.0026475624927692716,0.005704124762588185,0.01981570130987024,0.07763491204205283,0.013002140831118853,0.029358740506112604,0.053305832732842603,0.02919695140941407,0.06402699265445855,0.05673126398561074,0.02428962668481286,0.018061107029301433,0.03586323461843251,-0.019098280900268,0.0029877624493739544,-0.0,-0.0,0.02515909835126918
915,0.051885740694645646,0.018844995579622003,0.0068884941961256255,0.003432603485198424,0.004371044308384805,0.01752317460112917,0.07616533383232811,0.015631548296312435,0.031496627032934925,0.054571474088630605,0.0311398281393188,0.06708645202007067,0.054937327121303156,0.024026680772885122,0.018478635256383723,0.036454193260237334,-0.016617002820052715,0.002536653125751993,-0.0031301243700825342,-0.0013919885713146178,0.03038476568134777
916,0.04992472474174427,0.01896341308048645,0.008341087353553628,0.003967902352046243,0.0016881019001963708,0.013850044793033058,0.077574549730972,0.014341215984037297,0.02975890476249101,0.053280901175898454,0.026552767136775225,0.06542849816208439,0.05400381107961948,0.023471904837653348,0.019457098419967123,0.03738802268632985,-0.016044419205751385,0.0030558822142395014,-0.0,0.0,0.028560330999212596
917,0.052003824534772224,0.016861751393144282,0.009104696376218566,0.003976290060006056,0.004905344728556584,0.014382478805577786,0.07581702971461739,0.014233731126628044,0.031221397764211116,0.05296103835623236,0.027402041387231145,0.06351810425343406,0.05178557227298164,0.025031615812337774,0.019735681676489824,0.03717833679325213,-0.014258752810740636,0.003708736886426247,-0.0,-0.0,0.023955139415217576
918,0.04998170492087685,0.019756284661992952,0.011221827708882331,0.0044106047092339834,0.0046073430600040875,0.01492042554490286,0.07694468248375416,0.01563271271004873,0.030844299543963852,0.05522798281678452,0.02744373572782034,0.06522673512758469,0.0554966108569083,0.02327634147090881,0.022465900753558022,0.04196455198132546,-0.017383498837309337,0.002744013983788951,-0.0028163779134237205,-0.001101331379375928,0.027888626308456583
919,0.05054699462730505,0.018443398872551395,0.009846311920609191,0.004786501046665665,0.0057176203767761264,0.014688110414635955,0.07552211767970467,0.013260164441066626,0.028794530124769176,0.05716420270632947,0.028396043265391347,0.06338900046641024,0.056319904850782074,0.022240465072080523,0.02103488001010329,0.04025555002791112,-0.016701218931564024,0.0029112743815467358,-0.0019419244270556244,-0.0,0.021582244945437836
920,0.051263324018686295,0.017391482437251193,0.010084218866659228,0.0024581378282844055,0.00562372676906811,0.01672983227986041,0.07640585106772291,0.013214642663110593,0.03225915025626291,0.05709789773475418,0.03003841090833821,0.06302629324437536,0.05853707076960356,0.02321841968198748,0.01979923741534485,0.031448266789281386,-0.015923317224394537,0.003952475073453103,-0.0028182028367166314,0.0,0.02598896309692213
921,0.0513610290382225,0.017658703497335084,0.008592674394749701,0.0029665301708521824,0.0040503293918198865,0.016671375481168572,0.07869369765151826,0.013553254884164779,0.029556085469948274,0.05164576227088529,0.02969120242395707,0.0646668557942451,0.05444632324164982,0.023138526099657875,0.018807851318521307,0.03582665515350606,-0.015075888371338313,0.004891104359627744,-0.0,0.0,0.027568818722744234
922,0.05058522590261256,0.019486160673098024,0.00736810171366796,0.003956925848074139,0.006055174544918638,0.015157484912756751,0.0771229613207276,0.0147666040215858,0.028921955237742752,0.052166909323569,0.02927674906676854,0.06540100708640452,0.057634276080745776,0.02214628238202228,0.02091208322018978,0.036959782954006,-0.01549386375915255,0.007198507951315511,-0.0,0.0,0.023386494972688448
923,0.05142521693475435,0.019350938951230332,0.009451284359929004,0.004043943677873377,0.004393009241354555,0.015734064312254017,0.07643093797186196,0.014547692334048751,0.03021453863856342,0.05656093698540509,0.03127727996550875,0.06567057144651856,0.05587394484257142,0.02424070598893347,0.021253915538705054,0.03840961776609468,-0.013499077353930324,0.0037431339187457245,-0.0009364055613403954,-0.0,0.030523866758216077
924,0.05152059301333289,0.017686077503335448,0.011420981974606928,0.0022847287625372653,0.00852990810142568,0.019024161764589508,0.07869204218894757,0.014141230047489798,0.031057749021762008,0.05464349660549155,0.03157172415173605,0.06396204279337499,0.05377808273406255,0.02416154936355928,0.02174566440371778,0.03565758732913962,-0.015357607302646622,0.002928755817839744,-0.0017263354376291162,0.0,0.024102463547646617
925,0.051924892318073713,0.018146959180297708,0.010768325500528822,0.004135253572891148,0.004922849061358076,0.01687826914543149,0.08120354300358208,0.015317323690765484,0.030783916597547166,0.05512304797736011,0.030806053269587696,0.06598263343525561,0.05696762015727834,0.025063763852418326,0.023523738591412765,0.03792156580573406,-0.01644847493617448,0.00409751895724332,-0.004007620951107139,0.0,0.02665016755126323
926,0.050972952969937695,0.0190027964308656,0.011608738090125423,0.003260132970825771,0.0062392784761042775,0.016933326079908363,0.07806810449205516,0.012906109953754399,0.03119699931951338,0.0548874528309339,0.030184691699186843,0.06236801234171099,0.05200808492006062,0.02212956399206938,0.022285465066491345,0.03702695446597935,-0.016123917690695003,0.0029398113376932706,-0.0,0.0,0.026273249644415245
927,0.051860942462679784,0.019070297137022636,0.007962744785548426,0.0022402182072840168,0.004824273335809158,0.016135754354463364,0.07853718015490424,0.013685919595722521,0.028638497414464326,0.05532134899627031,0.02875523451395069,0.06132330690450855,0.05347878674671881,0.02309208849696384,0.02008029277530526,0.03284683815832772,-0.015274306736347151,0.0031001942899914897,-0.0,-0.0,0.02451681833548552
928,0.04992627416626182,0.017227894873869262,0.009592348866659314,0.0017874062279216367,0.002961347411267725,0.014296844140876437,0.07952189902429256,0.015165362589973499,0.028941641156547206,0.05248220375764742,0.030399674538247302,0.06436707122039413,0.05414398090777058,0.021369448395372432,0.02193456978149044,0.036991679506613494,-0.017742909121871427,0.003180721205387282,-0.0,0.0012738338770734402,0.02919596771868558
929,0.05460987417106982,0.020063607812270602,0.014330236279978937,0.00312195172647695,0.004683517018315655,0.014458907918223195,0.07842258377722694,0.01343379553773863,0.030633585386030036,0.05370644040820084,0.031287728662388756,0.06351437055432682,0.054385201497533744,0.021841104116424967,0.01983682137667599,0.03874563324257995,-0.016213964351536183,0.004731530966961473,-0.0015257774820942342,0.0,0.02874567687795604
930,0.05421238535859561,0.018624975329422745,0.008021622215647138,0.0024582216912482032,0.005848510740632372,0.0157791269049283,0.07602568669218995,0.013404559013249915,0.03109578520755628,0.052124553248744904,0.029465178133131546,0.06442514242226832,0.054576962815857465,0.024542130715346337,0.020406097343289974,0.03667066501804687,-0.018050681079938243,0.002959575957579072,-0.0,-0.0,0.026244471668535024
931,0.051220979137948666,0.018303863467724783,0.01068716514142462,0.0032056936328171888,0.005471762452839613,0.019532956399485876,0.07723702340591204,0.015820592802857584,0.03222152319339548,0.05396333917847207,0.03031735153870722,0.0697793432839952,0.05394453460275043,0.021545329431271333,0.021982358937665508,0.036291133036774684,-0.017460987866033572,0.005382180497147594,-0.0,0.0,0.03329326347107206
932,0.05274154455794382,0.018764756159579427,0.011530537266531178,0.005303015425959868,0.005516583913300865,0.018689554427876523,0.07720989654051569,0.013521039392667925,0.03336413372408566,0.05429836518341175,0.03129899161790459,0.06566582962623076,0.05436692153609774,0.02368239074541856,0.021986841296849958,0.037580708759347395,-0.01687934093143343,0.004209558391515822,-0.003022304161743509,0.0007679690862173389,0.0266804133674538
933,0.0517944939946535,0.015422992565509906,0.011599714313631222,0.00419128805033577,0.0069280778538393685,0.017723137193053184,0.07920597104985805,0.01226456977778678,0.030301437109419793,0.053897889278458566,0.031062518469466862,0.06464406183589384,0.053312970120030154,0.0241954349647991,0.020376308585958368,0.035811345004922404,-0.017046882713261855,0.003186977436218847,-0.0038491549845453598,0.0,0.022879963572194895
934,0.05245181332885171,0.018003599331668847,0.011139413784052098,0.0051678979270249215,0.0047163381486738385,0.01807341870702605,0.07733830252154052,0.013014529980320369,0.029976625724645194,0.056584172195847555,0.03103737669283128,0.0647879268103466,0.05395572560023328,0.022548903699032608,0.023359582582189876,0.03848455797912563,-0.016095895870553625,0.005897451517343204,-0.001197046284272386,0.0,0.028186719241118655
935,0.05127098451624289,0.01747544900576414,0.010978478183315371,0.0031128405249814185,0.005183580581459464,0.013795196764710848,0.07873159248706021,0.015312863111257926,0.025845873839536588,0.05306828620935466,0.028271488324327226,0.06282514442196341,0.05595442399966504,0.024413662409585576,0.02226261164979724,0.03595677639211886,-0.015612598801481086,0.0039414215707601515,-0.0022756271151931668,0.0006530020487562217,0.02822243874240438
936,0.053687716645399924,0.019384104379833598,0.010076303614699848,0.005463406660880784,0.006728786982162516,0.014772789981278813,0.0747041142421594,0.01201581614543857,0.03234437714584386,0.05671852568245834,0.03141895099201653,0.06706017481923275,0.05583926072133242,0.02448104754989526,0.022712572768221768,0.04212086883520938,-0.014873402342428252,0.0040059718853550875,-0.0011516023347074439,-0.0,0.029983262897884517
937,0.050158483260085866,0.018422094311685705,0.010340304231754256,0.002273744270748305,0.006599347048744648,0.016250106555956236,0.07816481221699503,0.016489586917784304,0.033571239905160255,0.05188688916515061,0.029997979939104413,0.0629674277710022,0.05883959936313878,0.02143320312218732,0.020294922246420214,0.03778551013939691,-0.015488366954520272,0.0019036667690281043,-0.0010962308227275373,0.0014319189277631195,0.030913019450557765
938,0.05188744339032711,0.020513728179867814,0.010636191570192743,0.001953778385837179,0.006093624433826894,0.016670160627603632,0.07869114959940646,0.012490929232557402,0.03153660494250353,0.056085740882164996,0.02992052064947799,0.06573394569285525,0.05332567174505655,0.023852781532691124,0.02516525649572815,0.03775470181094206,-0.01640737330683387,0.002770022180390291,-0.0018904854265140375,0.0,0.0263403058914992
939,0.0524956693360206,0.018278529206552003,0.01009516305307876,0.0042988488246452,0.0047040296529781995,0.021663192257072552,0.07794998856351569,0.01386030758598293,0.03051365201727435,0.055350350256216437,0.029313475888430095,0.06365774501232063,0.05362015003617965,0.024605962508777366,0.02092139494993855,0.036694556043332965,-0.016495356150967734,0.002058580145262765,-0.002067141535874707,0.0,0.027958482055477133
940,0.050349972369902095,0.020097384578255603,0.008858678604312716,0.0031002372834299627,0.005871512372381177,0.01703256315148157,0.07631948658947413,0.012733171249936436,0.028967318318754404,0.057674723458952123,0.02996251939000721,0.06390976030321806,0.05613007924235611,0.024520323618488445,0.02596621756704043,0.03893645775886776,-0.01711391980799695,0.003958975908811357,-0.0029356370446057263,0.0,0.024339943986861023
941,0.05082755943005432,0.01731944473868735,0.007431640242320545,0.003847145605638551,0.004857401732006604,0.020555172809589177,0.07709263651813905,0.015218031900384656,0.028566452246944905,0.051479155227218076,0.027105742693294684,0.06388003673254605,0.05618553986968527,0.022608589417963117,0.02024902147924198,0.036076833299352185,-0.015073338699127515,0.0031172294001358927,-0.0,0.0,0.027453605347239864
942,0.05048776304847424,0.017743016977067396,0.005131402302713016,0.0033669827876470094,0.003916445734614459,0.017240248697547724,0.07597132655469739,0.012514951878337973,0.031934614170642854,0.05583152325214087,0.026764119814184733,0.06443830248436114,0.05749874414267242,0.022134572539801053,0.02359603922744734,0.03944317704942831,-0.015486012790550289,0.001431626924313361,-0.0,-0.0,0.02380271003855256
943,0.051304712586283704,0.01783076386583985,0.01094198573671554,0.005583678586525629,0.006771446145135478,0.018429323834558302,0.07643490423113046,0.01580635142388475,0.0307570564009062,0.05336252642928,0.030373666641280786,0.06595762793182962,0.05542704133069492,0.023464880800783752,0.023922946575935827,0.03686374634801038,-0.0169168287369857,0.005660008423937897,-0.0014669399530186156,0.0,0.0267954269426599
944,0.05177971180172395,0.019136413588126545,0.009578791593746869,0.002232076488600138,0.005803115626377988,0.016810288982208873,0.07735077786861272,0.015501380417475667,0.03157078368760391,0.053152955570440655,0.02897586935126739,0.06496480734636036,0.05531533262282489,0.024675562372020718,0.020998921839160384,0.03655617921903221,-0.017858181847076205,0.002291978278247611,-0.0,0.0,0.02311491332750567
945,0.05192482741199696,0.020702318562351364,0.011312392378365654,0.0021610055071076923,0.005394049392139665,0.015281329071976737,0.07527414083399978,0.014712861105137224,0.03013811392240025,0.053354093015067695,0.027878888923777094,0.06484387124617029,0.05300330972833596,0.020997439235019955,0.022357821285359316,0.03564655643802186,-0.015497882782554418,0.00530504393994835,-0.0021496141269689937,-0.0010046926836116763,0.030136041440752624
946,0.05566955881336509,0.015934225853429983,0.009926039275785599,0.0023784722421248757,0.0055455216535379,0.014334451602636387,0.07843304769046763,0.015846596458771327,0.03208855578020344,0.055360042698991356,0.03108661222781601,0.06726881612198028,0.05330393701086364,0.0225271007188308,0.023603129864638167,0.035591011643059875,-0.016050935849005212,0.0018537185590171285,-0.0016364266045129458,-0.0,0.026821057004555497
947,0.054169966040268816,0.020294154314944284,0.010704094989704416,0.004308600714293951,0.00599688310062606,0.020043335776726488,0.0784269552626131,0.014743110987122752,0.03041369721179294,0.05517189419393499,0.029951862086075056,0.06594331404868302,0.05742782802392264,0.023799508912734624,0.020218491482484238,0.04010101821929741,-0.017133731213092033,0.003604210252414697,-0.0,-0.0,0.02905793113704002
948,0.051745637472972845,0.019483336719896195,0.010946900995702342,0.0026566533844136573,0.005975527286175948,0.017470222419670268,0.07696943683944803,0.014021836542293085,0.03042030437105737,0.05317495734477649,0.026894999324427588,0.06568548275502009,0.05305259397726342,0.021052376916802,0.022334311594089568,0.03766581928853704,-0.016327279798203104,0.0012639640923812977,-0.0,-0.0,0.02612583986084898
949,0.04989586555803505,0.018956630534563725,0.009431166462603866,0.003233745053510656,0.0025608726834242925,0.01827696535098144,0.07619590570852296,0.014936495794373403,0.031270938684095695,0.05668824775004031,0.03026121739103143,0.0662027331278644,0.0510863070626298,0.02322261446202709,0.021313824186401875,0.03968436113109004,-0.01568724173336781,0.0027097894388571344,-0.0025555153073805715,0.001464070917796699,0.02664371010922259
950,0.053663524577670214,0.017819864526642314,0.011480068613130842,0.004578137717508681,0.004308516164516701,0.01950859088614108,0.07823531760126862,0.016417768770693338,0.03056960493589103,0.05443604209452807,0.03183322272015121,0.06703044692172958,0.054004396317999435,0.024833079645395436,0.02128419831288163,0.037082728162708856,-0.01784013713466696,0.003830973461652879,-0.0009880373471257114,0.0,0.026637094286211856
951,0.050339725130676805,0.02099532873714386,0.010875682184699637,0.0024438673811852988,0.006305093927501752,0.016238747279469997,0.07616129044244647,0.014521261221576112,0.030221369211421913,0.05357750696862433,0.025338133286237515,0.06551382384515611,0.05637519065649278,0.024322483920377162,0.022726339784044865,0.03457768160141475,-0.01766991596115346,0.0036115471341145147,-0.0010850338012533454,0.0,0.025169825362858684
952,0.05381205653709908,0.01901066653460867,0.006911373816584371,0.004528981814384374,0.005987536959663566,0.01624835135484596,0.07813481373567427,0.014409176055478427,0.029859090958502664,0.052129847357619774,0.029153499444921696,0.06271456767427942,0.053614260401967394,0.024298895235117166,0.023899284171179126,0.035953839787710315,-0.018993265391901614,0.0065671296996954575,-0.0013625848217892363,-0.0,0.027399075392048732
953,0.05276381914648106,0.019686228251206236,0.010274616186605273,0.003066284473210055,0.003756330278568885,0.014032972878385978,0.07794364807794202,0.011297580207505677,0.028762822443347647,0.053808065999164975,0.0302817680282479,0.0661314505700275,0.05442160304308686,0.02364679489360071,0.020220762633533593,0.03582192543848916,-0.016912600646754164,0.0031055950341265085,-0.0,0.0,0.02410669630444762
954,0.05196023982782223,0.01958648447061189,0.010218243870127205,0.003988300094238315,0.0065003051188079865,0.02022202697424326,0.07568183739001023,0.015496270929205205,0.030443043815943337,0.054584070889459796,0.031727079337769276,0.06104102085591668,0.054701928466303125,0.023036079001297456,0.0189248947436686,0.03752491983503669,-0.016829321385194027,0.004676145422343246,-0.0018497209668550184,0.0,0.027510436213664103
955,0.05151054788934973,0.018633481768099293,0.00864737400606251,0.0035121429538613994,0.006134977303035575,0.015536580250125295,0.07816822692324606,0.015048581958835313,0.03215184703689717,0.05375714351672924,0.031720149894583875,0.06534410372366041,0.0547761854188172,0.02332190525867853,0.02195948727598149,0.03642334317093423,-0.017157824165411936,0.00459181734183283,-0.0021279533017033304,0.0,0.02509274748120782
956,0.05184627813375313,0.02094094020898036,0.01339184003197954,0.004128689057234187,0.006472964439718806,0.01793435808498865,0.07537200425324421,0.014401190378851316,0.03149046815919733,0.052424838686180246,0.031925189140864986,0.06472745310284253,0.05467555418467059,0.022066108077015423,0.021656540658035878,0.03421135218952235,-0.01832111231245453,0.002370621274797528,-0.0011482401850227604,-0.0,0.028980644759563724
957,0.054269523343898,0.02006006817229062,0.01010011564251011,0.0038594082039673373,0.0058221003514155245,0.016434134791610173,0.07725112112519562,0.012572679121393914,0.029206747034331765,0.05519279099109832,0.03146678990836682,0.06572062946994736,0.05430322876746054,0.025026624849429163,0.021782393989565378,0.038823376976843085,-0.018493114291913543,0.004100102815561729,-0.002416496228952682,0.0,0.030481327233175346
958,0.04991941418208053,0.01996173469571892,0.009152535670544864,0.0027089501097293843,0.003020679819536073,0.013320645596254007,0.07791913038870275,0.015289989971099774,0.03026249803843859,0.05416435474177672,0.02584127748755787,0.06411702254585296,0.05382776703786573,0.02144295524318368,0.01984915727902015,0.03815048483165975,-0.016683485769301766,0.0,-0.0,-0.0,0.024156915022601925
959,0.05116176498607501,0.018000331189767127,0.009508913259073373,0.00048391105641230984,0.003415613842890362,0.015031406917120417,0.0740422161179567,0.014166089098454739,0.032394344541216404,0.051476669281299174,0.025935699714161355,0.062153322184026756,0.0551240283506351,0.02251354893399423,0.019235077750288647,0.03983034414150635,-0.01674545609026486,0.003998376143869016,-0.0013450253689116245,-0.0,0.026831441487116945
960,0.054076311931595726,0.020948177360486733,0.01092695602419874,0.0021266766260785675,0.007091633402596998,0.01578840227337601,0.0777936002184456,0.016773365694017345,0.0313680657193288,0.056888096007139496,0.029575069328210638,0.06304399270790462,0.05557366670054625,0.024469518016779677,0.020384258669877475,0.040907038010558845,-0.015550059620604779,0.003457785824025308,-0.0,0.0,0.02805295995210729
961,0.052734261870753946,0.016709100118087204,0.009650454539396284,0.003918018611708892,0.004638658491736202,0.018588688260697525,0.07616285010797226,0.01645182369794175,0.03101188825378495,0.05772499427813712,0.030472526654786124,0.06293388360913187,0.05512062862655041,0.02465205864214551,0.023682737101266095,0.037686387926291316,-0.013862642147946842,0.002743452832554682,-0.001071189667632855,0.0,0.026374628742262606
962,0.05295710155206244,0.017763878270685044,0.009175503045376312,0.004325787813735494,0.0057461159938427715,0.01393292621594225,0.07800056196541943,0.016617567969456293,0.031627929103985125,0.05652517927457058,0.026418098219069673,0.06347777308700432,0.05379362409162697,0.023432776072398083,0.022327419940090888,0.0366177252447537,-0.017321039705086604,0.003375276684133432,-0.0027905369210889566,0.0,0.028828515868955136
963,0.05190067398047251,0.018058603921766482,0.009885073521153353,0.005036559366720982,0.006274581721537632,0.017742882509674665,0.07926419365472037,0.01572032595017376,0.03155250687376323,0.05220679555634065,0.027025043701090525,0.06524966410700418,0.05453448796547962,0.022364390790488888,0.019457187308079636,0.03453786021698169,-0.0158765405476816,0.005906296667364538,-0.0014793564478028647,0.0,0.026103079126095344
964,0.05128611501251042,0.01854071617893193,0.008220063740962553,0.0,0.006254997936082162,0.017734962641004794,0.07858373680548714,0.016384067236391284,0.034183015331929065,0.052631242292842884,0.025870024484587435,0.06550185473025216,0.05346168101781259,0.020491355438236124,0.022399788871524592,0.03406699353472713,-0.016405790255738847,0.006351488630097968,-0.0037520239032856396,0.0,0.02599170596786063
965,0.053897285612629305,0.01937149666657713,0.010035951669810894,0.004326322028773924,0.008146371543387064,0.017180105743852266,0.0786108977831959,0.015867093258179067,0.03030984629044057,0.05523596102116236,0.027504815326186694,0.0671853522537774,0.05631381524482693,0.024520639223045152,0.022643047064969873,0.03466783545218476,-0.015581544103577365,0.004272743340397743,-0.0018324254532229678,0.0,0.030002712456420444
966,0.05149579260875349,0.017257345729734974,0.008753125747119813,0.0027386298025535026,0.006953907201118221,0.017083915511810828,0.07866468508942684,0.01681465899042953,0.03149613015171597,0.05504712077950786,0.02886813957056707,0.06527631242834388,0.0539503823696905,0.024084664063252943,0.019553162642488006,0.03792557660063477,-0.016039541019962456,0.0035985937754045277,-0.0029246807335655575,0.0,0.02491472125848317
967,0.05140135167644425,0.020386535148221356,0.011743632643778527,0.004821944041869166,0.004369110633446751,0.017996799167950474,0.07673544063724146,0.016500405611623713,0.03164872699382356,0.05474820996903225,0.028072595501539576,0.06417433413881146,0.05791738872570953,0.023526635385972428,0.022092398480252417,0.03456889335128863,-0.015394109064306412,0.0,-0.0,-0.0,0.0291967022732903
968,0.05111881444416457,0.01688995239536115,0.010189988111437799,0.004911142738997176,0.004266442774115541,0.01919872032222812,0.07994666648929706,0.013638790051181833,0.031607985540726594,0.056061809422946154,0.030595403118381603,0.06620527432381776,0.054400216212276115,0.024284286504723612,0.022286341881095875,0.0365044540479688,-0.01838086676605045,0.004809341302970663,-0.0009690371598979222,-0.0,0.024411665920571795
969,0.05375342915141523,0.019031625236479922,0.008730921499788068,0.005005855452471637,0.005331352803331315,0.021732406501263537,0.07781988174100654,0.014813478931552961,0.03102836954614982,0.05441697353482003,0.030845700616927624,0.06591563038494253,0.05400448497012885,0.021735157761510568,0.02122399312925398,0.03422896166309311,-0.017605928129400407,0.0036656265482547428,-0.002096820074110244,0.0,0.02660450727650782
970,0.0497306220637326,0.018209589617232052,0.011420397854529269,0.0038125491520311825,0.007236630292846643,0.020058714196673405,0.07587772573125219,0.014663638865939023,0.030952373694584822,0.054517383319311004,0.031062096276698706,0.06665404824080723,0.054144137471416255,0.024908174082816214,0.021324827470555217,0.0347937269742423,-0.01649877144052281,0.003446344271883695,-0.0,0.0,0.02572875681925073
971,0.05170434472768106,0.017253881499927046,0.011451485686849231,0.0044409931242216545,0.005305719707677285,0.016326897471260985,0.07641363940660706,0.014725730531219972,0.03266239519648903,0.05426622349000525,0.028919585569577223,0.06526058994315903,0.054476694258635355,0.02363535621114086,0.021373901332393926,0.03773979029767995,-0.016067936119538762,0.0023013563604382357,-0.0022467837505939616,0.0,0.02786065636088086
972,0.052143831516865115,0.01735870692416503,0.011420699861977064,0.0037154050598536452,0.006939974786955234,0.014264446714857559,0.07893161419975132,0.014883190259168256,0.030099819642833547,0.056488675383010674,0.025875415611207556,0.06383504791090325,0.05722339703001795,0.020470358760973594,0.02124693169505594,0.03943727714898854,-0.015568000273142361,0.0017381183963849876,-0.0,0.0,0.025717336156536194
973,0.051276672478387186,0.018558362900027506,0.008649187172081425,0.00451201112666885,0.005622242334306391,0.016120031874121626,0.07836946310795095,0.011755994661837922,0.03070233178673339,0.05489963925037231,0.028668990339229972,0.0636947966587691,0.057198927099258,0.021225263504142732,0.022552628645641948,0.03718207889959165,-0.018278191423893902,0.003181352422037556,-0.0014620692325633814,-0.0,0.030437009809779994
974,0.05065584827103762,0.017966825150545686,0.01208624950031117,0.001841905445824327,0.003284046636668982,0.01742790303400482,0.07810627564488427,0.015097767523985256,0.03192611964135269,0.05703061091294986,0.029171467938261805,0.06567126584072588,0.05504395561586067,0.021627564858854958,0.021280975748440897,0.036588106086042946,-0.016316856944903514,0.00371674985313684,-0.0013584137484554267,-0.0,0.025776176876946433
975,0.05006357162718316,0.018934354329768262,0.010793046494183623,0.004188409871222425,0.005687613081103406,0.017012578311768122,0.07523727517120658,0.012920861440546935,0.03112527770608367,0.0552992914363258,0.027604201305120504,0.06532081844367287,0.05410374547107576,0.022655618979677147,0.020960369970103875,0.0376251659859143,-0.01624846660173137,0.00299601585364551,-0.0021870589015073015,0.0,0.029566143877970248
976,0.0541429193343818,0.01795208368730431,0.013688016663816594,0.0017849868623629076,0.008179632634815142,0.019135719651017267,0.07797560315707569,0.012006345233548469,0.03075762516523621,0.05378041308763488,0.02878856512737438,0.06477226430481015,0.054935155716938994,0.021696934467660776,0.019523975085319466,0.03598152506698833,-0.01859654370721348,0.004896374314265967,-0.002131408703308189,0.0034504789491204457,0.02897552235972612
977,0.04855734132076356,0.018718910473717675,0.011645518091345695,0.003987539475149852,0.007628809879036063,0.016898839401777103,0.07648880087925378,0.013664631620906871,0.03215448708560253,0.05193141847731492,0.03185465415386375,0.06225914840944839,0.052807621843545975,0.021842398538694012,0.022735310038908055,0.039176792232572574,-0.017267395401673297,0.0057650204149490274,-0.0012098307103730588,0.0,0.02839187417934764
978,0.050800556719573814,0.016255750775117518,0.01011666873578385,0.005269163626623054,0.00576126480093027,0.019693757610200535,0.07675107486914408,0.016187878612889315,0.02938717708051637,0.05120303063252504,0.030838185355491737,0.06551991366408542,0.05484012249525574,0.0220317526176135,0.02142135446382403,0.03522868087078992,-0.018895053018929388,0.004253888547141868,-0.002062682319135463,0.001083163910256006,0.027655243827673485
979,0.05136089208480828,0.01932845569688453,0.008128966806796496,0.003660875602696674,0.008757499530258563,0.017377882452541446,0.07857545513690106,0.014499611077978543,0.02992431767356739,0.053840850262942525,0.03076372338940814,0.06467576436567979,0.05499402382024208,0.024057406192174523,0.021751337514030585,0.034595700286248025,-0.01602590850106094,0.002436117349690741,-0.0017501202576815766,0.0,0.0253218920837282
980,0.048978400732938736,0.018510334589316058,0.00809236572347604,0.006231344571366746,0.006768721215118109,0.01759655076941124,0.07701088859323399,0.017299359999516678,0.031360037477807655,0.054252558748359235,0.029531560301396108,0.0660433903599149,0.05301606994469545,0.022682872303776316,0.021306915063848575,0.037264169627156576,-0.016619440743362163,0.004083792720208754,-0.0,0.0,0.0261940759701625
981,0.052002019159344465,0.017044880824805014,0.010192858587050968,0.0025715114151347194,0.0050746848454889144,0.015967144451681972,0.07794273653521103,0.015011129525204206,0.03072806307148939,0.054280715534368425,0.030144874572312002,0.06633633772775412,0.05731727074566756,0.02153453610709757,0.021686658245369226,0.036365517361157056,-0.018477218140727246,0.004038028014008384,-0.0,0.0,0.027394749073819686
982,0.049761218474617605,0.019772408752860723,0.00846332728236267,0.0064455822376462135,0.006278845033174307,0.016804349399614102,0.07531007975967498,0.016709340666457035,0.032112620060364035,0.05500508017156349,0.032447133864960856,0.06361147606021841,0.05105390028149915,0.022435348090962214,0.01989932195363068,0.03668121324123751,-0.016294423286552347,0.0031589363948073476,-0.0012359456088509206,-0.0,0.02873776297265089
983,0.048842422770981476,0.019092688733558915,0.007002861795816035,0.0052475342817056795,0.007756442308276195,0.01903707908537446,0.07814244160609052,0.016302489631772967,0.030791704921577213,0.0529239671594952,0.030767400826871787,0.06524170953853124,0.05264556517409735,0.021615726411008142,0.024853978573499882,0.03706623863109605,-0.015123802436045344,0.003522176832397582,-0.0023543046297257266,-0.0,0.026607867359393748
984,0.05021824327666655,0.016580611951379418,0.009158616763284284,0.002232176965677986,0.005639359226957901,0.015070693874433235,0.07712392834701058,0.014539076129754842,0.029522938181368242,0.053885935671335414,0.028698137913474295,0.06565890841727035,0.052541911654761686,0.021654813931127666,0.01952547419438592,0.038568619841483104,-0.01605456610035219,0.0,-0.0,0.0,0.02559778847562122
985,0.05178173687848132,0.01685504863756597,0.008905292914123772,0.005852382752476179,0.00918590699465486,0.014598979893080592,0.07569836912707842,0.015015582168313148,0.029824418684536003,0.053895744032153345,0.03224280979075436,0.06343920686780713,0.05539857640921373,0.02317273891942824,0.02111571099051652,0.03300474724557448,-0.015210148350782335,0.0012533698951983144,-0.0009122170995115626,0.0023537098793965576,0.02573537451861347
986,0.05075810901688774,0.01871254089069526,0.011510568620053572,0.0015744620614872183,0.005608488100189241,0.017485740097008345,0.07653271291568454,0.013678251830361011,0.030727772718112105,0.05512842806253918,0.031731781724381604,0.06542655244634678,0.05343239501326552,0.022357070586193437,0.021850544845210363,0.0381064322429823,-0.016745826564448334,0.003854595455615757,-0.0013255061921778292,0.0024979230592426438,0.025853822881055442
987,0.0527040780172081,0.017626696666076754,0.007116555760485176,0.001316718870930389,0.0026474153344119406,0.016538574926648075,0.07706483693599232,0.012754502040821618,0.03363941200334566,0.05645283392715107,0.031294280207579565,0.06380315023874755,0.053932227528790476,0.021606098393587833,0.023238198074936798,0.035034295196719405,-0.014321716477399844,0.002924440595578223,-0.001267067531160546,0.0,0.025000520948243864
988,0.04951608794737004,0.016880620110861503,0.009153577348763726,0.0027267686211166864,0.005201149965948573,0.01817163019172201,0.07592915585870222,0.01495200705518698,0.030313689201091586,0.05609400237264702,0.028850902558154538,0.06482151624644839,0.053603489132245406,0.022851158003296193,0.02147855234713809,0.033121444495885714,-0.014522498386833768,0.0038029824910623964,0.0,0.0,0.026237546819361152
989,0.05029715196389532,0.018995327117403805,0.011711625104791307,0.004480764260596597,0.00476491378737088,0.0214448327122118,0.07809886867842401,0.015300915697476979,0.031016199130804365,0.05474293826712878,0.03269315049519178,0.06805315073262329,0.0543023720734794,0.02260856688394124,0.02163010328160811,0.034687133039630474,-0.01655177915113378,0.003037389348928759,-0.0,0.0,0.022642998974901563
990,0.05191827958833869,0.019899631749015975,0.010983377227952394,0.003571959627685351,0.00601933558163159,0.022930323926822548,0.07995110857876767,0.01356261073247945,0.03221372407872219,0.0526848915096038,0.030902039338137493,0.06551590071998012,0.05457359865888672,0.023813008038382173,0.019876611016089847,0.034430058876424495,-0.017596252361061333,0.004410622476346369,-0.0019013988756448772,-0.0,0.026082823477301505
991,0.05168496284658176,0.019070915368017995,0.010370936541183826,0.0013633096699554865,0.004109670100938817,0.019224165942855836,0.07818177840679334,0.013365804843851229,0.02972869203630907,0.05531639129099424,0.0297779058387423,0.06364821576739223,0.056184117418793575,0.021809932194256747,0.019798190980144768,0.03707615761331914,-0.014320118422881053,0.004707786238371325,0.0,0.0,0.03080882344095419
992,0.0524601132519565,0.019742500432959782,0.009764117142201963,0.0035839995644376703,0.005446918304015019,0.01773496424404292,0.07764500461334223,0.013955126708165566,0.029745200369602005,0.053407905657437874,0.028794313581195625,0.06300142751723437,0.055380869251600455,0.0230556026634081,0.022993975553998434,0.036994568936356415,-0.016197773067945016,0.0,-0.0,0.0,0.027328953424185773
993,0.05316727432615486,0.02025130631849453,0.01000151917502565,0.003004713925860094,0.007046469923786856,0.01683869005952172,0.07738606800895009,0.015613941013980571,0.028485770814944255,0.056910492211510705,0.02959235391386142,0.06452582455971671,0.05468718733952859,0.022615306176890514,0.021351701975785516,0.036844247580517894,-0.0179559000987184,0.004536613609154582,-0.002817258393799691,0.0,0.02355363617732351
994,0.051221893139471966,0.02093788500358946,0.007396179244056632,0.0019665325313422185,0.006276800003009204,0.015862505066113045,0.0779464532139151,0.01442485644694049,0.03130354359336622,0.0560811769754976,0.029336607249900577,0.06715099967552207,0.05804814529385532,0.023796901903900432,0.023076174406651617,0.03612572998145124,-0.01461859048508627,0.003836595362796627,-0.004212319233287783,0.0006656445038079967,0.028753796804106963
995,0.05120825298711391,0.017425177534520834,0.010888032301577361,0.0018543060904385707,0.007805488518274637,0.015984286989157298,0.07795471814755223,0.01337944032519972,0.030841467183203797,0.05763620871476858,0.028960963848968534,0.06547889870209661,0.055612733655386416,0.020740197011703557,0.020922739350331888,0.03917491514867556,-0.016357828328104364,0.0030205403801402985,-0.0,-0.0,0.02766777294891886
996,0.05235991297843721,0.018930525904882544,0.0082005250108343,0.0028422574992781956,0.003839987829018228,0.016395287778670158,0.07811185809008839,0.014088384890326442,0.029315526396099634,0.05584412910557817,0.02877125584986038,0.06656403608645903,0.0546091672556192,0.022876536022155558,0.02300286723928876,0.039520921888416126,-0.01415375135598715,0.005144800415026065,-0.0021450900626046434,-0.0,0.02701059167085565
997,0.051784093501622455,0.01939449211960933,0.010868431570946885,0.0035933911196080275,0.007378877710247614,0.013967936936027242,0.07739875524462116,0.01519629267857727,0.03066257747404485,0.05414683607298311,0.02894251775700292,0.06690543909958595,0.05297634327785323,0.024272815949600363,0.023340356933056708,0.035588141866788235,-0.017482256658194726,0.002374107681309783,-0.0031401826388159884,0.0016556265395926224,0.026622520442517898
998,0.05240670788737483,0.02057859992762791,0.009329142150882774,0.0,0.0040588002833824,0.020396887303293473,0.07762376208176436,0.014823558098044027,0.030210275570516615,0.052212478175313125,0.029973920574060734,0.06197249411212847,0.05473036089276114,0.022637429567871646,0.019317782704290607,0.03909651235464493,-0.016308846952829668,0.000682564718537075,-0.0,0.0,0.02465370583301241
999,0.05162576621817658,0.01828377477861666,0.00767992555225957,0.00179574521615412,0.0034743704452028126,0.018521027123805565,0.07826027265843462,0.01343248046962844,0.030929264013299897,0.053952606943658186,0.025365882966926098,0.06298650295142555,0.05439591437237824,0.02138636770868077,0.02122422662851445,0.034485374090411934,-0.015231553498053142,0.003755581121236487,-0.0,0.0,0.027061738154938328
